2025-08-26T22:15:30.726+09:00  INFO 14164 --- [MySpringBootLab] [main] c.r.m.repository.BookRepositoryTest      : Starting BookRepositoryTest using Java 17.0.2 with PID 14164 (started by user in C:\mybackend\springBoot\MySpringbootLab)
2025-08-26T22:15:30.731+09:00  INFO 14164 --- [MySpringBootLab] [main] c.r.m.repository.BookRepositoryTest      : The following 1 profile is active: "prod"
2025-08-26T22:15:31.327+09:00  INFO 14164 --- [MySpringBootLab] [main] .s.d.r.c.RepositoryConfigurationDelegate : Bootstrapping Spring Data JPA repositories in DEFAULT mode.
2025-08-26T22:15:31.387+09:00  INFO 14164 --- [MySpringBootLab] [main] .s.d.r.c.RepositoryConfigurationDelegate : Finished Spring Data repository scanning in 41 ms. Found 2 JPA repository interfaces.
2025-08-26T22:15:31.439+09:00  INFO 14164 --- [MySpringBootLab] [main] beddedDataSourceBeanFactoryPostProcessor : Replacing 'dataSource' DataSource bean with embedded version
2025-08-26T22:15:31.574+09:00  INFO 14164 --- [MySpringBootLab] [main] o.s.j.d.e.EmbeddedDatabaseFactory        : Starting embedded database: url='jdbc:h2:mem:765822fb-f798-426a-8f69-bd07e364516c;DB_CLOSE_DELAY=-1;DB_CLOSE_ON_EXIT=false', username='sa'
2025-08-26T22:15:31.836+09:00  INFO 14164 --- [MySpringBootLab] [main] o.hibernate.jpa.internal.util.LogHelper  : HHH000204: Processing PersistenceUnitInfo [name: default]
2025-08-26T22:15:31.877+09:00  INFO 14164 --- [MySpringBootLab] [main] org.hibernate.Version                    : HHH000412: Hibernate ORM core version 6.6.22.Final
2025-08-26T22:15:31.897+09:00  INFO 14164 --- [MySpringBootLab] [main] o.h.c.internal.RegionFactoryInitiator    : HHH000026: Second-level cache disabled
2025-08-26T22:15:32.127+09:00  INFO 14164 --- [MySpringBootLab] [main] o.s.o.j.p.SpringPersistenceUnitInfo      : No LoadTimeWeaver setup: ignoring JPA class transformer
2025-08-26T22:15:32.196+09:00  WARN 14164 --- [MySpringBootLab] [main] org.hibernate.dialect.Dialect            : HHH000511: The 2.3.232 version for [org.hibernate.dialect.MariaDBDialect] is no longer supported, hence certain features may not work properly. The minimum supported version is 10.4.0. Check the community dialects project for available legacy versions.
2025-08-26T22:15:32.202+09:00  WARN 14164 --- [MySpringBootLab] [main] org.hibernate.orm.deprecation            : HHH90000025: MariaDBDialect does not need to be specified explicitly using 'hibernate.dialect' (remove the property setting and it will be selected by default)
2025-08-26T22:15:32.235+09:00  INFO 14164 --- [MySpringBootLab] [main] org.hibernate.orm.connections.pooling    : HHH10001005: Database info:
	Database JDBC URL [Connecting through datasource 'org.springframework.jdbc.datasource.embedded.EmbeddedDatabaseFactory$EmbeddedDataSourceProxy@19eea77c']
	Database driver: undefined/unknown
	Database version: 2.3.232
	Autocommit mode: undefined/unknown
	Isolation level: undefined/unknown
	Minimum pool size: undefined/unknown
	Maximum pool size: undefined/unknown
2025-08-26T22:15:32.883+09:00  INFO 14164 --- [MySpringBootLab] [main] o.h.e.t.j.p.i.JtaPlatformInitiator       : HHH000489: No JTA platform available (set 'hibernate.transaction.jta.platform' to enable JTA platform integration)
2025-08-26T22:15:32.896+09:00  WARN 14164 --- [MySpringBootLab] [main] o.h.t.s.i.ExceptionHandlerLoggedImpl     : GenerationTarget encountered exception accepting command : Error executing DDL "alter table book_details drop foreign key if exists FKoa7sqrtgxwg066s9521udtvpv" via JDBC [Table "BOOK_DETAILS" not found (this database is empty);]

org.hibernate.tool.schema.spi.CommandAcceptanceException: Error executing DDL "alter table book_details drop foreign key if exists FKoa7sqrtgxwg066s9521udtvpv" via JDBC [Table "BOOK_DETAILS" not found (this database is empty);]
	at org.hibernate.tool.schema.internal.exec.GenerationTargetToDatabase.accept(GenerationTargetToDatabase.java:94) ~[hibernate-core-6.6.22.Final.jar:6.6.22.Final]
	at org.hibernate.tool.schema.internal.Helper.applySqlString(Helper.java:233) ~[hibernate-core-6.6.22.Final.jar:6.6.22.Final]
	at org.hibernate.tool.schema.internal.Helper.applySqlStrings(Helper.java:217) ~[hibernate-core-6.6.22.Final.jar:6.6.22.Final]
	at org.hibernate.tool.schema.internal.SchemaDropperImpl.applyConstraintDropping(SchemaDropperImpl.java:479) ~[hibernate-core-6.6.22.Final.jar:6.6.22.Final]
	at org.hibernate.tool.schema.internal.SchemaDropperImpl.dropConstraintsTablesSequences(SchemaDropperImpl.java:245) ~[hibernate-core-6.6.22.Final.jar:6.6.22.Final]
	at org.hibernate.tool.schema.internal.SchemaDropperImpl.dropFromMetadata(SchemaDropperImpl.java:218) ~[hibernate-core-6.6.22.Final.jar:6.6.22.Final]
	at org.hibernate.tool.schema.internal.SchemaDropperImpl.performDrop(SchemaDropperImpl.java:186) ~[hibernate-core-6.6.22.Final.jar:6.6.22.Final]
	at org.hibernate.tool.schema.internal.SchemaDropperImpl.doDrop(SchemaDropperImpl.java:156) ~[hibernate-core-6.6.22.Final.jar:6.6.22.Final]
	at org.hibernate.tool.schema.internal.SchemaDropperImpl.doDrop(SchemaDropperImpl.java:116) ~[hibernate-core-6.6.22.Final.jar:6.6.22.Final]
	at org.hibernate.tool.schema.spi.SchemaManagementToolCoordinator.performDatabaseAction(SchemaManagementToolCoordinator.java:238) ~[hibernate-core-6.6.22.Final.jar:6.6.22.Final]
	at org.hibernate.tool.schema.spi.SchemaManagementToolCoordinator.lambda$process$5(SchemaManagementToolCoordinator.java:144) ~[hibernate-core-6.6.22.Final.jar:6.6.22.Final]
	at java.base/java.util.HashMap.forEach(HashMap.java:1421) ~[na:na]
	at org.hibernate.tool.schema.spi.SchemaManagementToolCoordinator.process(SchemaManagementToolCoordinator.java:141) ~[hibernate-core-6.6.22.Final.jar:6.6.22.Final]
	at org.hibernate.boot.internal.SessionFactoryObserverForSchemaExport.sessionFactoryCreated(SessionFactoryObserverForSchemaExport.java:37) ~[hibernate-core-6.6.22.Final.jar:6.6.22.Final]
	at org.hibernate.internal.SessionFactoryObserverChain.sessionFactoryCreated(SessionFactoryObserverChain.java:35) ~[hibernate-core-6.6.22.Final.jar:6.6.22.Final]
	at org.hibernate.internal.SessionFactoryImpl.<init>(SessionFactoryImpl.java:324) ~[hibernate-core-6.6.22.Final.jar:6.6.22.Final]
	at org.hibernate.boot.internal.SessionFactoryBuilderImpl.build(SessionFactoryBuilderImpl.java:463) ~[hibernate-core-6.6.22.Final.jar:6.6.22.Final]
	at org.hibernate.jpa.boot.internal.EntityManagerFactoryBuilderImpl.build(EntityManagerFactoryBuilderImpl.java:1517) ~[hibernate-core-6.6.22.Final.jar:6.6.22.Final]
	at org.springframework.orm.jpa.vendor.SpringHibernateJpaPersistenceProvider.createContainerEntityManagerFactory(SpringHibernateJpaPersistenceProvider.java:66) ~[spring-orm-6.2.9.jar:6.2.9]
	at org.springframework.orm.jpa.LocalContainerEntityManagerFactoryBean.createNativeEntityManagerFactory(LocalContainerEntityManagerFactoryBean.java:390) ~[spring-orm-6.2.9.jar:6.2.9]
	at org.springframework.orm.jpa.AbstractEntityManagerFactoryBean.buildNativeEntityManagerFactory(AbstractEntityManagerFactoryBean.java:419) ~[spring-orm-6.2.9.jar:6.2.9]
	at org.springframework.orm.jpa.AbstractEntityManagerFactoryBean.afterPropertiesSet(AbstractEntityManagerFactoryBean.java:400) ~[spring-orm-6.2.9.jar:6.2.9]
	at org.springframework.orm.jpa.LocalContainerEntityManagerFactoryBean.afterPropertiesSet(LocalContainerEntityManagerFactoryBean.java:366) ~[spring-orm-6.2.9.jar:6.2.9]
	at org.springframework.beans.factory.support.AbstractAutowireCapableBeanFactory.invokeInitMethods(AbstractAutowireCapableBeanFactory.java:1873) ~[spring-beans-6.2.9.jar:6.2.9]
	at org.springframework.beans.factory.support.AbstractAutowireCapableBeanFactory.initializeBean(AbstractAutowireCapableBeanFactory.java:1822) ~[spring-beans-6.2.9.jar:6.2.9]
	at org.springframework.beans.factory.support.AbstractAutowireCapableBeanFactory.doCreateBean(AbstractAutowireCapableBeanFactory.java:607) ~[spring-beans-6.2.9.jar:6.2.9]
	at org.springframework.beans.factory.support.AbstractAutowireCapableBeanFactory.createBean(AbstractAutowireCapableBeanFactory.java:529) ~[spring-beans-6.2.9.jar:6.2.9]
	at org.springframework.beans.factory.support.AbstractBeanFactory.lambda$doGetBean$0(AbstractBeanFactory.java:339) ~[spring-beans-6.2.9.jar:6.2.9]
	at org.springframework.beans.factory.support.DefaultSingletonBeanRegistry.getSingleton(DefaultSingletonBeanRegistry.java:373) ~[spring-beans-6.2.9.jar:6.2.9]
	at org.springframework.beans.factory.support.AbstractBeanFactory.doGetBean(AbstractBeanFactory.java:337) ~[spring-beans-6.2.9.jar:6.2.9]
	at org.springframework.beans.factory.support.AbstractBeanFactory.getBean(AbstractBeanFactory.java:207) ~[spring-beans-6.2.9.jar:6.2.9]
	at org.springframework.context.support.AbstractApplicationContext.finishBeanFactoryInitialization(AbstractApplicationContext.java:970) ~[spring-context-6.2.9.jar:6.2.9]
	at org.springframework.context.support.AbstractApplicationContext.refresh(AbstractApplicationContext.java:627) ~[spring-context-6.2.9.jar:6.2.9]
	at org.springframework.boot.SpringApplication.refresh(SpringApplication.java:752) ~[spring-boot-3.4.8.jar:3.4.8]
	at org.springframework.boot.SpringApplication.refreshContext(SpringApplication.java:439) ~[spring-boot-3.4.8.jar:3.4.8]
	at org.springframework.boot.SpringApplication.run(SpringApplication.java:318) ~[spring-boot-3.4.8.jar:3.4.8]
	at org.springframework.boot.test.context.SpringBootContextLoader.lambda$loadContext$3(SpringBootContextLoader.java:144) ~[spring-boot-test-3.4.8.jar:3.4.8]
	at org.springframework.util.function.ThrowingSupplier.get(ThrowingSupplier.java:58) ~[spring-core-6.2.9.jar:6.2.9]
	at org.springframework.util.function.ThrowingSupplier.get(ThrowingSupplier.java:46) ~[spring-core-6.2.9.jar:6.2.9]
	at org.springframework.boot.SpringApplication.withHook(SpringApplication.java:1461) ~[spring-boot-3.4.8.jar:3.4.8]
	at org.springframework.boot.test.context.SpringBootContextLoader$ContextLoaderHook.run(SpringBootContextLoader.java:563) ~[spring-boot-test-3.4.8.jar:3.4.8]
	at org.springframework.boot.test.context.SpringBootContextLoader.loadContext(SpringBootContextLoader.java:144) ~[spring-boot-test-3.4.8.jar:3.4.8]
	at org.springframework.boot.test.context.SpringBootContextLoader.loadContext(SpringBootContextLoader.java:110) ~[spring-boot-test-3.4.8.jar:3.4.8]
	at org.springframework.test.context.cache.DefaultCacheAwareContextLoaderDelegate.loadContextInternal(DefaultCacheAwareContextLoaderDelegate.java:225) ~[spring-test-6.2.9.jar:6.2.9]
	at org.springframework.test.context.cache.DefaultCacheAwareContextLoaderDelegate.loadContext(DefaultCacheAwareContextLoaderDelegate.java:152) ~[spring-test-6.2.9.jar:6.2.9]
	at org.springframework.test.context.support.DefaultTestContext.getApplicationContext(DefaultTestContext.java:130) ~[spring-test-6.2.9.jar:6.2.9]
	at org.springframework.test.context.support.DependencyInjectionTestExecutionListener.injectDependencies(DependencyInjectionTestExecutionListener.java:155) ~[spring-test-6.2.9.jar:6.2.9]
	at org.springframework.test.context.support.DependencyInjectionTestExecutionListener.prepareTestInstance(DependencyInjectionTestExecutionListener.java:111) ~[spring-test-6.2.9.jar:6.2.9]
	at org.springframework.test.context.TestContextManager.prepareTestInstance(TestContextManager.java:260) ~[spring-test-6.2.9.jar:6.2.9]
	at org.springframework.test.context.junit.jupiter.SpringExtension.postProcessTestInstance(SpringExtension.java:159) ~[spring-test-6.2.9.jar:6.2.9]
	at org.junit.jupiter.engine.descriptor.ClassBasedTestDescriptor.lambda$invokeTestInstancePostProcessors$11(ClassBasedTestDescriptor.java:378) ~[junit-jupiter-engine-5.11.4.jar:5.11.4]
	at org.junit.jupiter.engine.descriptor.ClassBasedTestDescriptor.executeAndMaskThrowable(ClassBasedTestDescriptor.java:383) ~[junit-jupiter-engine-5.11.4.jar:5.11.4]
	at org.junit.jupiter.engine.descriptor.ClassBasedTestDescriptor.lambda$invokeTestInstancePostProcessors$12(ClassBasedTestDescriptor.java:378) ~[junit-jupiter-engine-5.11.4.jar:5.11.4]
	at java.base/java.util.stream.ForEachOps$ForEachOp$OfRef.accept(ForEachOps.java:183) ~[na:na]
	at java.base/java.util.stream.ReferencePipeline$3$1.accept(ReferencePipeline.java:197) ~[na:na]
	at java.base/java.util.stream.ReferencePipeline$2$1.accept(ReferencePipeline.java:179) ~[na:na]
	at java.base/java.util.stream.ReferencePipeline$3$1.accept(ReferencePipeline.java:197) ~[na:na]
	at java.base/java.util.ArrayList$ArrayListSpliterator.forEachRemaining(ArrayList.java:1625) ~[na:na]
	at java.base/java.util.stream.AbstractPipeline.copyInto(AbstractPipeline.java:509) ~[na:na]
	at java.base/java.util.stream.AbstractPipeline.wrapAndCopyInto(AbstractPipeline.java:499) ~[na:na]
	at java.base/java.util.stream.ForEachOps$ForEachOp.evaluateSequential(ForEachOps.java:150) ~[na:na]
	at java.base/java.util.stream.ForEachOps$ForEachOp$OfRef.evaluateSequential(ForEachOps.java:173) ~[na:na]
	at java.base/java.util.stream.AbstractPipeline.evaluate(AbstractPipeline.java:234) ~[na:na]
	at java.base/java.util.stream.ReferencePipeline.forEach(ReferencePipeline.java:596) ~[na:na]
	at org.junit.jupiter.engine.descriptor.ClassBasedTestDescriptor.invokeTestInstancePostProcessors(ClassBasedTestDescriptor.java:377) ~[junit-jupiter-engine-5.11.4.jar:5.11.4]
	at org.junit.jupiter.engine.descriptor.ClassBasedTestDescriptor.lambda$instantiateAndPostProcessTestInstance$7(ClassBasedTestDescriptor.java:290) ~[junit-jupiter-engine-5.11.4.jar:5.11.4]
	at org.junit.platform.engine.support.hierarchical.ThrowableCollector.execute(ThrowableCollector.java:73) ~[junit-platform-engine-1.11.4.jar:1.11.4]
	at org.junit.jupiter.engine.descriptor.ClassBasedTestDescriptor.instantiateAndPostProcessTestInstance(ClassBasedTestDescriptor.java:289) ~[junit-jupiter-engine-5.11.4.jar:5.11.4]
	at org.junit.jupiter.engine.descriptor.ClassBasedTestDescriptor.lambda$testInstancesProvider$5(ClassBasedTestDescriptor.java:279) ~[junit-jupiter-engine-5.11.4.jar:5.11.4]
	at java.base/java.util.Optional.orElseGet(Optional.java:364) ~[na:na]
	at org.junit.jupiter.engine.descriptor.ClassBasedTestDescriptor.lambda$testInstancesProvider$6(ClassBasedTestDescriptor.java:278) ~[junit-jupiter-engine-5.11.4.jar:5.11.4]
	at org.junit.jupiter.engine.execution.TestInstancesProvider.getTestInstances(TestInstancesProvider.java:31) ~[junit-jupiter-engine-5.11.4.jar:5.11.4]
	at org.junit.jupiter.engine.descriptor.TestMethodTestDescriptor.lambda$prepare$1(TestMethodTestDescriptor.java:105) ~[junit-jupiter-engine-5.11.4.jar:5.11.4]
	at org.junit.platform.engine.support.hierarchical.ThrowableCollector.execute(ThrowableCollector.java:73) ~[junit-platform-engine-1.11.4.jar:1.11.4]
	at org.junit.jupiter.engine.descriptor.TestMethodTestDescriptor.prepare(TestMethodTestDescriptor.java:104) ~[junit-jupiter-engine-5.11.4.jar:5.11.4]
	at org.junit.jupiter.engine.descriptor.TestMethodTestDescriptor.prepare(TestMethodTestDescriptor.java:68) ~[junit-jupiter-engine-5.11.4.jar:5.11.4]
	at org.junit.platform.engine.support.hierarchical.NodeTestTask.lambda$prepare$2(NodeTestTask.java:128) ~[junit-platform-engine-1.11.4.jar:1.11.4]
	at org.junit.platform.engine.support.hierarchical.ThrowableCollector.execute(ThrowableCollector.java:73) ~[junit-platform-engine-1.11.4.jar:1.11.4]
	at org.junit.platform.engine.support.hierarchical.NodeTestTask.prepare(NodeTestTask.java:128) ~[junit-platform-engine-1.11.4.jar:1.11.4]
	at org.junit.platform.engine.support.hierarchical.NodeTestTask.execute(NodeTestTask.java:95) ~[junit-platform-engine-1.11.4.jar:1.11.4]
	at java.base/java.util.ArrayList.forEach(ArrayList.java:1511) ~[na:na]
	at org.junit.platform.engine.support.hierarchical.SameThreadHierarchicalTestExecutorService.invokeAll(SameThreadHierarchicalTestExecutorService.java:41) ~[junit-platform-engine-1.11.4.jar:1.11.4]
	at org.junit.platform.engine.support.hierarchical.NodeTestTask.lambda$executeRecursively$6(NodeTestTask.java:160) ~[junit-platform-engine-1.11.4.jar:1.11.4]
	at org.junit.platform.engine.support.hierarchical.ThrowableCollector.execute(ThrowableCollector.java:73) ~[junit-platform-engine-1.11.4.jar:1.11.4]
	at org.junit.platform.engine.support.hierarchical.NodeTestTask.lambda$executeRecursively$8(NodeTestTask.java:146) ~[junit-platform-engine-1.11.4.jar:1.11.4]
	at org.junit.platform.engine.support.hierarchical.Node.around(Node.java:137) ~[junit-platform-engine-1.11.4.jar:1.11.4]
	at org.junit.platform.engine.support.hierarchical.NodeTestTask.lambda$executeRecursively$9(NodeTestTask.java:144) ~[junit-platform-engine-1.11.4.jar:1.11.4]
	at org.junit.platform.engine.support.hierarchical.ThrowableCollector.execute(ThrowableCollector.java:73) ~[junit-platform-engine-1.11.4.jar:1.11.4]
	at org.junit.platform.engine.support.hierarchical.NodeTestTask.executeRecursively(NodeTestTask.java:143) ~[junit-platform-engine-1.11.4.jar:1.11.4]
	at org.junit.platform.engine.support.hierarchical.NodeTestTask.execute(NodeTestTask.java:100) ~[junit-platform-engine-1.11.4.jar:1.11.4]
	at java.base/java.util.ArrayList.forEach(ArrayList.java:1511) ~[na:na]
	at org.junit.platform.engine.support.hierarchical.SameThreadHierarchicalTestExecutorService.invokeAll(SameThreadHierarchicalTestExecutorService.java:41) ~[junit-platform-engine-1.11.4.jar:1.11.4]
	at org.junit.platform.engine.support.hierarchical.NodeTestTask.lambda$executeRecursively$6(NodeTestTask.java:160) ~[junit-platform-engine-1.11.4.jar:1.11.4]
	at org.junit.platform.engine.support.hierarchical.ThrowableCollector.execute(ThrowableCollector.java:73) ~[junit-platform-engine-1.11.4.jar:1.11.4]
	at org.junit.platform.engine.support.hierarchical.NodeTestTask.lambda$executeRecursively$8(NodeTestTask.java:146) ~[junit-platform-engine-1.11.4.jar:1.11.4]
	at org.junit.platform.engine.support.hierarchical.Node.around(Node.java:137) ~[junit-platform-engine-1.11.4.jar:1.11.4]
	at org.junit.platform.engine.support.hierarchical.NodeTestTask.lambda$executeRecursively$9(NodeTestTask.java:144) ~[junit-platform-engine-1.11.4.jar:1.11.4]
	at org.junit.platform.engine.support.hierarchical.ThrowableCollector.execute(ThrowableCollector.java:73) ~[junit-platform-engine-1.11.4.jar:1.11.4]
	at org.junit.platform.engine.support.hierarchical.NodeTestTask.executeRecursively(NodeTestTask.java:143) ~[junit-platform-engine-1.11.4.jar:1.11.4]
	at org.junit.platform.engine.support.hierarchical.NodeTestTask.execute(NodeTestTask.java:100) ~[junit-platform-engine-1.11.4.jar:1.11.4]
	at org.junit.platform.engine.support.hierarchical.SameThreadHierarchicalTestExecutorService.submit(SameThreadHierarchicalTestExecutorService.java:35) ~[junit-platform-engine-1.11.4.jar:1.11.4]
	at org.junit.platform.engine.support.hierarchical.HierarchicalTestExecutor.execute(HierarchicalTestExecutor.java:57) ~[junit-platform-engine-1.11.4.jar:1.11.4]
	at org.junit.platform.engine.support.hierarchical.HierarchicalTestEngine.execute(HierarchicalTestEngine.java:54) ~[junit-platform-engine-1.11.4.jar:1.11.4]
	at org.junit.platform.launcher.core.EngineExecutionOrchestrator.execute(EngineExecutionOrchestrator.java:198) ~[junit-platform-launcher-1.11.4.jar:1.11.4]
	at org.junit.platform.launcher.core.EngineExecutionOrchestrator.execute(EngineExecutionOrchestrator.java:169) ~[junit-platform-launcher-1.11.4.jar:1.11.4]
	at org.junit.platform.launcher.core.EngineExecutionOrchestrator.execute(EngineExecutionOrchestrator.java:93) ~[junit-platform-launcher-1.11.4.jar:1.11.4]
	at org.junit.platform.launcher.core.EngineExecutionOrchestrator.lambda$execute$0(EngineExecutionOrchestrator.java:58) ~[junit-platform-launcher-1.11.4.jar:1.11.4]
	at org.junit.platform.launcher.core.EngineExecutionOrchestrator.withInterceptedStreams(EngineExecutionOrchestrator.java:141) ~[junit-platform-launcher-1.11.4.jar:1.11.4]
	at org.junit.platform.launcher.core.EngineExecutionOrchestrator.execute(EngineExecutionOrchestrator.java:57) ~[junit-platform-launcher-1.11.4.jar:1.11.4]
	at org.junit.platform.launcher.core.DefaultLauncher.execute(DefaultLauncher.java:103) ~[junit-platform-launcher-1.11.4.jar:1.11.4]
	at org.junit.platform.launcher.core.DefaultLauncher.execute(DefaultLauncher.java:85) ~[junit-platform-launcher-1.11.4.jar:1.11.4]
	at org.junit.platform.launcher.core.DelegatingLauncher.execute(DelegatingLauncher.java:47) ~[junit-platform-launcher-1.11.4.jar:1.11.4]
	at org.junit.platform.launcher.core.SessionPerRequestLauncher.execute(SessionPerRequestLauncher.java:63) ~[junit-platform-launcher-1.11.4.jar:1.11.4]
	at com.intellij.junit5.JUnit5IdeaTestRunner.startRunnerWithArgs(JUnit5IdeaTestRunner.java:66) ~[junit5-rt.jar:na]
	at com.intellij.rt.junit.IdeaTestRunner$Repeater$1.execute(IdeaTestRunner.java:38) ~[junit-rt.jar:na]
	at com.intellij.rt.execution.junit.TestsRepeater.repeat(TestsRepeater.java:11) ~[idea_rt.jar:na]
	at com.intellij.rt.junit.IdeaTestRunner$Repeater.startRunnerWithArgs(IdeaTestRunner.java:35) ~[junit-rt.jar:na]
	at com.intellij.rt.junit.JUnitStarter.prepareStreamsAndStart(JUnitStarter.java:231) ~[junit-rt.jar:na]
	at com.intellij.rt.junit.JUnitStarter.main(JUnitStarter.java:55) ~[junit-rt.jar:na]
Caused by: org.h2.jdbc.JdbcSQLSyntaxErrorException: Table "BOOK_DETAILS" not found (this database is empty); SQL statement:
alter table book_details drop foreign key if exists FKoa7sqrtgxwg066s9521udtvpv [42104-232]
	at org.h2.message.DbException.getJdbcSQLException(DbException.java:514) ~[h2-2.3.232.jar:2.3.232]
	at org.h2.message.DbException.getJdbcSQLException(DbException.java:489) ~[h2-2.3.232.jar:2.3.232]
	at org.h2.message.DbException.get(DbException.java:223) ~[h2-2.3.232.jar:2.3.232]
	at org.h2.message.DbException.get(DbException.java:199) ~[h2-2.3.232.jar:2.3.232]
	at org.h2.command.Parser.getTableOrViewNotFoundDbException(Parser.java:7932) ~[h2-2.3.232.jar:2.3.232]
	at org.h2.command.Parser.getTableOrViewNotFoundDbException(Parser.java:7926) ~[h2-2.3.232.jar:2.3.232]
	at org.h2.command.Parser.tableIfTableExists(Parser.java:8454) ~[h2-2.3.232.jar:2.3.232]
	at org.h2.command.Parser.parseAlterTableDrop(Parser.java:8253) ~[h2-2.3.232.jar:2.3.232]
	at org.h2.command.Parser.parseAlterTable(Parser.java:8036) ~[h2-2.3.232.jar:2.3.232]
	at org.h2.command.Parser.parseAlter(Parser.java:7078) ~[h2-2.3.232.jar:2.3.232]
	at org.h2.command.Parser.parsePrepared(Parser.java:629) ~[h2-2.3.232.jar:2.3.232]
	at org.h2.command.Parser.parse(Parser.java:581) ~[h2-2.3.232.jar:2.3.232]
	at org.h2.command.Parser.parse(Parser.java:556) ~[h2-2.3.232.jar:2.3.232]
	at org.h2.command.Parser.prepareCommand(Parser.java:484) ~[h2-2.3.232.jar:2.3.232]
	at org.h2.engine.SessionLocal.prepareLocal(SessionLocal.java:645) ~[h2-2.3.232.jar:2.3.232]
	at org.h2.engine.SessionLocal.prepareCommand(SessionLocal.java:561) ~[h2-2.3.232.jar:2.3.232]
	at org.h2.jdbc.JdbcConnection.prepareCommand(JdbcConnection.java:1164) ~[h2-2.3.232.jar:2.3.232]
	at org.h2.jdbc.JdbcStatement.executeInternal(JdbcStatement.java:245) ~[h2-2.3.232.jar:2.3.232]
	at org.h2.jdbc.JdbcStatement.execute(JdbcStatement.java:231) ~[h2-2.3.232.jar:2.3.232]
	at org.hibernate.tool.schema.internal.exec.GenerationTargetToDatabase.accept(GenerationTargetToDatabase.java:80) ~[hibernate-core-6.6.22.Final.jar:6.6.22.Final]
	... 118 common frames omitted

2025-08-26T22:15:32.912+09:00  WARN 14164 --- [MySpringBootLab] [main] o.h.t.s.i.ExceptionHandlerLoggedImpl     : GenerationTarget encountered exception accepting command : Error executing DDL "create table book_details (page_count integer, book_id bigint, id bigint not null auto_increment, cover_image_url varchar(255), description varchar(255), edition varchar(255), language varchar(255), publisher varchar(255), primary key (id)) engine=InnoDB" via JDBC [Syntax error in SQL statement "create table book_details (page_count integer, book_id bigint, id bigint not null auto_increment, cover_image_url varchar(255), description varchar(255), edition varchar(255), language varchar(255), publisher varchar(255), primary key (id)) engine[*]=InnoDB"; expected "identifier";]

org.hibernate.tool.schema.spi.CommandAcceptanceException: Error executing DDL "create table book_details (page_count integer, book_id bigint, id bigint not null auto_increment, cover_image_url varchar(255), description varchar(255), edition varchar(255), language varchar(255), publisher varchar(255), primary key (id)) engine=InnoDB" via JDBC [Syntax error in SQL statement "create table book_details (page_count integer, book_id bigint, id bigint not null auto_increment, cover_image_url varchar(255), description varchar(255), edition varchar(255), language varchar(255), publisher varchar(255), primary key (id)) engine[*]=InnoDB"; expected "identifier";]
	at org.hibernate.tool.schema.internal.exec.GenerationTargetToDatabase.accept(GenerationTargetToDatabase.java:94) ~[hibernate-core-6.6.22.Final.jar:6.6.22.Final]
	at org.hibernate.tool.schema.internal.Helper.applySqlString(Helper.java:233) ~[hibernate-core-6.6.22.Final.jar:6.6.22.Final]
	at org.hibernate.tool.schema.internal.Helper.applySqlStrings(Helper.java:217) ~[hibernate-core-6.6.22.Final.jar:6.6.22.Final]
	at org.hibernate.tool.schema.internal.SchemaCreatorImpl.createTables(SchemaCreatorImpl.java:430) ~[hibernate-core-6.6.22.Final.jar:6.6.22.Final]
	at org.hibernate.tool.schema.internal.SchemaCreatorImpl.createSequencesTablesConstraints(SchemaCreatorImpl.java:346) ~[hibernate-core-6.6.22.Final.jar:6.6.22.Final]
	at org.hibernate.tool.schema.internal.SchemaCreatorImpl.createFromMetadata(SchemaCreatorImpl.java:241) ~[hibernate-core-6.6.22.Final.jar:6.6.22.Final]
	at org.hibernate.tool.schema.internal.SchemaCreatorImpl.performCreation(SchemaCreatorImpl.java:174) ~[hibernate-core-6.6.22.Final.jar:6.6.22.Final]
	at org.hibernate.tool.schema.internal.SchemaCreatorImpl.doCreation(SchemaCreatorImpl.java:144) ~[hibernate-core-6.6.22.Final.jar:6.6.22.Final]
	at org.hibernate.tool.schema.internal.SchemaCreatorImpl.doCreation(SchemaCreatorImpl.java:120) ~[hibernate-core-6.6.22.Final.jar:6.6.22.Final]
	at org.hibernate.tool.schema.spi.SchemaManagementToolCoordinator.performDatabaseAction(SchemaManagementToolCoordinator.java:250) ~[hibernate-core-6.6.22.Final.jar:6.6.22.Final]
	at org.hibernate.tool.schema.spi.SchemaManagementToolCoordinator.lambda$process$5(SchemaManagementToolCoordinator.java:144) ~[hibernate-core-6.6.22.Final.jar:6.6.22.Final]
	at java.base/java.util.HashMap.forEach(HashMap.java:1421) ~[na:na]
	at org.hibernate.tool.schema.spi.SchemaManagementToolCoordinator.process(SchemaManagementToolCoordinator.java:141) ~[hibernate-core-6.6.22.Final.jar:6.6.22.Final]
	at org.hibernate.boot.internal.SessionFactoryObserverForSchemaExport.sessionFactoryCreated(SessionFactoryObserverForSchemaExport.java:37) ~[hibernate-core-6.6.22.Final.jar:6.6.22.Final]
	at org.hibernate.internal.SessionFactoryObserverChain.sessionFactoryCreated(SessionFactoryObserverChain.java:35) ~[hibernate-core-6.6.22.Final.jar:6.6.22.Final]
	at org.hibernate.internal.SessionFactoryImpl.<init>(SessionFactoryImpl.java:324) ~[hibernate-core-6.6.22.Final.jar:6.6.22.Final]
	at org.hibernate.boot.internal.SessionFactoryBuilderImpl.build(SessionFactoryBuilderImpl.java:463) ~[hibernate-core-6.6.22.Final.jar:6.6.22.Final]
	at org.hibernate.jpa.boot.internal.EntityManagerFactoryBuilderImpl.build(EntityManagerFactoryBuilderImpl.java:1517) ~[hibernate-core-6.6.22.Final.jar:6.6.22.Final]
	at org.springframework.orm.jpa.vendor.SpringHibernateJpaPersistenceProvider.createContainerEntityManagerFactory(SpringHibernateJpaPersistenceProvider.java:66) ~[spring-orm-6.2.9.jar:6.2.9]
	at org.springframework.orm.jpa.LocalContainerEntityManagerFactoryBean.createNativeEntityManagerFactory(LocalContainerEntityManagerFactoryBean.java:390) ~[spring-orm-6.2.9.jar:6.2.9]
	at org.springframework.orm.jpa.AbstractEntityManagerFactoryBean.buildNativeEntityManagerFactory(AbstractEntityManagerFactoryBean.java:419) ~[spring-orm-6.2.9.jar:6.2.9]
	at org.springframework.orm.jpa.AbstractEntityManagerFactoryBean.afterPropertiesSet(AbstractEntityManagerFactoryBean.java:400) ~[spring-orm-6.2.9.jar:6.2.9]
	at org.springframework.orm.jpa.LocalContainerEntityManagerFactoryBean.afterPropertiesSet(LocalContainerEntityManagerFactoryBean.java:366) ~[spring-orm-6.2.9.jar:6.2.9]
	at org.springframework.beans.factory.support.AbstractAutowireCapableBeanFactory.invokeInitMethods(AbstractAutowireCapableBeanFactory.java:1873) ~[spring-beans-6.2.9.jar:6.2.9]
	at org.springframework.beans.factory.support.AbstractAutowireCapableBeanFactory.initializeBean(AbstractAutowireCapableBeanFactory.java:1822) ~[spring-beans-6.2.9.jar:6.2.9]
	at org.springframework.beans.factory.support.AbstractAutowireCapableBeanFactory.doCreateBean(AbstractAutowireCapableBeanFactory.java:607) ~[spring-beans-6.2.9.jar:6.2.9]
	at org.springframework.beans.factory.support.AbstractAutowireCapableBeanFactory.createBean(AbstractAutowireCapableBeanFactory.java:529) ~[spring-beans-6.2.9.jar:6.2.9]
	at org.springframework.beans.factory.support.AbstractBeanFactory.lambda$doGetBean$0(AbstractBeanFactory.java:339) ~[spring-beans-6.2.9.jar:6.2.9]
	at org.springframework.beans.factory.support.DefaultSingletonBeanRegistry.getSingleton(DefaultSingletonBeanRegistry.java:373) ~[spring-beans-6.2.9.jar:6.2.9]
	at org.springframework.beans.factory.support.AbstractBeanFactory.doGetBean(AbstractBeanFactory.java:337) ~[spring-beans-6.2.9.jar:6.2.9]
	at org.springframework.beans.factory.support.AbstractBeanFactory.getBean(AbstractBeanFactory.java:207) ~[spring-beans-6.2.9.jar:6.2.9]
	at org.springframework.context.support.AbstractApplicationContext.finishBeanFactoryInitialization(AbstractApplicationContext.java:970) ~[spring-context-6.2.9.jar:6.2.9]
	at org.springframework.context.support.AbstractApplicationContext.refresh(AbstractApplicationContext.java:627) ~[spring-context-6.2.9.jar:6.2.9]
	at org.springframework.boot.SpringApplication.refresh(SpringApplication.java:752) ~[spring-boot-3.4.8.jar:3.4.8]
	at org.springframework.boot.SpringApplication.refreshContext(SpringApplication.java:439) ~[spring-boot-3.4.8.jar:3.4.8]
	at org.springframework.boot.SpringApplication.run(SpringApplication.java:318) ~[spring-boot-3.4.8.jar:3.4.8]
	at org.springframework.boot.test.context.SpringBootContextLoader.lambda$loadContext$3(SpringBootContextLoader.java:144) ~[spring-boot-test-3.4.8.jar:3.4.8]
	at org.springframework.util.function.ThrowingSupplier.get(ThrowingSupplier.java:58) ~[spring-core-6.2.9.jar:6.2.9]
	at org.springframework.util.function.ThrowingSupplier.get(ThrowingSupplier.java:46) ~[spring-core-6.2.9.jar:6.2.9]
	at org.springframework.boot.SpringApplication.withHook(SpringApplication.java:1461) ~[spring-boot-3.4.8.jar:3.4.8]
	at org.springframework.boot.test.context.SpringBootContextLoader$ContextLoaderHook.run(SpringBootContextLoader.java:563) ~[spring-boot-test-3.4.8.jar:3.4.8]
	at org.springframework.boot.test.context.SpringBootContextLoader.loadContext(SpringBootContextLoader.java:144) ~[spring-boot-test-3.4.8.jar:3.4.8]
	at org.springframework.boot.test.context.SpringBootContextLoader.loadContext(SpringBootContextLoader.java:110) ~[spring-boot-test-3.4.8.jar:3.4.8]
	at org.springframework.test.context.cache.DefaultCacheAwareContextLoaderDelegate.loadContextInternal(DefaultCacheAwareContextLoaderDelegate.java:225) ~[spring-test-6.2.9.jar:6.2.9]
	at org.springframework.test.context.cache.DefaultCacheAwareContextLoaderDelegate.loadContext(DefaultCacheAwareContextLoaderDelegate.java:152) ~[spring-test-6.2.9.jar:6.2.9]
	at org.springframework.test.context.support.DefaultTestContext.getApplicationContext(DefaultTestContext.java:130) ~[spring-test-6.2.9.jar:6.2.9]
	at org.springframework.test.context.support.DependencyInjectionTestExecutionListener.injectDependencies(DependencyInjectionTestExecutionListener.java:155) ~[spring-test-6.2.9.jar:6.2.9]
	at org.springframework.test.context.support.DependencyInjectionTestExecutionListener.prepareTestInstance(DependencyInjectionTestExecutionListener.java:111) ~[spring-test-6.2.9.jar:6.2.9]
	at org.springframework.test.context.TestContextManager.prepareTestInstance(TestContextManager.java:260) ~[spring-test-6.2.9.jar:6.2.9]
	at org.springframework.test.context.junit.jupiter.SpringExtension.postProcessTestInstance(SpringExtension.java:159) ~[spring-test-6.2.9.jar:6.2.9]
	at org.junit.jupiter.engine.descriptor.ClassBasedTestDescriptor.lambda$invokeTestInstancePostProcessors$11(ClassBasedTestDescriptor.java:378) ~[junit-jupiter-engine-5.11.4.jar:5.11.4]
	at org.junit.jupiter.engine.descriptor.ClassBasedTestDescriptor.executeAndMaskThrowable(ClassBasedTestDescriptor.java:383) ~[junit-jupiter-engine-5.11.4.jar:5.11.4]
	at org.junit.jupiter.engine.descriptor.ClassBasedTestDescriptor.lambda$invokeTestInstancePostProcessors$12(ClassBasedTestDescriptor.java:378) ~[junit-jupiter-engine-5.11.4.jar:5.11.4]
	at java.base/java.util.stream.ForEachOps$ForEachOp$OfRef.accept(ForEachOps.java:183) ~[na:na]
	at java.base/java.util.stream.ReferencePipeline$3$1.accept(ReferencePipeline.java:197) ~[na:na]
	at java.base/java.util.stream.ReferencePipeline$2$1.accept(ReferencePipeline.java:179) ~[na:na]
	at java.base/java.util.stream.ReferencePipeline$3$1.accept(ReferencePipeline.java:197) ~[na:na]
	at java.base/java.util.ArrayList$ArrayListSpliterator.forEachRemaining(ArrayList.java:1625) ~[na:na]
	at java.base/java.util.stream.AbstractPipeline.copyInto(AbstractPipeline.java:509) ~[na:na]
	at java.base/java.util.stream.AbstractPipeline.wrapAndCopyInto(AbstractPipeline.java:499) ~[na:na]
	at java.base/java.util.stream.ForEachOps$ForEachOp.evaluateSequential(ForEachOps.java:150) ~[na:na]
	at java.base/java.util.stream.ForEachOps$ForEachOp$OfRef.evaluateSequential(ForEachOps.java:173) ~[na:na]
	at java.base/java.util.stream.AbstractPipeline.evaluate(AbstractPipeline.java:234) ~[na:na]
	at java.base/java.util.stream.ReferencePipeline.forEach(ReferencePipeline.java:596) ~[na:na]
	at org.junit.jupiter.engine.descriptor.ClassBasedTestDescriptor.invokeTestInstancePostProcessors(ClassBasedTestDescriptor.java:377) ~[junit-jupiter-engine-5.11.4.jar:5.11.4]
	at org.junit.jupiter.engine.descriptor.ClassBasedTestDescriptor.lambda$instantiateAndPostProcessTestInstance$7(ClassBasedTestDescriptor.java:290) ~[junit-jupiter-engine-5.11.4.jar:5.11.4]
	at org.junit.platform.engine.support.hierarchical.ThrowableCollector.execute(ThrowableCollector.java:73) ~[junit-platform-engine-1.11.4.jar:1.11.4]
	at org.junit.jupiter.engine.descriptor.ClassBasedTestDescriptor.instantiateAndPostProcessTestInstance(ClassBasedTestDescriptor.java:289) ~[junit-jupiter-engine-5.11.4.jar:5.11.4]
	at org.junit.jupiter.engine.descriptor.ClassBasedTestDescriptor.lambda$testInstancesProvider$5(ClassBasedTestDescriptor.java:279) ~[junit-jupiter-engine-5.11.4.jar:5.11.4]
	at java.base/java.util.Optional.orElseGet(Optional.java:364) ~[na:na]
	at org.junit.jupiter.engine.descriptor.ClassBasedTestDescriptor.lambda$testInstancesProvider$6(ClassBasedTestDescriptor.java:278) ~[junit-jupiter-engine-5.11.4.jar:5.11.4]
	at org.junit.jupiter.engine.execution.TestInstancesProvider.getTestInstances(TestInstancesProvider.java:31) ~[junit-jupiter-engine-5.11.4.jar:5.11.4]
	at org.junit.jupiter.engine.descriptor.TestMethodTestDescriptor.lambda$prepare$1(TestMethodTestDescriptor.java:105) ~[junit-jupiter-engine-5.11.4.jar:5.11.4]
	at org.junit.platform.engine.support.hierarchical.ThrowableCollector.execute(ThrowableCollector.java:73) ~[junit-platform-engine-1.11.4.jar:1.11.4]
	at org.junit.jupiter.engine.descriptor.TestMethodTestDescriptor.prepare(TestMethodTestDescriptor.java:104) ~[junit-jupiter-engine-5.11.4.jar:5.11.4]
	at org.junit.jupiter.engine.descriptor.TestMethodTestDescriptor.prepare(TestMethodTestDescriptor.java:68) ~[junit-jupiter-engine-5.11.4.jar:5.11.4]
	at org.junit.platform.engine.support.hierarchical.NodeTestTask.lambda$prepare$2(NodeTestTask.java:128) ~[junit-platform-engine-1.11.4.jar:1.11.4]
	at org.junit.platform.engine.support.hierarchical.ThrowableCollector.execute(ThrowableCollector.java:73) ~[junit-platform-engine-1.11.4.jar:1.11.4]
	at org.junit.platform.engine.support.hierarchical.NodeTestTask.prepare(NodeTestTask.java:128) ~[junit-platform-engine-1.11.4.jar:1.11.4]
	at org.junit.platform.engine.support.hierarchical.NodeTestTask.execute(NodeTestTask.java:95) ~[junit-platform-engine-1.11.4.jar:1.11.4]
	at java.base/java.util.ArrayList.forEach(ArrayList.java:1511) ~[na:na]
	at org.junit.platform.engine.support.hierarchical.SameThreadHierarchicalTestExecutorService.invokeAll(SameThreadHierarchicalTestExecutorService.java:41) ~[junit-platform-engine-1.11.4.jar:1.11.4]
	at org.junit.platform.engine.support.hierarchical.NodeTestTask.lambda$executeRecursively$6(NodeTestTask.java:160) ~[junit-platform-engine-1.11.4.jar:1.11.4]
	at org.junit.platform.engine.support.hierarchical.ThrowableCollector.execute(ThrowableCollector.java:73) ~[junit-platform-engine-1.11.4.jar:1.11.4]
	at org.junit.platform.engine.support.hierarchical.NodeTestTask.lambda$executeRecursively$8(NodeTestTask.java:146) ~[junit-platform-engine-1.11.4.jar:1.11.4]
	at org.junit.platform.engine.support.hierarchical.Node.around(Node.java:137) ~[junit-platform-engine-1.11.4.jar:1.11.4]
	at org.junit.platform.engine.support.hierarchical.NodeTestTask.lambda$executeRecursively$9(NodeTestTask.java:144) ~[junit-platform-engine-1.11.4.jar:1.11.4]
	at org.junit.platform.engine.support.hierarchical.ThrowableCollector.execute(ThrowableCollector.java:73) ~[junit-platform-engine-1.11.4.jar:1.11.4]
	at org.junit.platform.engine.support.hierarchical.NodeTestTask.executeRecursively(NodeTestTask.java:143) ~[junit-platform-engine-1.11.4.jar:1.11.4]
	at org.junit.platform.engine.support.hierarchical.NodeTestTask.execute(NodeTestTask.java:100) ~[junit-platform-engine-1.11.4.jar:1.11.4]
	at java.base/java.util.ArrayList.forEach(ArrayList.java:1511) ~[na:na]
	at org.junit.platform.engine.support.hierarchical.SameThreadHierarchicalTestExecutorService.invokeAll(SameThreadHierarchicalTestExecutorService.java:41) ~[junit-platform-engine-1.11.4.jar:1.11.4]
	at org.junit.platform.engine.support.hierarchical.NodeTestTask.lambda$executeRecursively$6(NodeTestTask.java:160) ~[junit-platform-engine-1.11.4.jar:1.11.4]
	at org.junit.platform.engine.support.hierarchical.ThrowableCollector.execute(ThrowableCollector.java:73) ~[junit-platform-engine-1.11.4.jar:1.11.4]
	at org.junit.platform.engine.support.hierarchical.NodeTestTask.lambda$executeRecursively$8(NodeTestTask.java:146) ~[junit-platform-engine-1.11.4.jar:1.11.4]
	at org.junit.platform.engine.support.hierarchical.Node.around(Node.java:137) ~[junit-platform-engine-1.11.4.jar:1.11.4]
	at org.junit.platform.engine.support.hierarchical.NodeTestTask.lambda$executeRecursively$9(NodeTestTask.java:144) ~[junit-platform-engine-1.11.4.jar:1.11.4]
	at org.junit.platform.engine.support.hierarchical.ThrowableCollector.execute(ThrowableCollector.java:73) ~[junit-platform-engine-1.11.4.jar:1.11.4]
	at org.junit.platform.engine.support.hierarchical.NodeTestTask.executeRecursively(NodeTestTask.java:143) ~[junit-platform-engine-1.11.4.jar:1.11.4]
	at org.junit.platform.engine.support.hierarchical.NodeTestTask.execute(NodeTestTask.java:100) ~[junit-platform-engine-1.11.4.jar:1.11.4]
	at org.junit.platform.engine.support.hierarchical.SameThreadHierarchicalTestExecutorService.submit(SameThreadHierarchicalTestExecutorService.java:35) ~[junit-platform-engine-1.11.4.jar:1.11.4]
	at org.junit.platform.engine.support.hierarchical.HierarchicalTestExecutor.execute(HierarchicalTestExecutor.java:57) ~[junit-platform-engine-1.11.4.jar:1.11.4]
	at org.junit.platform.engine.support.hierarchical.HierarchicalTestEngine.execute(HierarchicalTestEngine.java:54) ~[junit-platform-engine-1.11.4.jar:1.11.4]
	at org.junit.platform.launcher.core.EngineExecutionOrchestrator.execute(EngineExecutionOrchestrator.java:198) ~[junit-platform-launcher-1.11.4.jar:1.11.4]
	at org.junit.platform.launcher.core.EngineExecutionOrchestrator.execute(EngineExecutionOrchestrator.java:169) ~[junit-platform-launcher-1.11.4.jar:1.11.4]
	at org.junit.platform.launcher.core.EngineExecutionOrchestrator.execute(EngineExecutionOrchestrator.java:93) ~[junit-platform-launcher-1.11.4.jar:1.11.4]
	at org.junit.platform.launcher.core.EngineExecutionOrchestrator.lambda$execute$0(EngineExecutionOrchestrator.java:58) ~[junit-platform-launcher-1.11.4.jar:1.11.4]
	at org.junit.platform.launcher.core.EngineExecutionOrchestrator.withInterceptedStreams(EngineExecutionOrchestrator.java:141) ~[junit-platform-launcher-1.11.4.jar:1.11.4]
	at org.junit.platform.launcher.core.EngineExecutionOrchestrator.execute(EngineExecutionOrchestrator.java:57) ~[junit-platform-launcher-1.11.4.jar:1.11.4]
	at org.junit.platform.launcher.core.DefaultLauncher.execute(DefaultLauncher.java:103) ~[junit-platform-launcher-1.11.4.jar:1.11.4]
	at org.junit.platform.launcher.core.DefaultLauncher.execute(DefaultLauncher.java:85) ~[junit-platform-launcher-1.11.4.jar:1.11.4]
	at org.junit.platform.launcher.core.DelegatingLauncher.execute(DelegatingLauncher.java:47) ~[junit-platform-launcher-1.11.4.jar:1.11.4]
	at org.junit.platform.launcher.core.SessionPerRequestLauncher.execute(SessionPerRequestLauncher.java:63) ~[junit-platform-launcher-1.11.4.jar:1.11.4]
	at com.intellij.junit5.JUnit5IdeaTestRunner.startRunnerWithArgs(JUnit5IdeaTestRunner.java:66) ~[junit5-rt.jar:na]
	at com.intellij.rt.junit.IdeaTestRunner$Repeater$1.execute(IdeaTestRunner.java:38) ~[junit-rt.jar:na]
	at com.intellij.rt.execution.junit.TestsRepeater.repeat(TestsRepeater.java:11) ~[idea_rt.jar:na]
	at com.intellij.rt.junit.IdeaTestRunner$Repeater.startRunnerWithArgs(IdeaTestRunner.java:35) ~[junit-rt.jar:na]
	at com.intellij.rt.junit.JUnitStarter.prepareStreamsAndStart(JUnitStarter.java:231) ~[junit-rt.jar:na]
	at com.intellij.rt.junit.JUnitStarter.main(JUnitStarter.java:55) ~[junit-rt.jar:na]
Caused by: org.h2.jdbc.JdbcSQLSyntaxErrorException: Syntax error in SQL statement "create table book_details (page_count integer, book_id bigint, id bigint not null auto_increment, cover_image_url varchar(255), description varchar(255), edition varchar(255), language varchar(255), publisher varchar(255), primary key (id)) engine[*]=InnoDB"; expected "identifier"; SQL statement:
create table book_details (page_count integer, book_id bigint, id bigint not null auto_increment, cover_image_url varchar(255), description varchar(255), edition varchar(255), language varchar(255), publisher varchar(255), primary key (id)) engine=InnoDB [42001-232]
	at org.h2.message.DbException.getJdbcSQLException(DbException.java:514) ~[h2-2.3.232.jar:2.3.232]
	at org.h2.message.DbException.getJdbcSQLException(DbException.java:489) ~[h2-2.3.232.jar:2.3.232]
	at org.h2.message.DbException.getSyntaxError(DbException.java:261) ~[h2-2.3.232.jar:2.3.232]
	at org.h2.command.Parser.readIdentifier(Parser.java:5527) ~[h2-2.3.232.jar:2.3.232]
	at org.h2.command.Parser.parseCreateTable(Parser.java:8827) ~[h2-2.3.232.jar:2.3.232]
	at org.h2.command.Parser.parseCreate(Parser.java:6398) ~[h2-2.3.232.jar:2.3.232]
	at org.h2.command.Parser.parsePrepared(Parser.java:645) ~[h2-2.3.232.jar:2.3.232]
	at org.h2.command.Parser.parse(Parser.java:581) ~[h2-2.3.232.jar:2.3.232]
	at org.h2.command.Parser.parse(Parser.java:556) ~[h2-2.3.232.jar:2.3.232]
	at org.h2.command.Parser.prepareCommand(Parser.java:484) ~[h2-2.3.232.jar:2.3.232]
	at org.h2.engine.SessionLocal.prepareLocal(SessionLocal.java:645) ~[h2-2.3.232.jar:2.3.232]
	at org.h2.engine.SessionLocal.prepareCommand(SessionLocal.java:561) ~[h2-2.3.232.jar:2.3.232]
	at org.h2.jdbc.JdbcConnection.prepareCommand(JdbcConnection.java:1164) ~[h2-2.3.232.jar:2.3.232]
	at org.h2.jdbc.JdbcStatement.executeInternal(JdbcStatement.java:245) ~[h2-2.3.232.jar:2.3.232]
	at org.h2.jdbc.JdbcStatement.execute(JdbcStatement.java:231) ~[h2-2.3.232.jar:2.3.232]
	at org.hibernate.tool.schema.internal.exec.GenerationTargetToDatabase.accept(GenerationTargetToDatabase.java:80) ~[hibernate-core-6.6.22.Final.jar:6.6.22.Final]
	... 118 common frames omitted

2025-08-26T22:15:32.912+09:00  WARN 14164 --- [MySpringBootLab] [main] o.h.t.s.i.ExceptionHandlerLoggedImpl     : GenerationTarget encountered exception accepting command : Error executing DDL "create table books (price integer, publish_date date, id bigint not null auto_increment, author varchar(255) not null, isbn varchar(255) not null, title varchar(255) not null, primary key (id)) engine=InnoDB" via JDBC [Syntax error in SQL statement "create table books (price integer, publish_date date, id bigint not null auto_increment, author varchar(255) not null, isbn varchar(255) not null, title varchar(255) not null, primary key (id)) engine[*]=InnoDB"; expected "identifier";]

org.hibernate.tool.schema.spi.CommandAcceptanceException: Error executing DDL "create table books (price integer, publish_date date, id bigint not null auto_increment, author varchar(255) not null, isbn varchar(255) not null, title varchar(255) not null, primary key (id)) engine=InnoDB" via JDBC [Syntax error in SQL statement "create table books (price integer, publish_date date, id bigint not null auto_increment, author varchar(255) not null, isbn varchar(255) not null, title varchar(255) not null, primary key (id)) engine[*]=InnoDB"; expected "identifier";]
	at org.hibernate.tool.schema.internal.exec.GenerationTargetToDatabase.accept(GenerationTargetToDatabase.java:94) ~[hibernate-core-6.6.22.Final.jar:6.6.22.Final]
	at org.hibernate.tool.schema.internal.Helper.applySqlString(Helper.java:233) ~[hibernate-core-6.6.22.Final.jar:6.6.22.Final]
	at org.hibernate.tool.schema.internal.Helper.applySqlStrings(Helper.java:217) ~[hibernate-core-6.6.22.Final.jar:6.6.22.Final]
	at org.hibernate.tool.schema.internal.SchemaCreatorImpl.createTables(SchemaCreatorImpl.java:430) ~[hibernate-core-6.6.22.Final.jar:6.6.22.Final]
	at org.hibernate.tool.schema.internal.SchemaCreatorImpl.createSequencesTablesConstraints(SchemaCreatorImpl.java:346) ~[hibernate-core-6.6.22.Final.jar:6.6.22.Final]
	at org.hibernate.tool.schema.internal.SchemaCreatorImpl.createFromMetadata(SchemaCreatorImpl.java:241) ~[hibernate-core-6.6.22.Final.jar:6.6.22.Final]
	at org.hibernate.tool.schema.internal.SchemaCreatorImpl.performCreation(SchemaCreatorImpl.java:174) ~[hibernate-core-6.6.22.Final.jar:6.6.22.Final]
	at org.hibernate.tool.schema.internal.SchemaCreatorImpl.doCreation(SchemaCreatorImpl.java:144) ~[hibernate-core-6.6.22.Final.jar:6.6.22.Final]
	at org.hibernate.tool.schema.internal.SchemaCreatorImpl.doCreation(SchemaCreatorImpl.java:120) ~[hibernate-core-6.6.22.Final.jar:6.6.22.Final]
	at org.hibernate.tool.schema.spi.SchemaManagementToolCoordinator.performDatabaseAction(SchemaManagementToolCoordinator.java:250) ~[hibernate-core-6.6.22.Final.jar:6.6.22.Final]
	at org.hibernate.tool.schema.spi.SchemaManagementToolCoordinator.lambda$process$5(SchemaManagementToolCoordinator.java:144) ~[hibernate-core-6.6.22.Final.jar:6.6.22.Final]
	at java.base/java.util.HashMap.forEach(HashMap.java:1421) ~[na:na]
	at org.hibernate.tool.schema.spi.SchemaManagementToolCoordinator.process(SchemaManagementToolCoordinator.java:141) ~[hibernate-core-6.6.22.Final.jar:6.6.22.Final]
	at org.hibernate.boot.internal.SessionFactoryObserverForSchemaExport.sessionFactoryCreated(SessionFactoryObserverForSchemaExport.java:37) ~[hibernate-core-6.6.22.Final.jar:6.6.22.Final]
	at org.hibernate.internal.SessionFactoryObserverChain.sessionFactoryCreated(SessionFactoryObserverChain.java:35) ~[hibernate-core-6.6.22.Final.jar:6.6.22.Final]
	at org.hibernate.internal.SessionFactoryImpl.<init>(SessionFactoryImpl.java:324) ~[hibernate-core-6.6.22.Final.jar:6.6.22.Final]
	at org.hibernate.boot.internal.SessionFactoryBuilderImpl.build(SessionFactoryBuilderImpl.java:463) ~[hibernate-core-6.6.22.Final.jar:6.6.22.Final]
	at org.hibernate.jpa.boot.internal.EntityManagerFactoryBuilderImpl.build(EntityManagerFactoryBuilderImpl.java:1517) ~[hibernate-core-6.6.22.Final.jar:6.6.22.Final]
	at org.springframework.orm.jpa.vendor.SpringHibernateJpaPersistenceProvider.createContainerEntityManagerFactory(SpringHibernateJpaPersistenceProvider.java:66) ~[spring-orm-6.2.9.jar:6.2.9]
	at org.springframework.orm.jpa.LocalContainerEntityManagerFactoryBean.createNativeEntityManagerFactory(LocalContainerEntityManagerFactoryBean.java:390) ~[spring-orm-6.2.9.jar:6.2.9]
	at org.springframework.orm.jpa.AbstractEntityManagerFactoryBean.buildNativeEntityManagerFactory(AbstractEntityManagerFactoryBean.java:419) ~[spring-orm-6.2.9.jar:6.2.9]
	at org.springframework.orm.jpa.AbstractEntityManagerFactoryBean.afterPropertiesSet(AbstractEntityManagerFactoryBean.java:400) ~[spring-orm-6.2.9.jar:6.2.9]
	at org.springframework.orm.jpa.LocalContainerEntityManagerFactoryBean.afterPropertiesSet(LocalContainerEntityManagerFactoryBean.java:366) ~[spring-orm-6.2.9.jar:6.2.9]
	at org.springframework.beans.factory.support.AbstractAutowireCapableBeanFactory.invokeInitMethods(AbstractAutowireCapableBeanFactory.java:1873) ~[spring-beans-6.2.9.jar:6.2.9]
	at org.springframework.beans.factory.support.AbstractAutowireCapableBeanFactory.initializeBean(AbstractAutowireCapableBeanFactory.java:1822) ~[spring-beans-6.2.9.jar:6.2.9]
	at org.springframework.beans.factory.support.AbstractAutowireCapableBeanFactory.doCreateBean(AbstractAutowireCapableBeanFactory.java:607) ~[spring-beans-6.2.9.jar:6.2.9]
	at org.springframework.beans.factory.support.AbstractAutowireCapableBeanFactory.createBean(AbstractAutowireCapableBeanFactory.java:529) ~[spring-beans-6.2.9.jar:6.2.9]
	at org.springframework.beans.factory.support.AbstractBeanFactory.lambda$doGetBean$0(AbstractBeanFactory.java:339) ~[spring-beans-6.2.9.jar:6.2.9]
	at org.springframework.beans.factory.support.DefaultSingletonBeanRegistry.getSingleton(DefaultSingletonBeanRegistry.java:373) ~[spring-beans-6.2.9.jar:6.2.9]
	at org.springframework.beans.factory.support.AbstractBeanFactory.doGetBean(AbstractBeanFactory.java:337) ~[spring-beans-6.2.9.jar:6.2.9]
	at org.springframework.beans.factory.support.AbstractBeanFactory.getBean(AbstractBeanFactory.java:207) ~[spring-beans-6.2.9.jar:6.2.9]
	at org.springframework.context.support.AbstractApplicationContext.finishBeanFactoryInitialization(AbstractApplicationContext.java:970) ~[spring-context-6.2.9.jar:6.2.9]
	at org.springframework.context.support.AbstractApplicationContext.refresh(AbstractApplicationContext.java:627) ~[spring-context-6.2.9.jar:6.2.9]
	at org.springframework.boot.SpringApplication.refresh(SpringApplication.java:752) ~[spring-boot-3.4.8.jar:3.4.8]
	at org.springframework.boot.SpringApplication.refreshContext(SpringApplication.java:439) ~[spring-boot-3.4.8.jar:3.4.8]
	at org.springframework.boot.SpringApplication.run(SpringApplication.java:318) ~[spring-boot-3.4.8.jar:3.4.8]
	at org.springframework.boot.test.context.SpringBootContextLoader.lambda$loadContext$3(SpringBootContextLoader.java:144) ~[spring-boot-test-3.4.8.jar:3.4.8]
	at org.springframework.util.function.ThrowingSupplier.get(ThrowingSupplier.java:58) ~[spring-core-6.2.9.jar:6.2.9]
	at org.springframework.util.function.ThrowingSupplier.get(ThrowingSupplier.java:46) ~[spring-core-6.2.9.jar:6.2.9]
	at org.springframework.boot.SpringApplication.withHook(SpringApplication.java:1461) ~[spring-boot-3.4.8.jar:3.4.8]
	at org.springframework.boot.test.context.SpringBootContextLoader$ContextLoaderHook.run(SpringBootContextLoader.java:563) ~[spring-boot-test-3.4.8.jar:3.4.8]
	at org.springframework.boot.test.context.SpringBootContextLoader.loadContext(SpringBootContextLoader.java:144) ~[spring-boot-test-3.4.8.jar:3.4.8]
	at org.springframework.boot.test.context.SpringBootContextLoader.loadContext(SpringBootContextLoader.java:110) ~[spring-boot-test-3.4.8.jar:3.4.8]
	at org.springframework.test.context.cache.DefaultCacheAwareContextLoaderDelegate.loadContextInternal(DefaultCacheAwareContextLoaderDelegate.java:225) ~[spring-test-6.2.9.jar:6.2.9]
	at org.springframework.test.context.cache.DefaultCacheAwareContextLoaderDelegate.loadContext(DefaultCacheAwareContextLoaderDelegate.java:152) ~[spring-test-6.2.9.jar:6.2.9]
	at org.springframework.test.context.support.DefaultTestContext.getApplicationContext(DefaultTestContext.java:130) ~[spring-test-6.2.9.jar:6.2.9]
	at org.springframework.test.context.support.DependencyInjectionTestExecutionListener.injectDependencies(DependencyInjectionTestExecutionListener.java:155) ~[spring-test-6.2.9.jar:6.2.9]
	at org.springframework.test.context.support.DependencyInjectionTestExecutionListener.prepareTestInstance(DependencyInjectionTestExecutionListener.java:111) ~[spring-test-6.2.9.jar:6.2.9]
	at org.springframework.test.context.TestContextManager.prepareTestInstance(TestContextManager.java:260) ~[spring-test-6.2.9.jar:6.2.9]
	at org.springframework.test.context.junit.jupiter.SpringExtension.postProcessTestInstance(SpringExtension.java:159) ~[spring-test-6.2.9.jar:6.2.9]
	at org.junit.jupiter.engine.descriptor.ClassBasedTestDescriptor.lambda$invokeTestInstancePostProcessors$11(ClassBasedTestDescriptor.java:378) ~[junit-jupiter-engine-5.11.4.jar:5.11.4]
	at org.junit.jupiter.engine.descriptor.ClassBasedTestDescriptor.executeAndMaskThrowable(ClassBasedTestDescriptor.java:383) ~[junit-jupiter-engine-5.11.4.jar:5.11.4]
	at org.junit.jupiter.engine.descriptor.ClassBasedTestDescriptor.lambda$invokeTestInstancePostProcessors$12(ClassBasedTestDescriptor.java:378) ~[junit-jupiter-engine-5.11.4.jar:5.11.4]
	at java.base/java.util.stream.ForEachOps$ForEachOp$OfRef.accept(ForEachOps.java:183) ~[na:na]
	at java.base/java.util.stream.ReferencePipeline$3$1.accept(ReferencePipeline.java:197) ~[na:na]
	at java.base/java.util.stream.ReferencePipeline$2$1.accept(ReferencePipeline.java:179) ~[na:na]
	at java.base/java.util.stream.ReferencePipeline$3$1.accept(ReferencePipeline.java:197) ~[na:na]
	at java.base/java.util.ArrayList$ArrayListSpliterator.forEachRemaining(ArrayList.java:1625) ~[na:na]
	at java.base/java.util.stream.AbstractPipeline.copyInto(AbstractPipeline.java:509) ~[na:na]
	at java.base/java.util.stream.AbstractPipeline.wrapAndCopyInto(AbstractPipeline.java:499) ~[na:na]
	at java.base/java.util.stream.ForEachOps$ForEachOp.evaluateSequential(ForEachOps.java:150) ~[na:na]
	at java.base/java.util.stream.ForEachOps$ForEachOp$OfRef.evaluateSequential(ForEachOps.java:173) ~[na:na]
	at java.base/java.util.stream.AbstractPipeline.evaluate(AbstractPipeline.java:234) ~[na:na]
	at java.base/java.util.stream.ReferencePipeline.forEach(ReferencePipeline.java:596) ~[na:na]
	at org.junit.jupiter.engine.descriptor.ClassBasedTestDescriptor.invokeTestInstancePostProcessors(ClassBasedTestDescriptor.java:377) ~[junit-jupiter-engine-5.11.4.jar:5.11.4]
	at org.junit.jupiter.engine.descriptor.ClassBasedTestDescriptor.lambda$instantiateAndPostProcessTestInstance$7(ClassBasedTestDescriptor.java:290) ~[junit-jupiter-engine-5.11.4.jar:5.11.4]
	at org.junit.platform.engine.support.hierarchical.ThrowableCollector.execute(ThrowableCollector.java:73) ~[junit-platform-engine-1.11.4.jar:1.11.4]
	at org.junit.jupiter.engine.descriptor.ClassBasedTestDescriptor.instantiateAndPostProcessTestInstance(ClassBasedTestDescriptor.java:289) ~[junit-jupiter-engine-5.11.4.jar:5.11.4]
	at org.junit.jupiter.engine.descriptor.ClassBasedTestDescriptor.lambda$testInstancesProvider$5(ClassBasedTestDescriptor.java:279) ~[junit-jupiter-engine-5.11.4.jar:5.11.4]
	at java.base/java.util.Optional.orElseGet(Optional.java:364) ~[na:na]
	at org.junit.jupiter.engine.descriptor.ClassBasedTestDescriptor.lambda$testInstancesProvider$6(ClassBasedTestDescriptor.java:278) ~[junit-jupiter-engine-5.11.4.jar:5.11.4]
	at org.junit.jupiter.engine.execution.TestInstancesProvider.getTestInstances(TestInstancesProvider.java:31) ~[junit-jupiter-engine-5.11.4.jar:5.11.4]
	at org.junit.jupiter.engine.descriptor.TestMethodTestDescriptor.lambda$prepare$1(TestMethodTestDescriptor.java:105) ~[junit-jupiter-engine-5.11.4.jar:5.11.4]
	at org.junit.platform.engine.support.hierarchical.ThrowableCollector.execute(ThrowableCollector.java:73) ~[junit-platform-engine-1.11.4.jar:1.11.4]
	at org.junit.jupiter.engine.descriptor.TestMethodTestDescriptor.prepare(TestMethodTestDescriptor.java:104) ~[junit-jupiter-engine-5.11.4.jar:5.11.4]
	at org.junit.jupiter.engine.descriptor.TestMethodTestDescriptor.prepare(TestMethodTestDescriptor.java:68) ~[junit-jupiter-engine-5.11.4.jar:5.11.4]
	at org.junit.platform.engine.support.hierarchical.NodeTestTask.lambda$prepare$2(NodeTestTask.java:128) ~[junit-platform-engine-1.11.4.jar:1.11.4]
	at org.junit.platform.engine.support.hierarchical.ThrowableCollector.execute(ThrowableCollector.java:73) ~[junit-platform-engine-1.11.4.jar:1.11.4]
	at org.junit.platform.engine.support.hierarchical.NodeTestTask.prepare(NodeTestTask.java:128) ~[junit-platform-engine-1.11.4.jar:1.11.4]
	at org.junit.platform.engine.support.hierarchical.NodeTestTask.execute(NodeTestTask.java:95) ~[junit-platform-engine-1.11.4.jar:1.11.4]
	at java.base/java.util.ArrayList.forEach(ArrayList.java:1511) ~[na:na]
	at org.junit.platform.engine.support.hierarchical.SameThreadHierarchicalTestExecutorService.invokeAll(SameThreadHierarchicalTestExecutorService.java:41) ~[junit-platform-engine-1.11.4.jar:1.11.4]
	at org.junit.platform.engine.support.hierarchical.NodeTestTask.lambda$executeRecursively$6(NodeTestTask.java:160) ~[junit-platform-engine-1.11.4.jar:1.11.4]
	at org.junit.platform.engine.support.hierarchical.ThrowableCollector.execute(ThrowableCollector.java:73) ~[junit-platform-engine-1.11.4.jar:1.11.4]
	at org.junit.platform.engine.support.hierarchical.NodeTestTask.lambda$executeRecursively$8(NodeTestTask.java:146) ~[junit-platform-engine-1.11.4.jar:1.11.4]
	at org.junit.platform.engine.support.hierarchical.Node.around(Node.java:137) ~[junit-platform-engine-1.11.4.jar:1.11.4]
	at org.junit.platform.engine.support.hierarchical.NodeTestTask.lambda$executeRecursively$9(NodeTestTask.java:144) ~[junit-platform-engine-1.11.4.jar:1.11.4]
	at org.junit.platform.engine.support.hierarchical.ThrowableCollector.execute(ThrowableCollector.java:73) ~[junit-platform-engine-1.11.4.jar:1.11.4]
	at org.junit.platform.engine.support.hierarchical.NodeTestTask.executeRecursively(NodeTestTask.java:143) ~[junit-platform-engine-1.11.4.jar:1.11.4]
	at org.junit.platform.engine.support.hierarchical.NodeTestTask.execute(NodeTestTask.java:100) ~[junit-platform-engine-1.11.4.jar:1.11.4]
	at java.base/java.util.ArrayList.forEach(ArrayList.java:1511) ~[na:na]
	at org.junit.platform.engine.support.hierarchical.SameThreadHierarchicalTestExecutorService.invokeAll(SameThreadHierarchicalTestExecutorService.java:41) ~[junit-platform-engine-1.11.4.jar:1.11.4]
	at org.junit.platform.engine.support.hierarchical.NodeTestTask.lambda$executeRecursively$6(NodeTestTask.java:160) ~[junit-platform-engine-1.11.4.jar:1.11.4]
	at org.junit.platform.engine.support.hierarchical.ThrowableCollector.execute(ThrowableCollector.java:73) ~[junit-platform-engine-1.11.4.jar:1.11.4]
	at org.junit.platform.engine.support.hierarchical.NodeTestTask.lambda$executeRecursively$8(NodeTestTask.java:146) ~[junit-platform-engine-1.11.4.jar:1.11.4]
	at org.junit.platform.engine.support.hierarchical.Node.around(Node.java:137) ~[junit-platform-engine-1.11.4.jar:1.11.4]
	at org.junit.platform.engine.support.hierarchical.NodeTestTask.lambda$executeRecursively$9(NodeTestTask.java:144) ~[junit-platform-engine-1.11.4.jar:1.11.4]
	at org.junit.platform.engine.support.hierarchical.ThrowableCollector.execute(ThrowableCollector.java:73) ~[junit-platform-engine-1.11.4.jar:1.11.4]
	at org.junit.platform.engine.support.hierarchical.NodeTestTask.executeRecursively(NodeTestTask.java:143) ~[junit-platform-engine-1.11.4.jar:1.11.4]
	at org.junit.platform.engine.support.hierarchical.NodeTestTask.execute(NodeTestTask.java:100) ~[junit-platform-engine-1.11.4.jar:1.11.4]
	at org.junit.platform.engine.support.hierarchical.SameThreadHierarchicalTestExecutorService.submit(SameThreadHierarchicalTestExecutorService.java:35) ~[junit-platform-engine-1.11.4.jar:1.11.4]
	at org.junit.platform.engine.support.hierarchical.HierarchicalTestExecutor.execute(HierarchicalTestExecutor.java:57) ~[junit-platform-engine-1.11.4.jar:1.11.4]
	at org.junit.platform.engine.support.hierarchical.HierarchicalTestEngine.execute(HierarchicalTestEngine.java:54) ~[junit-platform-engine-1.11.4.jar:1.11.4]
	at org.junit.platform.launcher.core.EngineExecutionOrchestrator.execute(EngineExecutionOrchestrator.java:198) ~[junit-platform-launcher-1.11.4.jar:1.11.4]
	at org.junit.platform.launcher.core.EngineExecutionOrchestrator.execute(EngineExecutionOrchestrator.java:169) ~[junit-platform-launcher-1.11.4.jar:1.11.4]
	at org.junit.platform.launcher.core.EngineExecutionOrchestrator.execute(EngineExecutionOrchestrator.java:93) ~[junit-platform-launcher-1.11.4.jar:1.11.4]
	at org.junit.platform.launcher.core.EngineExecutionOrchestrator.lambda$execute$0(EngineExecutionOrchestrator.java:58) ~[junit-platform-launcher-1.11.4.jar:1.11.4]
	at org.junit.platform.launcher.core.EngineExecutionOrchestrator.withInterceptedStreams(EngineExecutionOrchestrator.java:141) ~[junit-platform-launcher-1.11.4.jar:1.11.4]
	at org.junit.platform.launcher.core.EngineExecutionOrchestrator.execute(EngineExecutionOrchestrator.java:57) ~[junit-platform-launcher-1.11.4.jar:1.11.4]
	at org.junit.platform.launcher.core.DefaultLauncher.execute(DefaultLauncher.java:103) ~[junit-platform-launcher-1.11.4.jar:1.11.4]
	at org.junit.platform.launcher.core.DefaultLauncher.execute(DefaultLauncher.java:85) ~[junit-platform-launcher-1.11.4.jar:1.11.4]
	at org.junit.platform.launcher.core.DelegatingLauncher.execute(DelegatingLauncher.java:47) ~[junit-platform-launcher-1.11.4.jar:1.11.4]
	at org.junit.platform.launcher.core.SessionPerRequestLauncher.execute(SessionPerRequestLauncher.java:63) ~[junit-platform-launcher-1.11.4.jar:1.11.4]
	at com.intellij.junit5.JUnit5IdeaTestRunner.startRunnerWithArgs(JUnit5IdeaTestRunner.java:66) ~[junit5-rt.jar:na]
	at com.intellij.rt.junit.IdeaTestRunner$Repeater$1.execute(IdeaTestRunner.java:38) ~[junit-rt.jar:na]
	at com.intellij.rt.execution.junit.TestsRepeater.repeat(TestsRepeater.java:11) ~[idea_rt.jar:na]
	at com.intellij.rt.junit.IdeaTestRunner$Repeater.startRunnerWithArgs(IdeaTestRunner.java:35) ~[junit-rt.jar:na]
	at com.intellij.rt.junit.JUnitStarter.prepareStreamsAndStart(JUnitStarter.java:231) ~[junit-rt.jar:na]
	at com.intellij.rt.junit.JUnitStarter.main(JUnitStarter.java:55) ~[junit-rt.jar:na]
Caused by: org.h2.jdbc.JdbcSQLSyntaxErrorException: Syntax error in SQL statement "create table books (price integer, publish_date date, id bigint not null auto_increment, author varchar(255) not null, isbn varchar(255) not null, title varchar(255) not null, primary key (id)) engine[*]=InnoDB"; expected "identifier"; SQL statement:
create table books (price integer, publish_date date, id bigint not null auto_increment, author varchar(255) not null, isbn varchar(255) not null, title varchar(255) not null, primary key (id)) engine=InnoDB [42001-232]
	at org.h2.message.DbException.getJdbcSQLException(DbException.java:514) ~[h2-2.3.232.jar:2.3.232]
	at org.h2.message.DbException.getJdbcSQLException(DbException.java:489) ~[h2-2.3.232.jar:2.3.232]
	at org.h2.message.DbException.getSyntaxError(DbException.java:261) ~[h2-2.3.232.jar:2.3.232]
	at org.h2.command.Parser.readIdentifier(Parser.java:5527) ~[h2-2.3.232.jar:2.3.232]
	at org.h2.command.Parser.parseCreateTable(Parser.java:8827) ~[h2-2.3.232.jar:2.3.232]
	at org.h2.command.Parser.parseCreate(Parser.java:6398) ~[h2-2.3.232.jar:2.3.232]
	at org.h2.command.Parser.parsePrepared(Parser.java:645) ~[h2-2.3.232.jar:2.3.232]
	at org.h2.command.Parser.parse(Parser.java:581) ~[h2-2.3.232.jar:2.3.232]
	at org.h2.command.Parser.parse(Parser.java:556) ~[h2-2.3.232.jar:2.3.232]
	at org.h2.command.Parser.prepareCommand(Parser.java:484) ~[h2-2.3.232.jar:2.3.232]
	at org.h2.engine.SessionLocal.prepareLocal(SessionLocal.java:645) ~[h2-2.3.232.jar:2.3.232]
	at org.h2.engine.SessionLocal.prepareCommand(SessionLocal.java:561) ~[h2-2.3.232.jar:2.3.232]
	at org.h2.jdbc.JdbcConnection.prepareCommand(JdbcConnection.java:1164) ~[h2-2.3.232.jar:2.3.232]
	at org.h2.jdbc.JdbcStatement.executeInternal(JdbcStatement.java:245) ~[h2-2.3.232.jar:2.3.232]
	at org.h2.jdbc.JdbcStatement.execute(JdbcStatement.java:231) ~[h2-2.3.232.jar:2.3.232]
	at org.hibernate.tool.schema.internal.exec.GenerationTargetToDatabase.accept(GenerationTargetToDatabase.java:80) ~[hibernate-core-6.6.22.Final.jar:6.6.22.Final]
	... 118 common frames omitted

2025-08-26T22:15:32.922+09:00  WARN 14164 --- [MySpringBootLab] [main] o.h.t.s.i.ExceptionHandlerLoggedImpl     : GenerationTarget encountered exception accepting command : Error executing DDL "alter table book_details add constraint UKcj1y16bigff5oyvo049gj8vsi unique (book_id)" via JDBC [Table "BOOK_DETAILS" not found;]

org.hibernate.tool.schema.spi.CommandAcceptanceException: Error executing DDL "alter table book_details add constraint UKcj1y16bigff5oyvo049gj8vsi unique (book_id)" via JDBC [Table "BOOK_DETAILS" not found;]
	at org.hibernate.tool.schema.internal.exec.GenerationTargetToDatabase.accept(GenerationTargetToDatabase.java:94) ~[hibernate-core-6.6.22.Final.jar:6.6.22.Final]
	at org.hibernate.tool.schema.internal.Helper.applySqlString(Helper.java:233) ~[hibernate-core-6.6.22.Final.jar:6.6.22.Final]
	at org.hibernate.tool.schema.internal.Helper.applySqlStrings(Helper.java:217) ~[hibernate-core-6.6.22.Final.jar:6.6.22.Final]
	at org.hibernate.tool.schema.internal.SchemaCreatorImpl.createTableConstraints(SchemaCreatorImpl.java:402) ~[hibernate-core-6.6.22.Final.jar:6.6.22.Final]
	at org.hibernate.tool.schema.internal.SchemaCreatorImpl.createSequencesTablesConstraints(SchemaCreatorImpl.java:358) ~[hibernate-core-6.6.22.Final.jar:6.6.22.Final]
	at org.hibernate.tool.schema.internal.SchemaCreatorImpl.createFromMetadata(SchemaCreatorImpl.java:241) ~[hibernate-core-6.6.22.Final.jar:6.6.22.Final]
	at org.hibernate.tool.schema.internal.SchemaCreatorImpl.performCreation(SchemaCreatorImpl.java:174) ~[hibernate-core-6.6.22.Final.jar:6.6.22.Final]
	at org.hibernate.tool.schema.internal.SchemaCreatorImpl.doCreation(SchemaCreatorImpl.java:144) ~[hibernate-core-6.6.22.Final.jar:6.6.22.Final]
	at org.hibernate.tool.schema.internal.SchemaCreatorImpl.doCreation(SchemaCreatorImpl.java:120) ~[hibernate-core-6.6.22.Final.jar:6.6.22.Final]
	at org.hibernate.tool.schema.spi.SchemaManagementToolCoordinator.performDatabaseAction(SchemaManagementToolCoordinator.java:250) ~[hibernate-core-6.6.22.Final.jar:6.6.22.Final]
	at org.hibernate.tool.schema.spi.SchemaManagementToolCoordinator.lambda$process$5(SchemaManagementToolCoordinator.java:144) ~[hibernate-core-6.6.22.Final.jar:6.6.22.Final]
	at java.base/java.util.HashMap.forEach(HashMap.java:1421) ~[na:na]
	at org.hibernate.tool.schema.spi.SchemaManagementToolCoordinator.process(SchemaManagementToolCoordinator.java:141) ~[hibernate-core-6.6.22.Final.jar:6.6.22.Final]
	at org.hibernate.boot.internal.SessionFactoryObserverForSchemaExport.sessionFactoryCreated(SessionFactoryObserverForSchemaExport.java:37) ~[hibernate-core-6.6.22.Final.jar:6.6.22.Final]
	at org.hibernate.internal.SessionFactoryObserverChain.sessionFactoryCreated(SessionFactoryObserverChain.java:35) ~[hibernate-core-6.6.22.Final.jar:6.6.22.Final]
	at org.hibernate.internal.SessionFactoryImpl.<init>(SessionFactoryImpl.java:324) ~[hibernate-core-6.6.22.Final.jar:6.6.22.Final]
	at org.hibernate.boot.internal.SessionFactoryBuilderImpl.build(SessionFactoryBuilderImpl.java:463) ~[hibernate-core-6.6.22.Final.jar:6.6.22.Final]
	at org.hibernate.jpa.boot.internal.EntityManagerFactoryBuilderImpl.build(EntityManagerFactoryBuilderImpl.java:1517) ~[hibernate-core-6.6.22.Final.jar:6.6.22.Final]
	at org.springframework.orm.jpa.vendor.SpringHibernateJpaPersistenceProvider.createContainerEntityManagerFactory(SpringHibernateJpaPersistenceProvider.java:66) ~[spring-orm-6.2.9.jar:6.2.9]
	at org.springframework.orm.jpa.LocalContainerEntityManagerFactoryBean.createNativeEntityManagerFactory(LocalContainerEntityManagerFactoryBean.java:390) ~[spring-orm-6.2.9.jar:6.2.9]
	at org.springframework.orm.jpa.AbstractEntityManagerFactoryBean.buildNativeEntityManagerFactory(AbstractEntityManagerFactoryBean.java:419) ~[spring-orm-6.2.9.jar:6.2.9]
	at org.springframework.orm.jpa.AbstractEntityManagerFactoryBean.afterPropertiesSet(AbstractEntityManagerFactoryBean.java:400) ~[spring-orm-6.2.9.jar:6.2.9]
	at org.springframework.orm.jpa.LocalContainerEntityManagerFactoryBean.afterPropertiesSet(LocalContainerEntityManagerFactoryBean.java:366) ~[spring-orm-6.2.9.jar:6.2.9]
	at org.springframework.beans.factory.support.AbstractAutowireCapableBeanFactory.invokeInitMethods(AbstractAutowireCapableBeanFactory.java:1873) ~[spring-beans-6.2.9.jar:6.2.9]
	at org.springframework.beans.factory.support.AbstractAutowireCapableBeanFactory.initializeBean(AbstractAutowireCapableBeanFactory.java:1822) ~[spring-beans-6.2.9.jar:6.2.9]
	at org.springframework.beans.factory.support.AbstractAutowireCapableBeanFactory.doCreateBean(AbstractAutowireCapableBeanFactory.java:607) ~[spring-beans-6.2.9.jar:6.2.9]
	at org.springframework.beans.factory.support.AbstractAutowireCapableBeanFactory.createBean(AbstractAutowireCapableBeanFactory.java:529) ~[spring-beans-6.2.9.jar:6.2.9]
	at org.springframework.beans.factory.support.AbstractBeanFactory.lambda$doGetBean$0(AbstractBeanFactory.java:339) ~[spring-beans-6.2.9.jar:6.2.9]
	at org.springframework.beans.factory.support.DefaultSingletonBeanRegistry.getSingleton(DefaultSingletonBeanRegistry.java:373) ~[spring-beans-6.2.9.jar:6.2.9]
	at org.springframework.beans.factory.support.AbstractBeanFactory.doGetBean(AbstractBeanFactory.java:337) ~[spring-beans-6.2.9.jar:6.2.9]
	at org.springframework.beans.factory.support.AbstractBeanFactory.getBean(AbstractBeanFactory.java:207) ~[spring-beans-6.2.9.jar:6.2.9]
	at org.springframework.context.support.AbstractApplicationContext.finishBeanFactoryInitialization(AbstractApplicationContext.java:970) ~[spring-context-6.2.9.jar:6.2.9]
	at org.springframework.context.support.AbstractApplicationContext.refresh(AbstractApplicationContext.java:627) ~[spring-context-6.2.9.jar:6.2.9]
	at org.springframework.boot.SpringApplication.refresh(SpringApplication.java:752) ~[spring-boot-3.4.8.jar:3.4.8]
	at org.springframework.boot.SpringApplication.refreshContext(SpringApplication.java:439) ~[spring-boot-3.4.8.jar:3.4.8]
	at org.springframework.boot.SpringApplication.run(SpringApplication.java:318) ~[spring-boot-3.4.8.jar:3.4.8]
	at org.springframework.boot.test.context.SpringBootContextLoader.lambda$loadContext$3(SpringBootContextLoader.java:144) ~[spring-boot-test-3.4.8.jar:3.4.8]
	at org.springframework.util.function.ThrowingSupplier.get(ThrowingSupplier.java:58) ~[spring-core-6.2.9.jar:6.2.9]
	at org.springframework.util.function.ThrowingSupplier.get(ThrowingSupplier.java:46) ~[spring-core-6.2.9.jar:6.2.9]
	at org.springframework.boot.SpringApplication.withHook(SpringApplication.java:1461) ~[spring-boot-3.4.8.jar:3.4.8]
	at org.springframework.boot.test.context.SpringBootContextLoader$ContextLoaderHook.run(SpringBootContextLoader.java:563) ~[spring-boot-test-3.4.8.jar:3.4.8]
	at org.springframework.boot.test.context.SpringBootContextLoader.loadContext(SpringBootContextLoader.java:144) ~[spring-boot-test-3.4.8.jar:3.4.8]
	at org.springframework.boot.test.context.SpringBootContextLoader.loadContext(SpringBootContextLoader.java:110) ~[spring-boot-test-3.4.8.jar:3.4.8]
	at org.springframework.test.context.cache.DefaultCacheAwareContextLoaderDelegate.loadContextInternal(DefaultCacheAwareContextLoaderDelegate.java:225) ~[spring-test-6.2.9.jar:6.2.9]
	at org.springframework.test.context.cache.DefaultCacheAwareContextLoaderDelegate.loadContext(DefaultCacheAwareContextLoaderDelegate.java:152) ~[spring-test-6.2.9.jar:6.2.9]
	at org.springframework.test.context.support.DefaultTestContext.getApplicationContext(DefaultTestContext.java:130) ~[spring-test-6.2.9.jar:6.2.9]
	at org.springframework.test.context.support.DependencyInjectionTestExecutionListener.injectDependencies(DependencyInjectionTestExecutionListener.java:155) ~[spring-test-6.2.9.jar:6.2.9]
	at org.springframework.test.context.support.DependencyInjectionTestExecutionListener.prepareTestInstance(DependencyInjectionTestExecutionListener.java:111) ~[spring-test-6.2.9.jar:6.2.9]
	at org.springframework.test.context.TestContextManager.prepareTestInstance(TestContextManager.java:260) ~[spring-test-6.2.9.jar:6.2.9]
	at org.springframework.test.context.junit.jupiter.SpringExtension.postProcessTestInstance(SpringExtension.java:159) ~[spring-test-6.2.9.jar:6.2.9]
	at org.junit.jupiter.engine.descriptor.ClassBasedTestDescriptor.lambda$invokeTestInstancePostProcessors$11(ClassBasedTestDescriptor.java:378) ~[junit-jupiter-engine-5.11.4.jar:5.11.4]
	at org.junit.jupiter.engine.descriptor.ClassBasedTestDescriptor.executeAndMaskThrowable(ClassBasedTestDescriptor.java:383) ~[junit-jupiter-engine-5.11.4.jar:5.11.4]
	at org.junit.jupiter.engine.descriptor.ClassBasedTestDescriptor.lambda$invokeTestInstancePostProcessors$12(ClassBasedTestDescriptor.java:378) ~[junit-jupiter-engine-5.11.4.jar:5.11.4]
	at java.base/java.util.stream.ForEachOps$ForEachOp$OfRef.accept(ForEachOps.java:183) ~[na:na]
	at java.base/java.util.stream.ReferencePipeline$3$1.accept(ReferencePipeline.java:197) ~[na:na]
	at java.base/java.util.stream.ReferencePipeline$2$1.accept(ReferencePipeline.java:179) ~[na:na]
	at java.base/java.util.stream.ReferencePipeline$3$1.accept(ReferencePipeline.java:197) ~[na:na]
	at java.base/java.util.ArrayList$ArrayListSpliterator.forEachRemaining(ArrayList.java:1625) ~[na:na]
	at java.base/java.util.stream.AbstractPipeline.copyInto(AbstractPipeline.java:509) ~[na:na]
	at java.base/java.util.stream.AbstractPipeline.wrapAndCopyInto(AbstractPipeline.java:499) ~[na:na]
	at java.base/java.util.stream.ForEachOps$ForEachOp.evaluateSequential(ForEachOps.java:150) ~[na:na]
	at java.base/java.util.stream.ForEachOps$ForEachOp$OfRef.evaluateSequential(ForEachOps.java:173) ~[na:na]
	at java.base/java.util.stream.AbstractPipeline.evaluate(AbstractPipeline.java:234) ~[na:na]
	at java.base/java.util.stream.ReferencePipeline.forEach(ReferencePipeline.java:596) ~[na:na]
	at org.junit.jupiter.engine.descriptor.ClassBasedTestDescriptor.invokeTestInstancePostProcessors(ClassBasedTestDescriptor.java:377) ~[junit-jupiter-engine-5.11.4.jar:5.11.4]
	at org.junit.jupiter.engine.descriptor.ClassBasedTestDescriptor.lambda$instantiateAndPostProcessTestInstance$7(ClassBasedTestDescriptor.java:290) ~[junit-jupiter-engine-5.11.4.jar:5.11.4]
	at org.junit.platform.engine.support.hierarchical.ThrowableCollector.execute(ThrowableCollector.java:73) ~[junit-platform-engine-1.11.4.jar:1.11.4]
	at org.junit.jupiter.engine.descriptor.ClassBasedTestDescriptor.instantiateAndPostProcessTestInstance(ClassBasedTestDescriptor.java:289) ~[junit-jupiter-engine-5.11.4.jar:5.11.4]
	at org.junit.jupiter.engine.descriptor.ClassBasedTestDescriptor.lambda$testInstancesProvider$5(ClassBasedTestDescriptor.java:279) ~[junit-jupiter-engine-5.11.4.jar:5.11.4]
	at java.base/java.util.Optional.orElseGet(Optional.java:364) ~[na:na]
	at org.junit.jupiter.engine.descriptor.ClassBasedTestDescriptor.lambda$testInstancesProvider$6(ClassBasedTestDescriptor.java:278) ~[junit-jupiter-engine-5.11.4.jar:5.11.4]
	at org.junit.jupiter.engine.execution.TestInstancesProvider.getTestInstances(TestInstancesProvider.java:31) ~[junit-jupiter-engine-5.11.4.jar:5.11.4]
	at org.junit.jupiter.engine.descriptor.TestMethodTestDescriptor.lambda$prepare$1(TestMethodTestDescriptor.java:105) ~[junit-jupiter-engine-5.11.4.jar:5.11.4]
	at org.junit.platform.engine.support.hierarchical.ThrowableCollector.execute(ThrowableCollector.java:73) ~[junit-platform-engine-1.11.4.jar:1.11.4]
	at org.junit.jupiter.engine.descriptor.TestMethodTestDescriptor.prepare(TestMethodTestDescriptor.java:104) ~[junit-jupiter-engine-5.11.4.jar:5.11.4]
	at org.junit.jupiter.engine.descriptor.TestMethodTestDescriptor.prepare(TestMethodTestDescriptor.java:68) ~[junit-jupiter-engine-5.11.4.jar:5.11.4]
	at org.junit.platform.engine.support.hierarchical.NodeTestTask.lambda$prepare$2(NodeTestTask.java:128) ~[junit-platform-engine-1.11.4.jar:1.11.4]
	at org.junit.platform.engine.support.hierarchical.ThrowableCollector.execute(ThrowableCollector.java:73) ~[junit-platform-engine-1.11.4.jar:1.11.4]
	at org.junit.platform.engine.support.hierarchical.NodeTestTask.prepare(NodeTestTask.java:128) ~[junit-platform-engine-1.11.4.jar:1.11.4]
	at org.junit.platform.engine.support.hierarchical.NodeTestTask.execute(NodeTestTask.java:95) ~[junit-platform-engine-1.11.4.jar:1.11.4]
	at java.base/java.util.ArrayList.forEach(ArrayList.java:1511) ~[na:na]
	at org.junit.platform.engine.support.hierarchical.SameThreadHierarchicalTestExecutorService.invokeAll(SameThreadHierarchicalTestExecutorService.java:41) ~[junit-platform-engine-1.11.4.jar:1.11.4]
	at org.junit.platform.engine.support.hierarchical.NodeTestTask.lambda$executeRecursively$6(NodeTestTask.java:160) ~[junit-platform-engine-1.11.4.jar:1.11.4]
	at org.junit.platform.engine.support.hierarchical.ThrowableCollector.execute(ThrowableCollector.java:73) ~[junit-platform-engine-1.11.4.jar:1.11.4]
	at org.junit.platform.engine.support.hierarchical.NodeTestTask.lambda$executeRecursively$8(NodeTestTask.java:146) ~[junit-platform-engine-1.11.4.jar:1.11.4]
	at org.junit.platform.engine.support.hierarchical.Node.around(Node.java:137) ~[junit-platform-engine-1.11.4.jar:1.11.4]
	at org.junit.platform.engine.support.hierarchical.NodeTestTask.lambda$executeRecursively$9(NodeTestTask.java:144) ~[junit-platform-engine-1.11.4.jar:1.11.4]
	at org.junit.platform.engine.support.hierarchical.ThrowableCollector.execute(ThrowableCollector.java:73) ~[junit-platform-engine-1.11.4.jar:1.11.4]
	at org.junit.platform.engine.support.hierarchical.NodeTestTask.executeRecursively(NodeTestTask.java:143) ~[junit-platform-engine-1.11.4.jar:1.11.4]
	at org.junit.platform.engine.support.hierarchical.NodeTestTask.execute(NodeTestTask.java:100) ~[junit-platform-engine-1.11.4.jar:1.11.4]
	at java.base/java.util.ArrayList.forEach(ArrayList.java:1511) ~[na:na]
	at org.junit.platform.engine.support.hierarchical.SameThreadHierarchicalTestExecutorService.invokeAll(SameThreadHierarchicalTestExecutorService.java:41) ~[junit-platform-engine-1.11.4.jar:1.11.4]
	at org.junit.platform.engine.support.hierarchical.NodeTestTask.lambda$executeRecursively$6(NodeTestTask.java:160) ~[junit-platform-engine-1.11.4.jar:1.11.4]
	at org.junit.platform.engine.support.hierarchical.ThrowableCollector.execute(ThrowableCollector.java:73) ~[junit-platform-engine-1.11.4.jar:1.11.4]
	at org.junit.platform.engine.support.hierarchical.NodeTestTask.lambda$executeRecursively$8(NodeTestTask.java:146) ~[junit-platform-engine-1.11.4.jar:1.11.4]
	at org.junit.platform.engine.support.hierarchical.Node.around(Node.java:137) ~[junit-platform-engine-1.11.4.jar:1.11.4]
	at org.junit.platform.engine.support.hierarchical.NodeTestTask.lambda$executeRecursively$9(NodeTestTask.java:144) ~[junit-platform-engine-1.11.4.jar:1.11.4]
	at org.junit.platform.engine.support.hierarchical.ThrowableCollector.execute(ThrowableCollector.java:73) ~[junit-platform-engine-1.11.4.jar:1.11.4]
	at org.junit.platform.engine.support.hierarchical.NodeTestTask.executeRecursively(NodeTestTask.java:143) ~[junit-platform-engine-1.11.4.jar:1.11.4]
	at org.junit.platform.engine.support.hierarchical.NodeTestTask.execute(NodeTestTask.java:100) ~[junit-platform-engine-1.11.4.jar:1.11.4]
	at org.junit.platform.engine.support.hierarchical.SameThreadHierarchicalTestExecutorService.submit(SameThreadHierarchicalTestExecutorService.java:35) ~[junit-platform-engine-1.11.4.jar:1.11.4]
	at org.junit.platform.engine.support.hierarchical.HierarchicalTestExecutor.execute(HierarchicalTestExecutor.java:57) ~[junit-platform-engine-1.11.4.jar:1.11.4]
	at org.junit.platform.engine.support.hierarchical.HierarchicalTestEngine.execute(HierarchicalTestEngine.java:54) ~[junit-platform-engine-1.11.4.jar:1.11.4]
	at org.junit.platform.launcher.core.EngineExecutionOrchestrator.execute(EngineExecutionOrchestrator.java:198) ~[junit-platform-launcher-1.11.4.jar:1.11.4]
	at org.junit.platform.launcher.core.EngineExecutionOrchestrator.execute(EngineExecutionOrchestrator.java:169) ~[junit-platform-launcher-1.11.4.jar:1.11.4]
	at org.junit.platform.launcher.core.EngineExecutionOrchestrator.execute(EngineExecutionOrchestrator.java:93) ~[junit-platform-launcher-1.11.4.jar:1.11.4]
	at org.junit.platform.launcher.core.EngineExecutionOrchestrator.lambda$execute$0(EngineExecutionOrchestrator.java:58) ~[junit-platform-launcher-1.11.4.jar:1.11.4]
	at org.junit.platform.launcher.core.EngineExecutionOrchestrator.withInterceptedStreams(EngineExecutionOrchestrator.java:141) ~[junit-platform-launcher-1.11.4.jar:1.11.4]
	at org.junit.platform.launcher.core.EngineExecutionOrchestrator.execute(EngineExecutionOrchestrator.java:57) ~[junit-platform-launcher-1.11.4.jar:1.11.4]
	at org.junit.platform.launcher.core.DefaultLauncher.execute(DefaultLauncher.java:103) ~[junit-platform-launcher-1.11.4.jar:1.11.4]
	at org.junit.platform.launcher.core.DefaultLauncher.execute(DefaultLauncher.java:85) ~[junit-platform-launcher-1.11.4.jar:1.11.4]
	at org.junit.platform.launcher.core.DelegatingLauncher.execute(DelegatingLauncher.java:47) ~[junit-platform-launcher-1.11.4.jar:1.11.4]
	at org.junit.platform.launcher.core.SessionPerRequestLauncher.execute(SessionPerRequestLauncher.java:63) ~[junit-platform-launcher-1.11.4.jar:1.11.4]
	at com.intellij.junit5.JUnit5IdeaTestRunner.startRunnerWithArgs(JUnit5IdeaTestRunner.java:66) ~[junit5-rt.jar:na]
	at com.intellij.rt.junit.IdeaTestRunner$Repeater$1.execute(IdeaTestRunner.java:38) ~[junit-rt.jar:na]
	at com.intellij.rt.execution.junit.TestsRepeater.repeat(TestsRepeater.java:11) ~[idea_rt.jar:na]
	at com.intellij.rt.junit.IdeaTestRunner$Repeater.startRunnerWithArgs(IdeaTestRunner.java:35) ~[junit-rt.jar:na]
	at com.intellij.rt.junit.JUnitStarter.prepareStreamsAndStart(JUnitStarter.java:231) ~[junit-rt.jar:na]
	at com.intellij.rt.junit.JUnitStarter.main(JUnitStarter.java:55) ~[junit-rt.jar:na]
Caused by: org.h2.jdbc.JdbcSQLSyntaxErrorException: Table "BOOK_DETAILS" not found; SQL statement:
alter table book_details add constraint UKcj1y16bigff5oyvo049gj8vsi unique (book_id) [42102-232]
	at org.h2.message.DbException.getJdbcSQLException(DbException.java:514) ~[h2-2.3.232.jar:2.3.232]
	at org.h2.message.DbException.getJdbcSQLException(DbException.java:489) ~[h2-2.3.232.jar:2.3.232]
	at org.h2.message.DbException.get(DbException.java:223) ~[h2-2.3.232.jar:2.3.232]
	at org.h2.message.DbException.get(DbException.java:199) ~[h2-2.3.232.jar:2.3.232]
	at org.h2.command.ddl.AlterTable.update(AlterTable.java:43) ~[h2-2.3.232.jar:2.3.232]
	at org.h2.command.CommandContainer.update(CommandContainer.java:139) ~[h2-2.3.232.jar:2.3.232]
	at org.h2.command.Command.executeUpdate(Command.java:304) ~[h2-2.3.232.jar:2.3.232]
	at org.h2.command.Command.executeUpdate(Command.java:248) ~[h2-2.3.232.jar:2.3.232]
	at org.h2.jdbc.JdbcStatement.executeInternal(JdbcStatement.java:262) ~[h2-2.3.232.jar:2.3.232]
	at org.h2.jdbc.JdbcStatement.execute(JdbcStatement.java:231) ~[h2-2.3.232.jar:2.3.232]
	at org.hibernate.tool.schema.internal.exec.GenerationTargetToDatabase.accept(GenerationTargetToDatabase.java:80) ~[hibernate-core-6.6.22.Final.jar:6.6.22.Final]
	... 118 common frames omitted

2025-08-26T22:15:32.927+09:00  WARN 14164 --- [MySpringBootLab] [main] o.h.t.s.i.ExceptionHandlerLoggedImpl     : GenerationTarget encountered exception accepting command : Error executing DDL "alter table books add constraint UKkibbepcitr0a3cpk3rfr7nihn unique (isbn)" via JDBC [Table "BOOKS" not found;]

org.hibernate.tool.schema.spi.CommandAcceptanceException: Error executing DDL "alter table books add constraint UKkibbepcitr0a3cpk3rfr7nihn unique (isbn)" via JDBC [Table "BOOKS" not found;]
	at org.hibernate.tool.schema.internal.exec.GenerationTargetToDatabase.accept(GenerationTargetToDatabase.java:94) ~[hibernate-core-6.6.22.Final.jar:6.6.22.Final]
	at org.hibernate.tool.schema.internal.Helper.applySqlString(Helper.java:233) ~[hibernate-core-6.6.22.Final.jar:6.6.22.Final]
	at org.hibernate.tool.schema.internal.Helper.applySqlStrings(Helper.java:217) ~[hibernate-core-6.6.22.Final.jar:6.6.22.Final]
	at org.hibernate.tool.schema.internal.SchemaCreatorImpl.createTableConstraints(SchemaCreatorImpl.java:402) ~[hibernate-core-6.6.22.Final.jar:6.6.22.Final]
	at org.hibernate.tool.schema.internal.SchemaCreatorImpl.createSequencesTablesConstraints(SchemaCreatorImpl.java:358) ~[hibernate-core-6.6.22.Final.jar:6.6.22.Final]
	at org.hibernate.tool.schema.internal.SchemaCreatorImpl.createFromMetadata(SchemaCreatorImpl.java:241) ~[hibernate-core-6.6.22.Final.jar:6.6.22.Final]
	at org.hibernate.tool.schema.internal.SchemaCreatorImpl.performCreation(SchemaCreatorImpl.java:174) ~[hibernate-core-6.6.22.Final.jar:6.6.22.Final]
	at org.hibernate.tool.schema.internal.SchemaCreatorImpl.doCreation(SchemaCreatorImpl.java:144) ~[hibernate-core-6.6.22.Final.jar:6.6.22.Final]
	at org.hibernate.tool.schema.internal.SchemaCreatorImpl.doCreation(SchemaCreatorImpl.java:120) ~[hibernate-core-6.6.22.Final.jar:6.6.22.Final]
	at org.hibernate.tool.schema.spi.SchemaManagementToolCoordinator.performDatabaseAction(SchemaManagementToolCoordinator.java:250) ~[hibernate-core-6.6.22.Final.jar:6.6.22.Final]
	at org.hibernate.tool.schema.spi.SchemaManagementToolCoordinator.lambda$process$5(SchemaManagementToolCoordinator.java:144) ~[hibernate-core-6.6.22.Final.jar:6.6.22.Final]
	at java.base/java.util.HashMap.forEach(HashMap.java:1421) ~[na:na]
	at org.hibernate.tool.schema.spi.SchemaManagementToolCoordinator.process(SchemaManagementToolCoordinator.java:141) ~[hibernate-core-6.6.22.Final.jar:6.6.22.Final]
	at org.hibernate.boot.internal.SessionFactoryObserverForSchemaExport.sessionFactoryCreated(SessionFactoryObserverForSchemaExport.java:37) ~[hibernate-core-6.6.22.Final.jar:6.6.22.Final]
	at org.hibernate.internal.SessionFactoryObserverChain.sessionFactoryCreated(SessionFactoryObserverChain.java:35) ~[hibernate-core-6.6.22.Final.jar:6.6.22.Final]
	at org.hibernate.internal.SessionFactoryImpl.<init>(SessionFactoryImpl.java:324) ~[hibernate-core-6.6.22.Final.jar:6.6.22.Final]
	at org.hibernate.boot.internal.SessionFactoryBuilderImpl.build(SessionFactoryBuilderImpl.java:463) ~[hibernate-core-6.6.22.Final.jar:6.6.22.Final]
	at org.hibernate.jpa.boot.internal.EntityManagerFactoryBuilderImpl.build(EntityManagerFactoryBuilderImpl.java:1517) ~[hibernate-core-6.6.22.Final.jar:6.6.22.Final]
	at org.springframework.orm.jpa.vendor.SpringHibernateJpaPersistenceProvider.createContainerEntityManagerFactory(SpringHibernateJpaPersistenceProvider.java:66) ~[spring-orm-6.2.9.jar:6.2.9]
	at org.springframework.orm.jpa.LocalContainerEntityManagerFactoryBean.createNativeEntityManagerFactory(LocalContainerEntityManagerFactoryBean.java:390) ~[spring-orm-6.2.9.jar:6.2.9]
	at org.springframework.orm.jpa.AbstractEntityManagerFactoryBean.buildNativeEntityManagerFactory(AbstractEntityManagerFactoryBean.java:419) ~[spring-orm-6.2.9.jar:6.2.9]
	at org.springframework.orm.jpa.AbstractEntityManagerFactoryBean.afterPropertiesSet(AbstractEntityManagerFactoryBean.java:400) ~[spring-orm-6.2.9.jar:6.2.9]
	at org.springframework.orm.jpa.LocalContainerEntityManagerFactoryBean.afterPropertiesSet(LocalContainerEntityManagerFactoryBean.java:366) ~[spring-orm-6.2.9.jar:6.2.9]
	at org.springframework.beans.factory.support.AbstractAutowireCapableBeanFactory.invokeInitMethods(AbstractAutowireCapableBeanFactory.java:1873) ~[spring-beans-6.2.9.jar:6.2.9]
	at org.springframework.beans.factory.support.AbstractAutowireCapableBeanFactory.initializeBean(AbstractAutowireCapableBeanFactory.java:1822) ~[spring-beans-6.2.9.jar:6.2.9]
	at org.springframework.beans.factory.support.AbstractAutowireCapableBeanFactory.doCreateBean(AbstractAutowireCapableBeanFactory.java:607) ~[spring-beans-6.2.9.jar:6.2.9]
	at org.springframework.beans.factory.support.AbstractAutowireCapableBeanFactory.createBean(AbstractAutowireCapableBeanFactory.java:529) ~[spring-beans-6.2.9.jar:6.2.9]
	at org.springframework.beans.factory.support.AbstractBeanFactory.lambda$doGetBean$0(AbstractBeanFactory.java:339) ~[spring-beans-6.2.9.jar:6.2.9]
	at org.springframework.beans.factory.support.DefaultSingletonBeanRegistry.getSingleton(DefaultSingletonBeanRegistry.java:373) ~[spring-beans-6.2.9.jar:6.2.9]
	at org.springframework.beans.factory.support.AbstractBeanFactory.doGetBean(AbstractBeanFactory.java:337) ~[spring-beans-6.2.9.jar:6.2.9]
	at org.springframework.beans.factory.support.AbstractBeanFactory.getBean(AbstractBeanFactory.java:207) ~[spring-beans-6.2.9.jar:6.2.9]
	at org.springframework.context.support.AbstractApplicationContext.finishBeanFactoryInitialization(AbstractApplicationContext.java:970) ~[spring-context-6.2.9.jar:6.2.9]
	at org.springframework.context.support.AbstractApplicationContext.refresh(AbstractApplicationContext.java:627) ~[spring-context-6.2.9.jar:6.2.9]
	at org.springframework.boot.SpringApplication.refresh(SpringApplication.java:752) ~[spring-boot-3.4.8.jar:3.4.8]
	at org.springframework.boot.SpringApplication.refreshContext(SpringApplication.java:439) ~[spring-boot-3.4.8.jar:3.4.8]
	at org.springframework.boot.SpringApplication.run(SpringApplication.java:318) ~[spring-boot-3.4.8.jar:3.4.8]
	at org.springframework.boot.test.context.SpringBootContextLoader.lambda$loadContext$3(SpringBootContextLoader.java:144) ~[spring-boot-test-3.4.8.jar:3.4.8]
	at org.springframework.util.function.ThrowingSupplier.get(ThrowingSupplier.java:58) ~[spring-core-6.2.9.jar:6.2.9]
	at org.springframework.util.function.ThrowingSupplier.get(ThrowingSupplier.java:46) ~[spring-core-6.2.9.jar:6.2.9]
	at org.springframework.boot.SpringApplication.withHook(SpringApplication.java:1461) ~[spring-boot-3.4.8.jar:3.4.8]
	at org.springframework.boot.test.context.SpringBootContextLoader$ContextLoaderHook.run(SpringBootContextLoader.java:563) ~[spring-boot-test-3.4.8.jar:3.4.8]
	at org.springframework.boot.test.context.SpringBootContextLoader.loadContext(SpringBootContextLoader.java:144) ~[spring-boot-test-3.4.8.jar:3.4.8]
	at org.springframework.boot.test.context.SpringBootContextLoader.loadContext(SpringBootContextLoader.java:110) ~[spring-boot-test-3.4.8.jar:3.4.8]
	at org.springframework.test.context.cache.DefaultCacheAwareContextLoaderDelegate.loadContextInternal(DefaultCacheAwareContextLoaderDelegate.java:225) ~[spring-test-6.2.9.jar:6.2.9]
	at org.springframework.test.context.cache.DefaultCacheAwareContextLoaderDelegate.loadContext(DefaultCacheAwareContextLoaderDelegate.java:152) ~[spring-test-6.2.9.jar:6.2.9]
	at org.springframework.test.context.support.DefaultTestContext.getApplicationContext(DefaultTestContext.java:130) ~[spring-test-6.2.9.jar:6.2.9]
	at org.springframework.test.context.support.DependencyInjectionTestExecutionListener.injectDependencies(DependencyInjectionTestExecutionListener.java:155) ~[spring-test-6.2.9.jar:6.2.9]
	at org.springframework.test.context.support.DependencyInjectionTestExecutionListener.prepareTestInstance(DependencyInjectionTestExecutionListener.java:111) ~[spring-test-6.2.9.jar:6.2.9]
	at org.springframework.test.context.TestContextManager.prepareTestInstance(TestContextManager.java:260) ~[spring-test-6.2.9.jar:6.2.9]
	at org.springframework.test.context.junit.jupiter.SpringExtension.postProcessTestInstance(SpringExtension.java:159) ~[spring-test-6.2.9.jar:6.2.9]
	at org.junit.jupiter.engine.descriptor.ClassBasedTestDescriptor.lambda$invokeTestInstancePostProcessors$11(ClassBasedTestDescriptor.java:378) ~[junit-jupiter-engine-5.11.4.jar:5.11.4]
	at org.junit.jupiter.engine.descriptor.ClassBasedTestDescriptor.executeAndMaskThrowable(ClassBasedTestDescriptor.java:383) ~[junit-jupiter-engine-5.11.4.jar:5.11.4]
	at org.junit.jupiter.engine.descriptor.ClassBasedTestDescriptor.lambda$invokeTestInstancePostProcessors$12(ClassBasedTestDescriptor.java:378) ~[junit-jupiter-engine-5.11.4.jar:5.11.4]
	at java.base/java.util.stream.ForEachOps$ForEachOp$OfRef.accept(ForEachOps.java:183) ~[na:na]
	at java.base/java.util.stream.ReferencePipeline$3$1.accept(ReferencePipeline.java:197) ~[na:na]
	at java.base/java.util.stream.ReferencePipeline$2$1.accept(ReferencePipeline.java:179) ~[na:na]
	at java.base/java.util.stream.ReferencePipeline$3$1.accept(ReferencePipeline.java:197) ~[na:na]
	at java.base/java.util.ArrayList$ArrayListSpliterator.forEachRemaining(ArrayList.java:1625) ~[na:na]
	at java.base/java.util.stream.AbstractPipeline.copyInto(AbstractPipeline.java:509) ~[na:na]
	at java.base/java.util.stream.AbstractPipeline.wrapAndCopyInto(AbstractPipeline.java:499) ~[na:na]
	at java.base/java.util.stream.ForEachOps$ForEachOp.evaluateSequential(ForEachOps.java:150) ~[na:na]
	at java.base/java.util.stream.ForEachOps$ForEachOp$OfRef.evaluateSequential(ForEachOps.java:173) ~[na:na]
	at java.base/java.util.stream.AbstractPipeline.evaluate(AbstractPipeline.java:234) ~[na:na]
	at java.base/java.util.stream.ReferencePipeline.forEach(ReferencePipeline.java:596) ~[na:na]
	at org.junit.jupiter.engine.descriptor.ClassBasedTestDescriptor.invokeTestInstancePostProcessors(ClassBasedTestDescriptor.java:377) ~[junit-jupiter-engine-5.11.4.jar:5.11.4]
	at org.junit.jupiter.engine.descriptor.ClassBasedTestDescriptor.lambda$instantiateAndPostProcessTestInstance$7(ClassBasedTestDescriptor.java:290) ~[junit-jupiter-engine-5.11.4.jar:5.11.4]
	at org.junit.platform.engine.support.hierarchical.ThrowableCollector.execute(ThrowableCollector.java:73) ~[junit-platform-engine-1.11.4.jar:1.11.4]
	at org.junit.jupiter.engine.descriptor.ClassBasedTestDescriptor.instantiateAndPostProcessTestInstance(ClassBasedTestDescriptor.java:289) ~[junit-jupiter-engine-5.11.4.jar:5.11.4]
	at org.junit.jupiter.engine.descriptor.ClassBasedTestDescriptor.lambda$testInstancesProvider$5(ClassBasedTestDescriptor.java:279) ~[junit-jupiter-engine-5.11.4.jar:5.11.4]
	at java.base/java.util.Optional.orElseGet(Optional.java:364) ~[na:na]
	at org.junit.jupiter.engine.descriptor.ClassBasedTestDescriptor.lambda$testInstancesProvider$6(ClassBasedTestDescriptor.java:278) ~[junit-jupiter-engine-5.11.4.jar:5.11.4]
	at org.junit.jupiter.engine.execution.TestInstancesProvider.getTestInstances(TestInstancesProvider.java:31) ~[junit-jupiter-engine-5.11.4.jar:5.11.4]
	at org.junit.jupiter.engine.descriptor.TestMethodTestDescriptor.lambda$prepare$1(TestMethodTestDescriptor.java:105) ~[junit-jupiter-engine-5.11.4.jar:5.11.4]
	at org.junit.platform.engine.support.hierarchical.ThrowableCollector.execute(ThrowableCollector.java:73) ~[junit-platform-engine-1.11.4.jar:1.11.4]
	at org.junit.jupiter.engine.descriptor.TestMethodTestDescriptor.prepare(TestMethodTestDescriptor.java:104) ~[junit-jupiter-engine-5.11.4.jar:5.11.4]
	at org.junit.jupiter.engine.descriptor.TestMethodTestDescriptor.prepare(TestMethodTestDescriptor.java:68) ~[junit-jupiter-engine-5.11.4.jar:5.11.4]
	at org.junit.platform.engine.support.hierarchical.NodeTestTask.lambda$prepare$2(NodeTestTask.java:128) ~[junit-platform-engine-1.11.4.jar:1.11.4]
	at org.junit.platform.engine.support.hierarchical.ThrowableCollector.execute(ThrowableCollector.java:73) ~[junit-platform-engine-1.11.4.jar:1.11.4]
	at org.junit.platform.engine.support.hierarchical.NodeTestTask.prepare(NodeTestTask.java:128) ~[junit-platform-engine-1.11.4.jar:1.11.4]
	at org.junit.platform.engine.support.hierarchical.NodeTestTask.execute(NodeTestTask.java:95) ~[junit-platform-engine-1.11.4.jar:1.11.4]
	at java.base/java.util.ArrayList.forEach(ArrayList.java:1511) ~[na:na]
	at org.junit.platform.engine.support.hierarchical.SameThreadHierarchicalTestExecutorService.invokeAll(SameThreadHierarchicalTestExecutorService.java:41) ~[junit-platform-engine-1.11.4.jar:1.11.4]
	at org.junit.platform.engine.support.hierarchical.NodeTestTask.lambda$executeRecursively$6(NodeTestTask.java:160) ~[junit-platform-engine-1.11.4.jar:1.11.4]
	at org.junit.platform.engine.support.hierarchical.ThrowableCollector.execute(ThrowableCollector.java:73) ~[junit-platform-engine-1.11.4.jar:1.11.4]
	at org.junit.platform.engine.support.hierarchical.NodeTestTask.lambda$executeRecursively$8(NodeTestTask.java:146) ~[junit-platform-engine-1.11.4.jar:1.11.4]
	at org.junit.platform.engine.support.hierarchical.Node.around(Node.java:137) ~[junit-platform-engine-1.11.4.jar:1.11.4]
	at org.junit.platform.engine.support.hierarchical.NodeTestTask.lambda$executeRecursively$9(NodeTestTask.java:144) ~[junit-platform-engine-1.11.4.jar:1.11.4]
	at org.junit.platform.engine.support.hierarchical.ThrowableCollector.execute(ThrowableCollector.java:73) ~[junit-platform-engine-1.11.4.jar:1.11.4]
	at org.junit.platform.engine.support.hierarchical.NodeTestTask.executeRecursively(NodeTestTask.java:143) ~[junit-platform-engine-1.11.4.jar:1.11.4]
	at org.junit.platform.engine.support.hierarchical.NodeTestTask.execute(NodeTestTask.java:100) ~[junit-platform-engine-1.11.4.jar:1.11.4]
	at java.base/java.util.ArrayList.forEach(ArrayList.java:1511) ~[na:na]
	at org.junit.platform.engine.support.hierarchical.SameThreadHierarchicalTestExecutorService.invokeAll(SameThreadHierarchicalTestExecutorService.java:41) ~[junit-platform-engine-1.11.4.jar:1.11.4]
	at org.junit.platform.engine.support.hierarchical.NodeTestTask.lambda$executeRecursively$6(NodeTestTask.java:160) ~[junit-platform-engine-1.11.4.jar:1.11.4]
	at org.junit.platform.engine.support.hierarchical.ThrowableCollector.execute(ThrowableCollector.java:73) ~[junit-platform-engine-1.11.4.jar:1.11.4]
	at org.junit.platform.engine.support.hierarchical.NodeTestTask.lambda$executeRecursively$8(NodeTestTask.java:146) ~[junit-platform-engine-1.11.4.jar:1.11.4]
	at org.junit.platform.engine.support.hierarchical.Node.around(Node.java:137) ~[junit-platform-engine-1.11.4.jar:1.11.4]
	at org.junit.platform.engine.support.hierarchical.NodeTestTask.lambda$executeRecursively$9(NodeTestTask.java:144) ~[junit-platform-engine-1.11.4.jar:1.11.4]
	at org.junit.platform.engine.support.hierarchical.ThrowableCollector.execute(ThrowableCollector.java:73) ~[junit-platform-engine-1.11.4.jar:1.11.4]
	at org.junit.platform.engine.support.hierarchical.NodeTestTask.executeRecursively(NodeTestTask.java:143) ~[junit-platform-engine-1.11.4.jar:1.11.4]
	at org.junit.platform.engine.support.hierarchical.NodeTestTask.execute(NodeTestTask.java:100) ~[junit-platform-engine-1.11.4.jar:1.11.4]
	at org.junit.platform.engine.support.hierarchical.SameThreadHierarchicalTestExecutorService.submit(SameThreadHierarchicalTestExecutorService.java:35) ~[junit-platform-engine-1.11.4.jar:1.11.4]
	at org.junit.platform.engine.support.hierarchical.HierarchicalTestExecutor.execute(HierarchicalTestExecutor.java:57) ~[junit-platform-engine-1.11.4.jar:1.11.4]
	at org.junit.platform.engine.support.hierarchical.HierarchicalTestEngine.execute(HierarchicalTestEngine.java:54) ~[junit-platform-engine-1.11.4.jar:1.11.4]
	at org.junit.platform.launcher.core.EngineExecutionOrchestrator.execute(EngineExecutionOrchestrator.java:198) ~[junit-platform-launcher-1.11.4.jar:1.11.4]
	at org.junit.platform.launcher.core.EngineExecutionOrchestrator.execute(EngineExecutionOrchestrator.java:169) ~[junit-platform-launcher-1.11.4.jar:1.11.4]
	at org.junit.platform.launcher.core.EngineExecutionOrchestrator.execute(EngineExecutionOrchestrator.java:93) ~[junit-platform-launcher-1.11.4.jar:1.11.4]
	at org.junit.platform.launcher.core.EngineExecutionOrchestrator.lambda$execute$0(EngineExecutionOrchestrator.java:58) ~[junit-platform-launcher-1.11.4.jar:1.11.4]
	at org.junit.platform.launcher.core.EngineExecutionOrchestrator.withInterceptedStreams(EngineExecutionOrchestrator.java:141) ~[junit-platform-launcher-1.11.4.jar:1.11.4]
	at org.junit.platform.launcher.core.EngineExecutionOrchestrator.execute(EngineExecutionOrchestrator.java:57) ~[junit-platform-launcher-1.11.4.jar:1.11.4]
	at org.junit.platform.launcher.core.DefaultLauncher.execute(DefaultLauncher.java:103) ~[junit-platform-launcher-1.11.4.jar:1.11.4]
	at org.junit.platform.launcher.core.DefaultLauncher.execute(DefaultLauncher.java:85) ~[junit-platform-launcher-1.11.4.jar:1.11.4]
	at org.junit.platform.launcher.core.DelegatingLauncher.execute(DelegatingLauncher.java:47) ~[junit-platform-launcher-1.11.4.jar:1.11.4]
	at org.junit.platform.launcher.core.SessionPerRequestLauncher.execute(SessionPerRequestLauncher.java:63) ~[junit-platform-launcher-1.11.4.jar:1.11.4]
	at com.intellij.junit5.JUnit5IdeaTestRunner.startRunnerWithArgs(JUnit5IdeaTestRunner.java:66) ~[junit5-rt.jar:na]
	at com.intellij.rt.junit.IdeaTestRunner$Repeater$1.execute(IdeaTestRunner.java:38) ~[junit-rt.jar:na]
	at com.intellij.rt.execution.junit.TestsRepeater.repeat(TestsRepeater.java:11) ~[idea_rt.jar:na]
	at com.intellij.rt.junit.IdeaTestRunner$Repeater.startRunnerWithArgs(IdeaTestRunner.java:35) ~[junit-rt.jar:na]
	at com.intellij.rt.junit.JUnitStarter.prepareStreamsAndStart(JUnitStarter.java:231) ~[junit-rt.jar:na]
	at com.intellij.rt.junit.JUnitStarter.main(JUnitStarter.java:55) ~[junit-rt.jar:na]
Caused by: org.h2.jdbc.JdbcSQLSyntaxErrorException: Table "BOOKS" not found; SQL statement:
alter table books add constraint UKkibbepcitr0a3cpk3rfr7nihn unique (isbn) [42102-232]
	at org.h2.message.DbException.getJdbcSQLException(DbException.java:514) ~[h2-2.3.232.jar:2.3.232]
	at org.h2.message.DbException.getJdbcSQLException(DbException.java:489) ~[h2-2.3.232.jar:2.3.232]
	at org.h2.message.DbException.get(DbException.java:223) ~[h2-2.3.232.jar:2.3.232]
	at org.h2.message.DbException.get(DbException.java:199) ~[h2-2.3.232.jar:2.3.232]
	at org.h2.command.ddl.AlterTable.update(AlterTable.java:43) ~[h2-2.3.232.jar:2.3.232]
	at org.h2.command.CommandContainer.update(CommandContainer.java:139) ~[h2-2.3.232.jar:2.3.232]
	at org.h2.command.Command.executeUpdate(Command.java:304) ~[h2-2.3.232.jar:2.3.232]
	at org.h2.command.Command.executeUpdate(Command.java:248) ~[h2-2.3.232.jar:2.3.232]
	at org.h2.jdbc.JdbcStatement.executeInternal(JdbcStatement.java:262) ~[h2-2.3.232.jar:2.3.232]
	at org.h2.jdbc.JdbcStatement.execute(JdbcStatement.java:231) ~[h2-2.3.232.jar:2.3.232]
	at org.hibernate.tool.schema.internal.exec.GenerationTargetToDatabase.accept(GenerationTargetToDatabase.java:80) ~[hibernate-core-6.6.22.Final.jar:6.6.22.Final]
	... 118 common frames omitted

2025-08-26T22:15:32.927+09:00  WARN 14164 --- [MySpringBootLab] [main] o.h.t.s.i.ExceptionHandlerLoggedImpl     : GenerationTarget encountered exception accepting command : Error executing DDL "alter table book_details add constraint FKoa7sqrtgxwg066s9521udtvpv foreign key (book_id) references books (id)" via JDBC [Table "BOOK_DETAILS" not found;]

org.hibernate.tool.schema.spi.CommandAcceptanceException: Error executing DDL "alter table book_details add constraint FKoa7sqrtgxwg066s9521udtvpv foreign key (book_id) references books (id)" via JDBC [Table "BOOK_DETAILS" not found;]
	at org.hibernate.tool.schema.internal.exec.GenerationTargetToDatabase.accept(GenerationTargetToDatabase.java:94) ~[hibernate-core-6.6.22.Final.jar:6.6.22.Final]
	at org.hibernate.tool.schema.internal.Helper.applySqlString(Helper.java:233) ~[hibernate-core-6.6.22.Final.jar:6.6.22.Final]
	at org.hibernate.tool.schema.internal.Helper.applySqlStrings(Helper.java:217) ~[hibernate-core-6.6.22.Final.jar:6.6.22.Final]
	at org.hibernate.tool.schema.internal.SchemaCreatorImpl.createForeignKeys(SchemaCreatorImpl.java:307) ~[hibernate-core-6.6.22.Final.jar:6.6.22.Final]
	at org.hibernate.tool.schema.internal.SchemaCreatorImpl.createFromMetadata(SchemaCreatorImpl.java:253) ~[hibernate-core-6.6.22.Final.jar:6.6.22.Final]
	at org.hibernate.tool.schema.internal.SchemaCreatorImpl.performCreation(SchemaCreatorImpl.java:174) ~[hibernate-core-6.6.22.Final.jar:6.6.22.Final]
	at org.hibernate.tool.schema.internal.SchemaCreatorImpl.doCreation(SchemaCreatorImpl.java:144) ~[hibernate-core-6.6.22.Final.jar:6.6.22.Final]
	at org.hibernate.tool.schema.internal.SchemaCreatorImpl.doCreation(SchemaCreatorImpl.java:120) ~[hibernate-core-6.6.22.Final.jar:6.6.22.Final]
	at org.hibernate.tool.schema.spi.SchemaManagementToolCoordinator.performDatabaseAction(SchemaManagementToolCoordinator.java:250) ~[hibernate-core-6.6.22.Final.jar:6.6.22.Final]
	at org.hibernate.tool.schema.spi.SchemaManagementToolCoordinator.lambda$process$5(SchemaManagementToolCoordinator.java:144) ~[hibernate-core-6.6.22.Final.jar:6.6.22.Final]
	at java.base/java.util.HashMap.forEach(HashMap.java:1421) ~[na:na]
	at org.hibernate.tool.schema.spi.SchemaManagementToolCoordinator.process(SchemaManagementToolCoordinator.java:141) ~[hibernate-core-6.6.22.Final.jar:6.6.22.Final]
	at org.hibernate.boot.internal.SessionFactoryObserverForSchemaExport.sessionFactoryCreated(SessionFactoryObserverForSchemaExport.java:37) ~[hibernate-core-6.6.22.Final.jar:6.6.22.Final]
	at org.hibernate.internal.SessionFactoryObserverChain.sessionFactoryCreated(SessionFactoryObserverChain.java:35) ~[hibernate-core-6.6.22.Final.jar:6.6.22.Final]
	at org.hibernate.internal.SessionFactoryImpl.<init>(SessionFactoryImpl.java:324) ~[hibernate-core-6.6.22.Final.jar:6.6.22.Final]
	at org.hibernate.boot.internal.SessionFactoryBuilderImpl.build(SessionFactoryBuilderImpl.java:463) ~[hibernate-core-6.6.22.Final.jar:6.6.22.Final]
	at org.hibernate.jpa.boot.internal.EntityManagerFactoryBuilderImpl.build(EntityManagerFactoryBuilderImpl.java:1517) ~[hibernate-core-6.6.22.Final.jar:6.6.22.Final]
	at org.springframework.orm.jpa.vendor.SpringHibernateJpaPersistenceProvider.createContainerEntityManagerFactory(SpringHibernateJpaPersistenceProvider.java:66) ~[spring-orm-6.2.9.jar:6.2.9]
	at org.springframework.orm.jpa.LocalContainerEntityManagerFactoryBean.createNativeEntityManagerFactory(LocalContainerEntityManagerFactoryBean.java:390) ~[spring-orm-6.2.9.jar:6.2.9]
	at org.springframework.orm.jpa.AbstractEntityManagerFactoryBean.buildNativeEntityManagerFactory(AbstractEntityManagerFactoryBean.java:419) ~[spring-orm-6.2.9.jar:6.2.9]
	at org.springframework.orm.jpa.AbstractEntityManagerFactoryBean.afterPropertiesSet(AbstractEntityManagerFactoryBean.java:400) ~[spring-orm-6.2.9.jar:6.2.9]
	at org.springframework.orm.jpa.LocalContainerEntityManagerFactoryBean.afterPropertiesSet(LocalContainerEntityManagerFactoryBean.java:366) ~[spring-orm-6.2.9.jar:6.2.9]
	at org.springframework.beans.factory.support.AbstractAutowireCapableBeanFactory.invokeInitMethods(AbstractAutowireCapableBeanFactory.java:1873) ~[spring-beans-6.2.9.jar:6.2.9]
	at org.springframework.beans.factory.support.AbstractAutowireCapableBeanFactory.initializeBean(AbstractAutowireCapableBeanFactory.java:1822) ~[spring-beans-6.2.9.jar:6.2.9]
	at org.springframework.beans.factory.support.AbstractAutowireCapableBeanFactory.doCreateBean(AbstractAutowireCapableBeanFactory.java:607) ~[spring-beans-6.2.9.jar:6.2.9]
	at org.springframework.beans.factory.support.AbstractAutowireCapableBeanFactory.createBean(AbstractAutowireCapableBeanFactory.java:529) ~[spring-beans-6.2.9.jar:6.2.9]
	at org.springframework.beans.factory.support.AbstractBeanFactory.lambda$doGetBean$0(AbstractBeanFactory.java:339) ~[spring-beans-6.2.9.jar:6.2.9]
	at org.springframework.beans.factory.support.DefaultSingletonBeanRegistry.getSingleton(DefaultSingletonBeanRegistry.java:373) ~[spring-beans-6.2.9.jar:6.2.9]
	at org.springframework.beans.factory.support.AbstractBeanFactory.doGetBean(AbstractBeanFactory.java:337) ~[spring-beans-6.2.9.jar:6.2.9]
	at org.springframework.beans.factory.support.AbstractBeanFactory.getBean(AbstractBeanFactory.java:207) ~[spring-beans-6.2.9.jar:6.2.9]
	at org.springframework.context.support.AbstractApplicationContext.finishBeanFactoryInitialization(AbstractApplicationContext.java:970) ~[spring-context-6.2.9.jar:6.2.9]
	at org.springframework.context.support.AbstractApplicationContext.refresh(AbstractApplicationContext.java:627) ~[spring-context-6.2.9.jar:6.2.9]
	at org.springframework.boot.SpringApplication.refresh(SpringApplication.java:752) ~[spring-boot-3.4.8.jar:3.4.8]
	at org.springframework.boot.SpringApplication.refreshContext(SpringApplication.java:439) ~[spring-boot-3.4.8.jar:3.4.8]
	at org.springframework.boot.SpringApplication.run(SpringApplication.java:318) ~[spring-boot-3.4.8.jar:3.4.8]
	at org.springframework.boot.test.context.SpringBootContextLoader.lambda$loadContext$3(SpringBootContextLoader.java:144) ~[spring-boot-test-3.4.8.jar:3.4.8]
	at org.springframework.util.function.ThrowingSupplier.get(ThrowingSupplier.java:58) ~[spring-core-6.2.9.jar:6.2.9]
	at org.springframework.util.function.ThrowingSupplier.get(ThrowingSupplier.java:46) ~[spring-core-6.2.9.jar:6.2.9]
	at org.springframework.boot.SpringApplication.withHook(SpringApplication.java:1461) ~[spring-boot-3.4.8.jar:3.4.8]
	at org.springframework.boot.test.context.SpringBootContextLoader$ContextLoaderHook.run(SpringBootContextLoader.java:563) ~[spring-boot-test-3.4.8.jar:3.4.8]
	at org.springframework.boot.test.context.SpringBootContextLoader.loadContext(SpringBootContextLoader.java:144) ~[spring-boot-test-3.4.8.jar:3.4.8]
	at org.springframework.boot.test.context.SpringBootContextLoader.loadContext(SpringBootContextLoader.java:110) ~[spring-boot-test-3.4.8.jar:3.4.8]
	at org.springframework.test.context.cache.DefaultCacheAwareContextLoaderDelegate.loadContextInternal(DefaultCacheAwareContextLoaderDelegate.java:225) ~[spring-test-6.2.9.jar:6.2.9]
	at org.springframework.test.context.cache.DefaultCacheAwareContextLoaderDelegate.loadContext(DefaultCacheAwareContextLoaderDelegate.java:152) ~[spring-test-6.2.9.jar:6.2.9]
	at org.springframework.test.context.support.DefaultTestContext.getApplicationContext(DefaultTestContext.java:130) ~[spring-test-6.2.9.jar:6.2.9]
	at org.springframework.test.context.support.DependencyInjectionTestExecutionListener.injectDependencies(DependencyInjectionTestExecutionListener.java:155) ~[spring-test-6.2.9.jar:6.2.9]
	at org.springframework.test.context.support.DependencyInjectionTestExecutionListener.prepareTestInstance(DependencyInjectionTestExecutionListener.java:111) ~[spring-test-6.2.9.jar:6.2.9]
	at org.springframework.test.context.TestContextManager.prepareTestInstance(TestContextManager.java:260) ~[spring-test-6.2.9.jar:6.2.9]
	at org.springframework.test.context.junit.jupiter.SpringExtension.postProcessTestInstance(SpringExtension.java:159) ~[spring-test-6.2.9.jar:6.2.9]
	at org.junit.jupiter.engine.descriptor.ClassBasedTestDescriptor.lambda$invokeTestInstancePostProcessors$11(ClassBasedTestDescriptor.java:378) ~[junit-jupiter-engine-5.11.4.jar:5.11.4]
	at org.junit.jupiter.engine.descriptor.ClassBasedTestDescriptor.executeAndMaskThrowable(ClassBasedTestDescriptor.java:383) ~[junit-jupiter-engine-5.11.4.jar:5.11.4]
	at org.junit.jupiter.engine.descriptor.ClassBasedTestDescriptor.lambda$invokeTestInstancePostProcessors$12(ClassBasedTestDescriptor.java:378) ~[junit-jupiter-engine-5.11.4.jar:5.11.4]
	at java.base/java.util.stream.ForEachOps$ForEachOp$OfRef.accept(ForEachOps.java:183) ~[na:na]
	at java.base/java.util.stream.ReferencePipeline$3$1.accept(ReferencePipeline.java:197) ~[na:na]
	at java.base/java.util.stream.ReferencePipeline$2$1.accept(ReferencePipeline.java:179) ~[na:na]
	at java.base/java.util.stream.ReferencePipeline$3$1.accept(ReferencePipeline.java:197) ~[na:na]
	at java.base/java.util.ArrayList$ArrayListSpliterator.forEachRemaining(ArrayList.java:1625) ~[na:na]
	at java.base/java.util.stream.AbstractPipeline.copyInto(AbstractPipeline.java:509) ~[na:na]
	at java.base/java.util.stream.AbstractPipeline.wrapAndCopyInto(AbstractPipeline.java:499) ~[na:na]
	at java.base/java.util.stream.ForEachOps$ForEachOp.evaluateSequential(ForEachOps.java:150) ~[na:na]
	at java.base/java.util.stream.ForEachOps$ForEachOp$OfRef.evaluateSequential(ForEachOps.java:173) ~[na:na]
	at java.base/java.util.stream.AbstractPipeline.evaluate(AbstractPipeline.java:234) ~[na:na]
	at java.base/java.util.stream.ReferencePipeline.forEach(ReferencePipeline.java:596) ~[na:na]
	at org.junit.jupiter.engine.descriptor.ClassBasedTestDescriptor.invokeTestInstancePostProcessors(ClassBasedTestDescriptor.java:377) ~[junit-jupiter-engine-5.11.4.jar:5.11.4]
	at org.junit.jupiter.engine.descriptor.ClassBasedTestDescriptor.lambda$instantiateAndPostProcessTestInstance$7(ClassBasedTestDescriptor.java:290) ~[junit-jupiter-engine-5.11.4.jar:5.11.4]
	at org.junit.platform.engine.support.hierarchical.ThrowableCollector.execute(ThrowableCollector.java:73) ~[junit-platform-engine-1.11.4.jar:1.11.4]
	at org.junit.jupiter.engine.descriptor.ClassBasedTestDescriptor.instantiateAndPostProcessTestInstance(ClassBasedTestDescriptor.java:289) ~[junit-jupiter-engine-5.11.4.jar:5.11.4]
	at org.junit.jupiter.engine.descriptor.ClassBasedTestDescriptor.lambda$testInstancesProvider$5(ClassBasedTestDescriptor.java:279) ~[junit-jupiter-engine-5.11.4.jar:5.11.4]
	at java.base/java.util.Optional.orElseGet(Optional.java:364) ~[na:na]
	at org.junit.jupiter.engine.descriptor.ClassBasedTestDescriptor.lambda$testInstancesProvider$6(ClassBasedTestDescriptor.java:278) ~[junit-jupiter-engine-5.11.4.jar:5.11.4]
	at org.junit.jupiter.engine.execution.TestInstancesProvider.getTestInstances(TestInstancesProvider.java:31) ~[junit-jupiter-engine-5.11.4.jar:5.11.4]
	at org.junit.jupiter.engine.descriptor.TestMethodTestDescriptor.lambda$prepare$1(TestMethodTestDescriptor.java:105) ~[junit-jupiter-engine-5.11.4.jar:5.11.4]
	at org.junit.platform.engine.support.hierarchical.ThrowableCollector.execute(ThrowableCollector.java:73) ~[junit-platform-engine-1.11.4.jar:1.11.4]
	at org.junit.jupiter.engine.descriptor.TestMethodTestDescriptor.prepare(TestMethodTestDescriptor.java:104) ~[junit-jupiter-engine-5.11.4.jar:5.11.4]
	at org.junit.jupiter.engine.descriptor.TestMethodTestDescriptor.prepare(TestMethodTestDescriptor.java:68) ~[junit-jupiter-engine-5.11.4.jar:5.11.4]
	at org.junit.platform.engine.support.hierarchical.NodeTestTask.lambda$prepare$2(NodeTestTask.java:128) ~[junit-platform-engine-1.11.4.jar:1.11.4]
	at org.junit.platform.engine.support.hierarchical.ThrowableCollector.execute(ThrowableCollector.java:73) ~[junit-platform-engine-1.11.4.jar:1.11.4]
	at org.junit.platform.engine.support.hierarchical.NodeTestTask.prepare(NodeTestTask.java:128) ~[junit-platform-engine-1.11.4.jar:1.11.4]
	at org.junit.platform.engine.support.hierarchical.NodeTestTask.execute(NodeTestTask.java:95) ~[junit-platform-engine-1.11.4.jar:1.11.4]
	at java.base/java.util.ArrayList.forEach(ArrayList.java:1511) ~[na:na]
	at org.junit.platform.engine.support.hierarchical.SameThreadHierarchicalTestExecutorService.invokeAll(SameThreadHierarchicalTestExecutorService.java:41) ~[junit-platform-engine-1.11.4.jar:1.11.4]
	at org.junit.platform.engine.support.hierarchical.NodeTestTask.lambda$executeRecursively$6(NodeTestTask.java:160) ~[junit-platform-engine-1.11.4.jar:1.11.4]
	at org.junit.platform.engine.support.hierarchical.ThrowableCollector.execute(ThrowableCollector.java:73) ~[junit-platform-engine-1.11.4.jar:1.11.4]
	at org.junit.platform.engine.support.hierarchical.NodeTestTask.lambda$executeRecursively$8(NodeTestTask.java:146) ~[junit-platform-engine-1.11.4.jar:1.11.4]
	at org.junit.platform.engine.support.hierarchical.Node.around(Node.java:137) ~[junit-platform-engine-1.11.4.jar:1.11.4]
	at org.junit.platform.engine.support.hierarchical.NodeTestTask.lambda$executeRecursively$9(NodeTestTask.java:144) ~[junit-platform-engine-1.11.4.jar:1.11.4]
	at org.junit.platform.engine.support.hierarchical.ThrowableCollector.execute(ThrowableCollector.java:73) ~[junit-platform-engine-1.11.4.jar:1.11.4]
	at org.junit.platform.engine.support.hierarchical.NodeTestTask.executeRecursively(NodeTestTask.java:143) ~[junit-platform-engine-1.11.4.jar:1.11.4]
	at org.junit.platform.engine.support.hierarchical.NodeTestTask.execute(NodeTestTask.java:100) ~[junit-platform-engine-1.11.4.jar:1.11.4]
	at java.base/java.util.ArrayList.forEach(ArrayList.java:1511) ~[na:na]
	at org.junit.platform.engine.support.hierarchical.SameThreadHierarchicalTestExecutorService.invokeAll(SameThreadHierarchicalTestExecutorService.java:41) ~[junit-platform-engine-1.11.4.jar:1.11.4]
	at org.junit.platform.engine.support.hierarchical.NodeTestTask.lambda$executeRecursively$6(NodeTestTask.java:160) ~[junit-platform-engine-1.11.4.jar:1.11.4]
	at org.junit.platform.engine.support.hierarchical.ThrowableCollector.execute(ThrowableCollector.java:73) ~[junit-platform-engine-1.11.4.jar:1.11.4]
	at org.junit.platform.engine.support.hierarchical.NodeTestTask.lambda$executeRecursively$8(NodeTestTask.java:146) ~[junit-platform-engine-1.11.4.jar:1.11.4]
	at org.junit.platform.engine.support.hierarchical.Node.around(Node.java:137) ~[junit-platform-engine-1.11.4.jar:1.11.4]
	at org.junit.platform.engine.support.hierarchical.NodeTestTask.lambda$executeRecursively$9(NodeTestTask.java:144) ~[junit-platform-engine-1.11.4.jar:1.11.4]
	at org.junit.platform.engine.support.hierarchical.ThrowableCollector.execute(ThrowableCollector.java:73) ~[junit-platform-engine-1.11.4.jar:1.11.4]
	at org.junit.platform.engine.support.hierarchical.NodeTestTask.executeRecursively(NodeTestTask.java:143) ~[junit-platform-engine-1.11.4.jar:1.11.4]
	at org.junit.platform.engine.support.hierarchical.NodeTestTask.execute(NodeTestTask.java:100) ~[junit-platform-engine-1.11.4.jar:1.11.4]
	at org.junit.platform.engine.support.hierarchical.SameThreadHierarchicalTestExecutorService.submit(SameThreadHierarchicalTestExecutorService.java:35) ~[junit-platform-engine-1.11.4.jar:1.11.4]
	at org.junit.platform.engine.support.hierarchical.HierarchicalTestExecutor.execute(HierarchicalTestExecutor.java:57) ~[junit-platform-engine-1.11.4.jar:1.11.4]
	at org.junit.platform.engine.support.hierarchical.HierarchicalTestEngine.execute(HierarchicalTestEngine.java:54) ~[junit-platform-engine-1.11.4.jar:1.11.4]
	at org.junit.platform.launcher.core.EngineExecutionOrchestrator.execute(EngineExecutionOrchestrator.java:198) ~[junit-platform-launcher-1.11.4.jar:1.11.4]
	at org.junit.platform.launcher.core.EngineExecutionOrchestrator.execute(EngineExecutionOrchestrator.java:169) ~[junit-platform-launcher-1.11.4.jar:1.11.4]
	at org.junit.platform.launcher.core.EngineExecutionOrchestrator.execute(EngineExecutionOrchestrator.java:93) ~[junit-platform-launcher-1.11.4.jar:1.11.4]
	at org.junit.platform.launcher.core.EngineExecutionOrchestrator.lambda$execute$0(EngineExecutionOrchestrator.java:58) ~[junit-platform-launcher-1.11.4.jar:1.11.4]
	at org.junit.platform.launcher.core.EngineExecutionOrchestrator.withInterceptedStreams(EngineExecutionOrchestrator.java:141) ~[junit-platform-launcher-1.11.4.jar:1.11.4]
	at org.junit.platform.launcher.core.EngineExecutionOrchestrator.execute(EngineExecutionOrchestrator.java:57) ~[junit-platform-launcher-1.11.4.jar:1.11.4]
	at org.junit.platform.launcher.core.DefaultLauncher.execute(DefaultLauncher.java:103) ~[junit-platform-launcher-1.11.4.jar:1.11.4]
	at org.junit.platform.launcher.core.DefaultLauncher.execute(DefaultLauncher.java:85) ~[junit-platform-launcher-1.11.4.jar:1.11.4]
	at org.junit.platform.launcher.core.DelegatingLauncher.execute(DelegatingLauncher.java:47) ~[junit-platform-launcher-1.11.4.jar:1.11.4]
	at org.junit.platform.launcher.core.SessionPerRequestLauncher.execute(SessionPerRequestLauncher.java:63) ~[junit-platform-launcher-1.11.4.jar:1.11.4]
	at com.intellij.junit5.JUnit5IdeaTestRunner.startRunnerWithArgs(JUnit5IdeaTestRunner.java:66) ~[junit5-rt.jar:na]
	at com.intellij.rt.junit.IdeaTestRunner$Repeater$1.execute(IdeaTestRunner.java:38) ~[junit-rt.jar:na]
	at com.intellij.rt.execution.junit.TestsRepeater.repeat(TestsRepeater.java:11) ~[idea_rt.jar:na]
	at com.intellij.rt.junit.IdeaTestRunner$Repeater.startRunnerWithArgs(IdeaTestRunner.java:35) ~[junit-rt.jar:na]
	at com.intellij.rt.junit.JUnitStarter.prepareStreamsAndStart(JUnitStarter.java:231) ~[junit-rt.jar:na]
	at com.intellij.rt.junit.JUnitStarter.main(JUnitStarter.java:55) ~[junit-rt.jar:na]
Caused by: org.h2.jdbc.JdbcSQLSyntaxErrorException: Table "BOOK_DETAILS" not found; SQL statement:
alter table book_details add constraint FKoa7sqrtgxwg066s9521udtvpv foreign key (book_id) references books (id) [42102-232]
	at org.h2.message.DbException.getJdbcSQLException(DbException.java:514) ~[h2-2.3.232.jar:2.3.232]
	at org.h2.message.DbException.getJdbcSQLException(DbException.java:489) ~[h2-2.3.232.jar:2.3.232]
	at org.h2.message.DbException.get(DbException.java:223) ~[h2-2.3.232.jar:2.3.232]
	at org.h2.message.DbException.get(DbException.java:199) ~[h2-2.3.232.jar:2.3.232]
	at org.h2.command.ddl.AlterTable.update(AlterTable.java:43) ~[h2-2.3.232.jar:2.3.232]
	at org.h2.command.CommandContainer.update(CommandContainer.java:139) ~[h2-2.3.232.jar:2.3.232]
	at org.h2.command.Command.executeUpdate(Command.java:304) ~[h2-2.3.232.jar:2.3.232]
	at org.h2.command.Command.executeUpdate(Command.java:248) ~[h2-2.3.232.jar:2.3.232]
	at org.h2.jdbc.JdbcStatement.executeInternal(JdbcStatement.java:262) ~[h2-2.3.232.jar:2.3.232]
	at org.h2.jdbc.JdbcStatement.execute(JdbcStatement.java:231) ~[h2-2.3.232.jar:2.3.232]
	at org.hibernate.tool.schema.internal.exec.GenerationTargetToDatabase.accept(GenerationTargetToDatabase.java:80) ~[hibernate-core-6.6.22.Final.jar:6.6.22.Final]
	... 117 common frames omitted

2025-08-26T22:15:32.939+09:00  INFO 14164 --- [MySpringBootLab] [main] j.LocalContainerEntityManagerFactoryBean : Initialized JPA EntityManagerFactory for persistence unit 'default'
2025-08-26T22:15:33.301+09:00  WARN 14164 --- [MySpringBootLab] [main] s.c.a.AnnotationConfigApplicationContext : Exception encountered during context initialization - cancelling refresh attempt: org.springframework.beans.factory.BeanCreationException: Error creating bean with name 'bookRepository' defined in com.rookies4.myspringbootlab.repository.BookRepository defined in @EnableJpaRepositories declared on JpaRepositoriesRegistrar.EnableJpaRepositoriesConfiguration: Could not create query for public abstract java.util.Optional com.rookies4.myspringbootlab.repository.BookRepository.findByIdWithBookDetail(java.lang.Long); Reason: Failed to create query for method public abstract java.util.Optional com.rookies4.myspringbootlab.repository.BookRepository.findByIdWithBookDetail(java.lang.Long); No property 'withBookDetail' found for type 'Long'; Traversed path: Book.id
2025-08-26T22:15:33.301+09:00  INFO 14164 --- [MySpringBootLab] [main] j.LocalContainerEntityManagerFactoryBean : Closing JPA EntityManagerFactory for persistence unit 'default'
2025-08-26T22:15:33.317+09:00  INFO 14164 --- [MySpringBootLab] [main] .s.b.a.l.ConditionEvaluationReportLogger : 

Error starting ApplicationContext. To display the condition evaluation report re-run your application with 'debug' enabled.
2025-08-26T22:15:33.349+09:00 ERROR 14164 --- [MySpringBootLab] [main] o.s.boot.SpringApplication               : Application run failed

org.springframework.beans.factory.BeanCreationException: Error creating bean with name 'bookRepository' defined in com.rookies4.myspringbootlab.repository.BookRepository defined in @EnableJpaRepositories declared on JpaRepositoriesRegistrar.EnableJpaRepositoriesConfiguration: Could not create query for public abstract java.util.Optional com.rookies4.myspringbootlab.repository.BookRepository.findByIdWithBookDetail(java.lang.Long); Reason: Failed to create query for method public abstract java.util.Optional com.rookies4.myspringbootlab.repository.BookRepository.findByIdWithBookDetail(java.lang.Long); No property 'withBookDetail' found for type 'Long'; Traversed path: Book.id
	at org.springframework.beans.factory.support.AbstractAutowireCapableBeanFactory.initializeBean(AbstractAutowireCapableBeanFactory.java:1826) ~[spring-beans-6.2.9.jar:6.2.9]
	at org.springframework.beans.factory.support.AbstractAutowireCapableBeanFactory.doCreateBean(AbstractAutowireCapableBeanFactory.java:607) ~[spring-beans-6.2.9.jar:6.2.9]
	at org.springframework.beans.factory.support.AbstractAutowireCapableBeanFactory.createBean(AbstractAutowireCapableBeanFactory.java:529) ~[spring-beans-6.2.9.jar:6.2.9]
	at org.springframework.beans.factory.support.AbstractBeanFactory.lambda$doGetBean$0(AbstractBeanFactory.java:339) ~[spring-beans-6.2.9.jar:6.2.9]
	at org.springframework.beans.factory.support.DefaultSingletonBeanRegistry.getSingleton(DefaultSingletonBeanRegistry.java:373) ~[spring-beans-6.2.9.jar:6.2.9]
	at org.springframework.beans.factory.support.AbstractBeanFactory.doGetBean(AbstractBeanFactory.java:337) ~[spring-beans-6.2.9.jar:6.2.9]
	at org.springframework.beans.factory.support.AbstractBeanFactory.getBean(AbstractBeanFactory.java:202) ~[spring-beans-6.2.9.jar:6.2.9]
	at org.springframework.beans.factory.support.DefaultListableBeanFactory.instantiateSingleton(DefaultListableBeanFactory.java:1216) ~[spring-beans-6.2.9.jar:6.2.9]
	at org.springframework.beans.factory.support.DefaultListableBeanFactory.preInstantiateSingleton(DefaultListableBeanFactory.java:1188) ~[spring-beans-6.2.9.jar:6.2.9]
	at org.springframework.beans.factory.support.DefaultListableBeanFactory.preInstantiateSingletons(DefaultListableBeanFactory.java:1123) ~[spring-beans-6.2.9.jar:6.2.9]
	at org.springframework.context.support.AbstractApplicationContext.finishBeanFactoryInitialization(AbstractApplicationContext.java:987) ~[spring-context-6.2.9.jar:6.2.9]
	at org.springframework.context.support.AbstractApplicationContext.refresh(AbstractApplicationContext.java:627) ~[spring-context-6.2.9.jar:6.2.9]
	at org.springframework.boot.SpringApplication.refresh(SpringApplication.java:752) ~[spring-boot-3.4.8.jar:3.4.8]
	at org.springframework.boot.SpringApplication.refreshContext(SpringApplication.java:439) ~[spring-boot-3.4.8.jar:3.4.8]
	at org.springframework.boot.SpringApplication.run(SpringApplication.java:318) ~[spring-boot-3.4.8.jar:3.4.8]
	at org.springframework.boot.test.context.SpringBootContextLoader.lambda$loadContext$3(SpringBootContextLoader.java:144) ~[spring-boot-test-3.4.8.jar:3.4.8]
	at org.springframework.util.function.ThrowingSupplier.get(ThrowingSupplier.java:58) ~[spring-core-6.2.9.jar:6.2.9]
	at org.springframework.util.function.ThrowingSupplier.get(ThrowingSupplier.java:46) ~[spring-core-6.2.9.jar:6.2.9]
	at org.springframework.boot.SpringApplication.withHook(SpringApplication.java:1461) ~[spring-boot-3.4.8.jar:3.4.8]
	at org.springframework.boot.test.context.SpringBootContextLoader$ContextLoaderHook.run(SpringBootContextLoader.java:563) ~[spring-boot-test-3.4.8.jar:3.4.8]
	at org.springframework.boot.test.context.SpringBootContextLoader.loadContext(SpringBootContextLoader.java:144) ~[spring-boot-test-3.4.8.jar:3.4.8]
	at org.springframework.boot.test.context.SpringBootContextLoader.loadContext(SpringBootContextLoader.java:110) ~[spring-boot-test-3.4.8.jar:3.4.8]
	at org.springframework.test.context.cache.DefaultCacheAwareContextLoaderDelegate.loadContextInternal(DefaultCacheAwareContextLoaderDelegate.java:225) ~[spring-test-6.2.9.jar:6.2.9]
	at org.springframework.test.context.cache.DefaultCacheAwareContextLoaderDelegate.loadContext(DefaultCacheAwareContextLoaderDelegate.java:152) ~[spring-test-6.2.9.jar:6.2.9]
	at org.springframework.test.context.support.DefaultTestContext.getApplicationContext(DefaultTestContext.java:130) ~[spring-test-6.2.9.jar:6.2.9]
	at org.springframework.test.context.support.DependencyInjectionTestExecutionListener.injectDependencies(DependencyInjectionTestExecutionListener.java:155) ~[spring-test-6.2.9.jar:6.2.9]
	at org.springframework.test.context.support.DependencyInjectionTestExecutionListener.prepareTestInstance(DependencyInjectionTestExecutionListener.java:111) ~[spring-test-6.2.9.jar:6.2.9]
	at org.springframework.test.context.TestContextManager.prepareTestInstance(TestContextManager.java:260) ~[spring-test-6.2.9.jar:6.2.9]
	at org.springframework.test.context.junit.jupiter.SpringExtension.postProcessTestInstance(SpringExtension.java:159) ~[spring-test-6.2.9.jar:6.2.9]
	at org.junit.jupiter.engine.descriptor.ClassBasedTestDescriptor.lambda$invokeTestInstancePostProcessors$11(ClassBasedTestDescriptor.java:378) ~[junit-jupiter-engine-5.11.4.jar:5.11.4]
	at org.junit.jupiter.engine.descriptor.ClassBasedTestDescriptor.executeAndMaskThrowable(ClassBasedTestDescriptor.java:383) ~[junit-jupiter-engine-5.11.4.jar:5.11.4]
	at org.junit.jupiter.engine.descriptor.ClassBasedTestDescriptor.lambda$invokeTestInstancePostProcessors$12(ClassBasedTestDescriptor.java:378) ~[junit-jupiter-engine-5.11.4.jar:5.11.4]
	at java.base/java.util.stream.ForEachOps$ForEachOp$OfRef.accept(ForEachOps.java:183) ~[na:na]
	at java.base/java.util.stream.ReferencePipeline$3$1.accept(ReferencePipeline.java:197) ~[na:na]
	at java.base/java.util.stream.ReferencePipeline$2$1.accept(ReferencePipeline.java:179) ~[na:na]
	at java.base/java.util.stream.ReferencePipeline$3$1.accept(ReferencePipeline.java:197) ~[na:na]
	at java.base/java.util.ArrayList$ArrayListSpliterator.forEachRemaining(ArrayList.java:1625) ~[na:na]
	at java.base/java.util.stream.AbstractPipeline.copyInto(AbstractPipeline.java:509) ~[na:na]
	at java.base/java.util.stream.AbstractPipeline.wrapAndCopyInto(AbstractPipeline.java:499) ~[na:na]
	at java.base/java.util.stream.ForEachOps$ForEachOp.evaluateSequential(ForEachOps.java:150) ~[na:na]
	at java.base/java.util.stream.ForEachOps$ForEachOp$OfRef.evaluateSequential(ForEachOps.java:173) ~[na:na]
	at java.base/java.util.stream.AbstractPipeline.evaluate(AbstractPipeline.java:234) ~[na:na]
	at java.base/java.util.stream.ReferencePipeline.forEach(ReferencePipeline.java:596) ~[na:na]
	at org.junit.jupiter.engine.descriptor.ClassBasedTestDescriptor.invokeTestInstancePostProcessors(ClassBasedTestDescriptor.java:377) ~[junit-jupiter-engine-5.11.4.jar:5.11.4]
	at org.junit.jupiter.engine.descriptor.ClassBasedTestDescriptor.lambda$instantiateAndPostProcessTestInstance$7(ClassBasedTestDescriptor.java:290) ~[junit-jupiter-engine-5.11.4.jar:5.11.4]
	at org.junit.platform.engine.support.hierarchical.ThrowableCollector.execute(ThrowableCollector.java:73) ~[junit-platform-engine-1.11.4.jar:1.11.4]
	at org.junit.jupiter.engine.descriptor.ClassBasedTestDescriptor.instantiateAndPostProcessTestInstance(ClassBasedTestDescriptor.java:289) ~[junit-jupiter-engine-5.11.4.jar:5.11.4]
	at org.junit.jupiter.engine.descriptor.ClassBasedTestDescriptor.lambda$testInstancesProvider$5(ClassBasedTestDescriptor.java:279) ~[junit-jupiter-engine-5.11.4.jar:5.11.4]
	at java.base/java.util.Optional.orElseGet(Optional.java:364) ~[na:na]
	at org.junit.jupiter.engine.descriptor.ClassBasedTestDescriptor.lambda$testInstancesProvider$6(ClassBasedTestDescriptor.java:278) ~[junit-jupiter-engine-5.11.4.jar:5.11.4]
	at org.junit.jupiter.engine.execution.TestInstancesProvider.getTestInstances(TestInstancesProvider.java:31) ~[junit-jupiter-engine-5.11.4.jar:5.11.4]
	at org.junit.jupiter.engine.descriptor.TestMethodTestDescriptor.lambda$prepare$1(TestMethodTestDescriptor.java:105) ~[junit-jupiter-engine-5.11.4.jar:5.11.4]
	at org.junit.platform.engine.support.hierarchical.ThrowableCollector.execute(ThrowableCollector.java:73) ~[junit-platform-engine-1.11.4.jar:1.11.4]
	at org.junit.jupiter.engine.descriptor.TestMethodTestDescriptor.prepare(TestMethodTestDescriptor.java:104) ~[junit-jupiter-engine-5.11.4.jar:5.11.4]
	at org.junit.jupiter.engine.descriptor.TestMethodTestDescriptor.prepare(TestMethodTestDescriptor.java:68) ~[junit-jupiter-engine-5.11.4.jar:5.11.4]
	at org.junit.platform.engine.support.hierarchical.NodeTestTask.lambda$prepare$2(NodeTestTask.java:128) ~[junit-platform-engine-1.11.4.jar:1.11.4]
	at org.junit.platform.engine.support.hierarchical.ThrowableCollector.execute(ThrowableCollector.java:73) ~[junit-platform-engine-1.11.4.jar:1.11.4]
	at org.junit.platform.engine.support.hierarchical.NodeTestTask.prepare(NodeTestTask.java:128) ~[junit-platform-engine-1.11.4.jar:1.11.4]
	at org.junit.platform.engine.support.hierarchical.NodeTestTask.execute(NodeTestTask.java:95) ~[junit-platform-engine-1.11.4.jar:1.11.4]
	at java.base/java.util.ArrayList.forEach(ArrayList.java:1511) ~[na:na]
	at org.junit.platform.engine.support.hierarchical.SameThreadHierarchicalTestExecutorService.invokeAll(SameThreadHierarchicalTestExecutorService.java:41) ~[junit-platform-engine-1.11.4.jar:1.11.4]
	at org.junit.platform.engine.support.hierarchical.NodeTestTask.lambda$executeRecursively$6(NodeTestTask.java:160) ~[junit-platform-engine-1.11.4.jar:1.11.4]
	at org.junit.platform.engine.support.hierarchical.ThrowableCollector.execute(ThrowableCollector.java:73) ~[junit-platform-engine-1.11.4.jar:1.11.4]
	at org.junit.platform.engine.support.hierarchical.NodeTestTask.lambda$executeRecursively$8(NodeTestTask.java:146) ~[junit-platform-engine-1.11.4.jar:1.11.4]
	at org.junit.platform.engine.support.hierarchical.Node.around(Node.java:137) ~[junit-platform-engine-1.11.4.jar:1.11.4]
	at org.junit.platform.engine.support.hierarchical.NodeTestTask.lambda$executeRecursively$9(NodeTestTask.java:144) ~[junit-platform-engine-1.11.4.jar:1.11.4]
	at org.junit.platform.engine.support.hierarchical.ThrowableCollector.execute(ThrowableCollector.java:73) ~[junit-platform-engine-1.11.4.jar:1.11.4]
	at org.junit.platform.engine.support.hierarchical.NodeTestTask.executeRecursively(NodeTestTask.java:143) ~[junit-platform-engine-1.11.4.jar:1.11.4]
	at org.junit.platform.engine.support.hierarchical.NodeTestTask.execute(NodeTestTask.java:100) ~[junit-platform-engine-1.11.4.jar:1.11.4]
	at java.base/java.util.ArrayList.forEach(ArrayList.java:1511) ~[na:na]
	at org.junit.platform.engine.support.hierarchical.SameThreadHierarchicalTestExecutorService.invokeAll(SameThreadHierarchicalTestExecutorService.java:41) ~[junit-platform-engine-1.11.4.jar:1.11.4]
	at org.junit.platform.engine.support.hierarchical.NodeTestTask.lambda$executeRecursively$6(NodeTestTask.java:160) ~[junit-platform-engine-1.11.4.jar:1.11.4]
	at org.junit.platform.engine.support.hierarchical.ThrowableCollector.execute(ThrowableCollector.java:73) ~[junit-platform-engine-1.11.4.jar:1.11.4]
	at org.junit.platform.engine.support.hierarchical.NodeTestTask.lambda$executeRecursively$8(NodeTestTask.java:146) ~[junit-platform-engine-1.11.4.jar:1.11.4]
	at org.junit.platform.engine.support.hierarchical.Node.around(Node.java:137) ~[junit-platform-engine-1.11.4.jar:1.11.4]
	at org.junit.platform.engine.support.hierarchical.NodeTestTask.lambda$executeRecursively$9(NodeTestTask.java:144) ~[junit-platform-engine-1.11.4.jar:1.11.4]
	at org.junit.platform.engine.support.hierarchical.ThrowableCollector.execute(ThrowableCollector.java:73) ~[junit-platform-engine-1.11.4.jar:1.11.4]
	at org.junit.platform.engine.support.hierarchical.NodeTestTask.executeRecursively(NodeTestTask.java:143) ~[junit-platform-engine-1.11.4.jar:1.11.4]
	at org.junit.platform.engine.support.hierarchical.NodeTestTask.execute(NodeTestTask.java:100) ~[junit-platform-engine-1.11.4.jar:1.11.4]
	at org.junit.platform.engine.support.hierarchical.SameThreadHierarchicalTestExecutorService.submit(SameThreadHierarchicalTestExecutorService.java:35) ~[junit-platform-engine-1.11.4.jar:1.11.4]
	at org.junit.platform.engine.support.hierarchical.HierarchicalTestExecutor.execute(HierarchicalTestExecutor.java:57) ~[junit-platform-engine-1.11.4.jar:1.11.4]
	at org.junit.platform.engine.support.hierarchical.HierarchicalTestEngine.execute(HierarchicalTestEngine.java:54) ~[junit-platform-engine-1.11.4.jar:1.11.4]
	at org.junit.platform.launcher.core.EngineExecutionOrchestrator.execute(EngineExecutionOrchestrator.java:198) ~[junit-platform-launcher-1.11.4.jar:1.11.4]
	at org.junit.platform.launcher.core.EngineExecutionOrchestrator.execute(EngineExecutionOrchestrator.java:169) ~[junit-platform-launcher-1.11.4.jar:1.11.4]
	at org.junit.platform.launcher.core.EngineExecutionOrchestrator.execute(EngineExecutionOrchestrator.java:93) ~[junit-platform-launcher-1.11.4.jar:1.11.4]
	at org.junit.platform.launcher.core.EngineExecutionOrchestrator.lambda$execute$0(EngineExecutionOrchestrator.java:58) ~[junit-platform-launcher-1.11.4.jar:1.11.4]
	at org.junit.platform.launcher.core.EngineExecutionOrchestrator.withInterceptedStreams(EngineExecutionOrchestrator.java:141) ~[junit-platform-launcher-1.11.4.jar:1.11.4]
	at org.junit.platform.launcher.core.EngineExecutionOrchestrator.execute(EngineExecutionOrchestrator.java:57) ~[junit-platform-launcher-1.11.4.jar:1.11.4]
	at org.junit.platform.launcher.core.DefaultLauncher.execute(DefaultLauncher.java:103) ~[junit-platform-launcher-1.11.4.jar:1.11.4]
	at org.junit.platform.launcher.core.DefaultLauncher.execute(DefaultLauncher.java:85) ~[junit-platform-launcher-1.11.4.jar:1.11.4]
	at org.junit.platform.launcher.core.DelegatingLauncher.execute(DelegatingLauncher.java:47) ~[junit-platform-launcher-1.11.4.jar:1.11.4]
	at org.junit.platform.launcher.core.SessionPerRequestLauncher.execute(SessionPerRequestLauncher.java:63) ~[junit-platform-launcher-1.11.4.jar:1.11.4]
	at com.intellij.junit5.JUnit5IdeaTestRunner.startRunnerWithArgs(JUnit5IdeaTestRunner.java:66) ~[junit5-rt.jar:na]
	at com.intellij.rt.junit.IdeaTestRunner$Repeater$1.execute(IdeaTestRunner.java:38) ~[junit-rt.jar:na]
	at com.intellij.rt.execution.junit.TestsRepeater.repeat(TestsRepeater.java:11) ~[idea_rt.jar:na]
	at com.intellij.rt.junit.IdeaTestRunner$Repeater.startRunnerWithArgs(IdeaTestRunner.java:35) ~[junit-rt.jar:na]
	at com.intellij.rt.junit.JUnitStarter.prepareStreamsAndStart(JUnitStarter.java:231) ~[junit-rt.jar:na]
	at com.intellij.rt.junit.JUnitStarter.main(JUnitStarter.java:55) ~[junit-rt.jar:na]
Caused by: org.springframework.data.repository.query.QueryCreationException: Could not create query for public abstract java.util.Optional com.rookies4.myspringbootlab.repository.BookRepository.findByIdWithBookDetail(java.lang.Long); Reason: Failed to create query for method public abstract java.util.Optional com.rookies4.myspringbootlab.repository.BookRepository.findByIdWithBookDetail(java.lang.Long); No property 'withBookDetail' found for type 'Long'; Traversed path: Book.id
	at org.springframework.data.repository.query.QueryCreationException.create(QueryCreationException.java:101) ~[spring-data-commons-3.4.8.jar:3.4.8]
	at org.springframework.data.repository.core.support.QueryExecutorMethodInterceptor.lookupQuery(QueryExecutorMethodInterceptor.java:120) ~[spring-data-commons-3.4.8.jar:3.4.8]
	at org.springframework.data.repository.core.support.QueryExecutorMethodInterceptor.mapMethodsToQuery(QueryExecutorMethodInterceptor.java:104) ~[spring-data-commons-3.4.8.jar:3.4.8]
	at org.springframework.data.repository.core.support.QueryExecutorMethodInterceptor.lambda$new$0(QueryExecutorMethodInterceptor.java:92) ~[spring-data-commons-3.4.8.jar:3.4.8]
	at java.base/java.util.Optional.map(Optional.java:260) ~[na:na]
	at org.springframework.data.repository.core.support.QueryExecutorMethodInterceptor.<init>(QueryExecutorMethodInterceptor.java:92) ~[spring-data-commons-3.4.8.jar:3.4.8]
	at org.springframework.data.repository.core.support.RepositoryFactorySupport.getRepository(RepositoryFactorySupport.java:431) ~[spring-data-commons-3.4.8.jar:3.4.8]
	at org.springframework.data.repository.core.support.RepositoryFactoryBeanSupport.lambda$afterPropertiesSet$4(RepositoryFactoryBeanSupport.java:350) ~[spring-data-commons-3.4.8.jar:3.4.8]
	at org.springframework.data.util.Lazy.getNullable(Lazy.java:135) ~[spring-data-commons-3.4.8.jar:3.4.8]
	at org.springframework.data.util.Lazy.get(Lazy.java:113) ~[spring-data-commons-3.4.8.jar:3.4.8]
	at org.springframework.data.repository.core.support.RepositoryFactoryBeanSupport.afterPropertiesSet(RepositoryFactoryBeanSupport.java:356) ~[spring-data-commons-3.4.8.jar:3.4.8]
	at org.springframework.data.jpa.repository.support.JpaRepositoryFactoryBean.afterPropertiesSet(JpaRepositoryFactoryBean.java:132) ~[spring-data-jpa-3.4.8.jar:3.4.8]
	at org.springframework.beans.factory.support.AbstractAutowireCapableBeanFactory.invokeInitMethods(AbstractAutowireCapableBeanFactory.java:1873) ~[spring-beans-6.2.9.jar:6.2.9]
	at org.springframework.beans.factory.support.AbstractAutowireCapableBeanFactory.initializeBean(AbstractAutowireCapableBeanFactory.java:1822) ~[spring-beans-6.2.9.jar:6.2.9]
	... 97 common frames omitted
Caused by: java.lang.IllegalArgumentException: Failed to create query for method public abstract java.util.Optional com.rookies4.myspringbootlab.repository.BookRepository.findByIdWithBookDetail(java.lang.Long); No property 'withBookDetail' found for type 'Long'; Traversed path: Book.id
	at org.springframework.data.jpa.repository.query.PartTreeJpaQuery.<init>(PartTreeJpaQuery.java:107) ~[spring-data-jpa-3.4.8.jar:3.4.8]
	at org.springframework.data.jpa.repository.query.JpaQueryLookupStrategy$CreateQueryLookupStrategy.resolveQuery(JpaQueryLookupStrategy.java:128) ~[spring-data-jpa-3.4.8.jar:3.4.8]
	at org.springframework.data.jpa.repository.query.JpaQueryLookupStrategy$CreateIfNotFoundQueryLookupStrategy.resolveQuery(JpaQueryLookupStrategy.java:260) ~[spring-data-jpa-3.4.8.jar:3.4.8]
	at org.springframework.data.jpa.repository.query.JpaQueryLookupStrategy$AbstractQueryLookupStrategy.resolveQuery(JpaQueryLookupStrategy.java:99) ~[spring-data-jpa-3.4.8.jar:3.4.8]
	at org.springframework.data.repository.core.support.QueryExecutorMethodInterceptor.lookupQuery(QueryExecutorMethodInterceptor.java:116) ~[spring-data-commons-3.4.8.jar:3.4.8]
	... 109 common frames omitted
Caused by: org.springframework.data.mapping.PropertyReferenceException: No property 'withBookDetail' found for type 'Long'; Traversed path: Book.id
	at org.springframework.data.mapping.PropertyPath.<init>(PropertyPath.java:94) ~[spring-data-commons-3.4.8.jar:3.4.8]
	at org.springframework.data.mapping.PropertyPath.create(PropertyPath.java:455) ~[spring-data-commons-3.4.8.jar:3.4.8]
	at org.springframework.data.mapping.PropertyPath.create(PropertyPath.java:431) ~[spring-data-commons-3.4.8.jar:3.4.8]
	at org.springframework.data.mapping.PropertyPath.create(PropertyPath.java:465) ~[spring-data-commons-3.4.8.jar:3.4.8]
	at org.springframework.data.mapping.PropertyPath.create(PropertyPath.java:488) ~[spring-data-commons-3.4.8.jar:3.4.8]
	at org.springframework.data.mapping.PropertyPath.create(PropertyPath.java:488) ~[spring-data-commons-3.4.8.jar:3.4.8]
	at org.springframework.data.mapping.PropertyPath.create(PropertyPath.java:488) ~[spring-data-commons-3.4.8.jar:3.4.8]
	at org.springframework.data.mapping.PropertyPath.create(PropertyPath.java:431) ~[spring-data-commons-3.4.8.jar:3.4.8]
	at org.springframework.data.mapping.PropertyPath.lambda$from$0(PropertyPath.java:384) ~[spring-data-commons-3.4.8.jar:3.4.8]
	at java.base/java.util.concurrent.ConcurrentMap.computeIfAbsent(ConcurrentMap.java:330) ~[na:na]
	at org.springframework.data.mapping.PropertyPath.from(PropertyPath.java:366) ~[spring-data-commons-3.4.8.jar:3.4.8]
	at org.springframework.data.mapping.PropertyPath.from(PropertyPath.java:344) ~[spring-data-commons-3.4.8.jar:3.4.8]
	at org.springframework.data.repository.query.parser.Part.<init>(Part.java:81) ~[spring-data-commons-3.4.8.jar:3.4.8]
	at org.springframework.data.repository.query.parser.PartTree$OrPart.lambda$new$0(PartTree.java:259) ~[spring-data-commons-3.4.8.jar:3.4.8]
	at java.base/java.util.stream.ReferencePipeline$3$1.accept(ReferencePipeline.java:197) ~[na:na]
	at java.base/java.util.stream.ReferencePipeline$2$1.accept(ReferencePipeline.java:179) ~[na:na]
	at java.base/java.util.Spliterators$ArraySpliterator.forEachRemaining(Spliterators.java:992) ~[na:na]
	at java.base/java.util.stream.AbstractPipeline.copyInto(AbstractPipeline.java:509) ~[na:na]
	at java.base/java.util.stream.AbstractPipeline.wrapAndCopyInto(AbstractPipeline.java:499) ~[na:na]
	at java.base/java.util.stream.ReduceOps$ReduceOp.evaluateSequential(ReduceOps.java:921) ~[na:na]
	at java.base/java.util.stream.AbstractPipeline.evaluate(AbstractPipeline.java:234) ~[na:na]
	at java.base/java.util.stream.ReferencePipeline.collect(ReferencePipeline.java:682) ~[na:na]
	at org.springframework.data.repository.query.parser.PartTree$OrPart.<init>(PartTree.java:260) ~[spring-data-commons-3.4.8.jar:3.4.8]
	at org.springframework.data.repository.query.parser.PartTree$Predicate.lambda$new$0(PartTree.java:389) ~[spring-data-commons-3.4.8.jar:3.4.8]
	at java.base/java.util.stream.ReferencePipeline$3$1.accept(ReferencePipeline.java:197) ~[na:na]
	at java.base/java.util.stream.ReferencePipeline$2$1.accept(ReferencePipeline.java:179) ~[na:na]
	at java.base/java.util.Spliterators$ArraySpliterator.forEachRemaining(Spliterators.java:992) ~[na:na]
	at java.base/java.util.stream.AbstractPipeline.copyInto(AbstractPipeline.java:509) ~[na:na]
	at java.base/java.util.stream.AbstractPipeline.wrapAndCopyInto(AbstractPipeline.java:499) ~[na:na]
	at java.base/java.util.stream.ReduceOps$ReduceOp.evaluateSequential(ReduceOps.java:921) ~[na:na]
	at java.base/java.util.stream.AbstractPipeline.evaluate(AbstractPipeline.java:234) ~[na:na]
	at java.base/java.util.stream.ReferencePipeline.collect(ReferencePipeline.java:682) ~[na:na]
	at org.springframework.data.repository.query.parser.PartTree$Predicate.<init>(PartTree.java:390) ~[spring-data-commons-3.4.8.jar:3.4.8]
	at org.springframework.data.repository.query.parser.PartTree.<init>(PartTree.java:103) ~[spring-data-commons-3.4.8.jar:3.4.8]
	at org.springframework.data.jpa.repository.query.PartTreeJpaQuery.<init>(PartTreeJpaQuery.java:101) ~[spring-data-jpa-3.4.8.jar:3.4.8]
	... 113 common frames omitted

2025-08-26T22:15:33.360+09:00  WARN 14164 --- [MySpringBootLab] [main] o.s.test.context.TestContextManager      : Caught exception while allowing TestExecutionListener [org.springframework.test.context.support.DependencyInjectionTestExecutionListener] to prepare test instance [com.rookies4.myspringbootlab.repository.BookRepositoryTest@5d9d8ecf]

java.lang.IllegalStateException: Failed to load ApplicationContext for [MergedContextConfiguration@2d33795c testClass = com.rookies4.myspringbootlab.repository.BookRepositoryTest, locations = [], classes = [com.rookies4.myspringbootlab.MySpringbootLabApplication], contextInitializerClasses = [], activeProfiles = [], propertySourceDescriptors = [], propertySourceProperties = ["org.springframework.boot.test.autoconfigure.orm.jpa.DataJpaTestContextBootstrapper=true"], contextCustomizers = [[ImportsContextCustomizer@779ef5cb key = [org.springframework.boot.autoconfigure.transaction.TransactionAutoConfiguration, org.springframework.boot.autoconfigure.data.jpa.JpaRepositoriesAutoConfiguration, org.springframework.boot.test.autoconfigure.orm.jpa.TestEntityManagerAutoConfiguration, org.springframework.boot.autoconfigure.cache.CacheAutoConfiguration, org.springframework.boot.autoconfigure.orm.jpa.HibernateJpaAutoConfiguration, org.springframework.boot.autoconfigure.sql.init.SqlInitializationAutoConfiguration, org.springframework.boot.test.autoconfigure.jdbc.TestDatabaseAutoConfiguration, org.springframework.boot.autoconfigure.flyway.FlywayAutoConfiguration, org.springframework.boot.autoconfigure.jdbc.DataSourceTransactionManagerAutoConfiguration, org.springframework.boot.autoconfigure.liquibase.LiquibaseAutoConfiguration, org.springframework.boot.autoconfigure.jdbc.JdbcClientAutoConfiguration, org.springframework.boot.autoconfigure.jdbc.DataSourceAutoConfiguration, org.springframework.boot.autoconfigure.jdbc.JdbcTemplateAutoConfiguration]], org.springframework.boot.test.context.filter.ExcludeFilterContextCustomizer@3224a577, org.springframework.boot.test.json.DuplicateJsonObjectContextCustomizerFactory$DuplicateJsonObjectContextCustomizer@3e44f2a5, org.springframework.boot.test.mock.mockito.MockitoContextCustomizer@0, org.springframework.boot.test.web.reactor.netty.DisableReactorResourceFactoryGlobalResourcesContextCustomizerFactory$DisableReactorResourceFactoryGlobalResourcesContextCustomizerCustomizer@a37aefe, org.springframework.boot.test.autoconfigure.OnFailureConditionReportContextCustomizerFactory$OnFailureConditionReportContextCustomizer@13b3d178, org.springframework.boot.test.autoconfigure.OverrideAutoConfigurationContextCustomizerFactory$DisableAutoConfigurationContextCustomizer@a82c5f1, org.springframework.boot.test.autoconfigure.actuate.observability.ObservabilityContextCustomizerFactory$DisableObservabilityContextCustomizer@1f, org.springframework.boot.test.autoconfigure.filter.TypeExcludeFiltersContextCustomizer@34be3d80, org.springframework.boot.test.autoconfigure.properties.PropertyMappingContextCustomizer@a5596913, org.springframework.boot.test.autoconfigure.web.servlet.WebDriverContextCustomizer@57ad2aa7, org.springframework.test.context.support.DynamicPropertiesContextCustomizer@0, org.springframework.boot.test.context.SpringBootTestAnnotation@f7975532], contextLoader = org.springframework.boot.test.context.SpringBootContextLoader, parent = null]
	at org.springframework.test.context.cache.DefaultCacheAwareContextLoaderDelegate.loadContext(DefaultCacheAwareContextLoaderDelegate.java:180) ~[spring-test-6.2.9.jar:6.2.9]
	at org.springframework.test.context.support.DefaultTestContext.getApplicationContext(DefaultTestContext.java:130) ~[spring-test-6.2.9.jar:6.2.9]
	at org.springframework.test.context.support.DependencyInjectionTestExecutionListener.injectDependencies(DependencyInjectionTestExecutionListener.java:155) ~[spring-test-6.2.9.jar:6.2.9]
	at org.springframework.test.context.support.DependencyInjectionTestExecutionListener.prepareTestInstance(DependencyInjectionTestExecutionListener.java:111) ~[spring-test-6.2.9.jar:6.2.9]
	at org.springframework.test.context.TestContextManager.prepareTestInstance(TestContextManager.java:260) ~[spring-test-6.2.9.jar:6.2.9]
	at org.springframework.test.context.junit.jupiter.SpringExtension.postProcessTestInstance(SpringExtension.java:159) ~[spring-test-6.2.9.jar:6.2.9]
	at org.junit.jupiter.engine.descriptor.ClassBasedTestDescriptor.lambda$invokeTestInstancePostProcessors$11(ClassBasedTestDescriptor.java:378) ~[junit-jupiter-engine-5.11.4.jar:5.11.4]
	at org.junit.jupiter.engine.descriptor.ClassBasedTestDescriptor.executeAndMaskThrowable(ClassBasedTestDescriptor.java:383) ~[junit-jupiter-engine-5.11.4.jar:5.11.4]
	at org.junit.jupiter.engine.descriptor.ClassBasedTestDescriptor.lambda$invokeTestInstancePostProcessors$12(ClassBasedTestDescriptor.java:378) ~[junit-jupiter-engine-5.11.4.jar:5.11.4]
	at java.base/java.util.stream.ForEachOps$ForEachOp$OfRef.accept(ForEachOps.java:183) ~[na:na]
	at java.base/java.util.stream.ReferencePipeline$3$1.accept(ReferencePipeline.java:197) ~[na:na]
	at java.base/java.util.stream.ReferencePipeline$2$1.accept(ReferencePipeline.java:179) ~[na:na]
	at java.base/java.util.stream.ReferencePipeline$3$1.accept(ReferencePipeline.java:197) ~[na:na]
	at java.base/java.util.ArrayList$ArrayListSpliterator.forEachRemaining(ArrayList.java:1625) ~[na:na]
	at java.base/java.util.stream.AbstractPipeline.copyInto(AbstractPipeline.java:509) ~[na:na]
	at java.base/java.util.stream.AbstractPipeline.wrapAndCopyInto(AbstractPipeline.java:499) ~[na:na]
	at java.base/java.util.stream.ForEachOps$ForEachOp.evaluateSequential(ForEachOps.java:150) ~[na:na]
	at java.base/java.util.stream.ForEachOps$ForEachOp$OfRef.evaluateSequential(ForEachOps.java:173) ~[na:na]
	at java.base/java.util.stream.AbstractPipeline.evaluate(AbstractPipeline.java:234) ~[na:na]
	at java.base/java.util.stream.ReferencePipeline.forEach(ReferencePipeline.java:596) ~[na:na]
	at org.junit.jupiter.engine.descriptor.ClassBasedTestDescriptor.invokeTestInstancePostProcessors(ClassBasedTestDescriptor.java:377) ~[junit-jupiter-engine-5.11.4.jar:5.11.4]
	at org.junit.jupiter.engine.descriptor.ClassBasedTestDescriptor.lambda$instantiateAndPostProcessTestInstance$7(ClassBasedTestDescriptor.java:290) ~[junit-jupiter-engine-5.11.4.jar:5.11.4]
	at org.junit.platform.engine.support.hierarchical.ThrowableCollector.execute(ThrowableCollector.java:73) ~[junit-platform-engine-1.11.4.jar:1.11.4]
	at org.junit.jupiter.engine.descriptor.ClassBasedTestDescriptor.instantiateAndPostProcessTestInstance(ClassBasedTestDescriptor.java:289) ~[junit-jupiter-engine-5.11.4.jar:5.11.4]
	at org.junit.jupiter.engine.descriptor.ClassBasedTestDescriptor.lambda$testInstancesProvider$5(ClassBasedTestDescriptor.java:279) ~[junit-jupiter-engine-5.11.4.jar:5.11.4]
	at java.base/java.util.Optional.orElseGet(Optional.java:364) ~[na:na]
	at org.junit.jupiter.engine.descriptor.ClassBasedTestDescriptor.lambda$testInstancesProvider$6(ClassBasedTestDescriptor.java:278) ~[junit-jupiter-engine-5.11.4.jar:5.11.4]
	at org.junit.jupiter.engine.execution.TestInstancesProvider.getTestInstances(TestInstancesProvider.java:31) ~[junit-jupiter-engine-5.11.4.jar:5.11.4]
	at org.junit.jupiter.engine.descriptor.TestMethodTestDescriptor.lambda$prepare$1(TestMethodTestDescriptor.java:105) ~[junit-jupiter-engine-5.11.4.jar:5.11.4]
	at org.junit.platform.engine.support.hierarchical.ThrowableCollector.execute(ThrowableCollector.java:73) ~[junit-platform-engine-1.11.4.jar:1.11.4]
	at org.junit.jupiter.engine.descriptor.TestMethodTestDescriptor.prepare(TestMethodTestDescriptor.java:104) ~[junit-jupiter-engine-5.11.4.jar:5.11.4]
	at org.junit.jupiter.engine.descriptor.TestMethodTestDescriptor.prepare(TestMethodTestDescriptor.java:68) ~[junit-jupiter-engine-5.11.4.jar:5.11.4]
	at org.junit.platform.engine.support.hierarchical.NodeTestTask.lambda$prepare$2(NodeTestTask.java:128) ~[junit-platform-engine-1.11.4.jar:1.11.4]
	at org.junit.platform.engine.support.hierarchical.ThrowableCollector.execute(ThrowableCollector.java:73) ~[junit-platform-engine-1.11.4.jar:1.11.4]
	at org.junit.platform.engine.support.hierarchical.NodeTestTask.prepare(NodeTestTask.java:128) ~[junit-platform-engine-1.11.4.jar:1.11.4]
	at org.junit.platform.engine.support.hierarchical.NodeTestTask.execute(NodeTestTask.java:95) ~[junit-platform-engine-1.11.4.jar:1.11.4]
	at java.base/java.util.ArrayList.forEach(ArrayList.java:1511) ~[na:na]
	at org.junit.platform.engine.support.hierarchical.SameThreadHierarchicalTestExecutorService.invokeAll(SameThreadHierarchicalTestExecutorService.java:41) ~[junit-platform-engine-1.11.4.jar:1.11.4]
	at org.junit.platform.engine.support.hierarchical.NodeTestTask.lambda$executeRecursively$6(NodeTestTask.java:160) ~[junit-platform-engine-1.11.4.jar:1.11.4]
	at org.junit.platform.engine.support.hierarchical.ThrowableCollector.execute(ThrowableCollector.java:73) ~[junit-platform-engine-1.11.4.jar:1.11.4]
	at org.junit.platform.engine.support.hierarchical.NodeTestTask.lambda$executeRecursively$8(NodeTestTask.java:146) ~[junit-platform-engine-1.11.4.jar:1.11.4]
	at org.junit.platform.engine.support.hierarchical.Node.around(Node.java:137) ~[junit-platform-engine-1.11.4.jar:1.11.4]
	at org.junit.platform.engine.support.hierarchical.NodeTestTask.lambda$executeRecursively$9(NodeTestTask.java:144) ~[junit-platform-engine-1.11.4.jar:1.11.4]
	at org.junit.platform.engine.support.hierarchical.ThrowableCollector.execute(ThrowableCollector.java:73) ~[junit-platform-engine-1.11.4.jar:1.11.4]
	at org.junit.platform.engine.support.hierarchical.NodeTestTask.executeRecursively(NodeTestTask.java:143) ~[junit-platform-engine-1.11.4.jar:1.11.4]
	at org.junit.platform.engine.support.hierarchical.NodeTestTask.execute(NodeTestTask.java:100) ~[junit-platform-engine-1.11.4.jar:1.11.4]
	at java.base/java.util.ArrayList.forEach(ArrayList.java:1511) ~[na:na]
	at org.junit.platform.engine.support.hierarchical.SameThreadHierarchicalTestExecutorService.invokeAll(SameThreadHierarchicalTestExecutorService.java:41) ~[junit-platform-engine-1.11.4.jar:1.11.4]
	at org.junit.platform.engine.support.hierarchical.NodeTestTask.lambda$executeRecursively$6(NodeTestTask.java:160) ~[junit-platform-engine-1.11.4.jar:1.11.4]
	at org.junit.platform.engine.support.hierarchical.ThrowableCollector.execute(ThrowableCollector.java:73) ~[junit-platform-engine-1.11.4.jar:1.11.4]
	at org.junit.platform.engine.support.hierarchical.NodeTestTask.lambda$executeRecursively$8(NodeTestTask.java:146) ~[junit-platform-engine-1.11.4.jar:1.11.4]
	at org.junit.platform.engine.support.hierarchical.Node.around(Node.java:137) ~[junit-platform-engine-1.11.4.jar:1.11.4]
	at org.junit.platform.engine.support.hierarchical.NodeTestTask.lambda$executeRecursively$9(NodeTestTask.java:144) ~[junit-platform-engine-1.11.4.jar:1.11.4]
	at org.junit.platform.engine.support.hierarchical.ThrowableCollector.execute(ThrowableCollector.java:73) ~[junit-platform-engine-1.11.4.jar:1.11.4]
	at org.junit.platform.engine.support.hierarchical.NodeTestTask.executeRecursively(NodeTestTask.java:143) ~[junit-platform-engine-1.11.4.jar:1.11.4]
	at org.junit.platform.engine.support.hierarchical.NodeTestTask.execute(NodeTestTask.java:100) ~[junit-platform-engine-1.11.4.jar:1.11.4]
	at org.junit.platform.engine.support.hierarchical.SameThreadHierarchicalTestExecutorService.submit(SameThreadHierarchicalTestExecutorService.java:35) ~[junit-platform-engine-1.11.4.jar:1.11.4]
	at org.junit.platform.engine.support.hierarchical.HierarchicalTestExecutor.execute(HierarchicalTestExecutor.java:57) ~[junit-platform-engine-1.11.4.jar:1.11.4]
	at org.junit.platform.engine.support.hierarchical.HierarchicalTestEngine.execute(HierarchicalTestEngine.java:54) ~[junit-platform-engine-1.11.4.jar:1.11.4]
	at org.junit.platform.launcher.core.EngineExecutionOrchestrator.execute(EngineExecutionOrchestrator.java:198) ~[junit-platform-launcher-1.11.4.jar:1.11.4]
	at org.junit.platform.launcher.core.EngineExecutionOrchestrator.execute(EngineExecutionOrchestrator.java:169) ~[junit-platform-launcher-1.11.4.jar:1.11.4]
	at org.junit.platform.launcher.core.EngineExecutionOrchestrator.execute(EngineExecutionOrchestrator.java:93) ~[junit-platform-launcher-1.11.4.jar:1.11.4]
	at org.junit.platform.launcher.core.EngineExecutionOrchestrator.lambda$execute$0(EngineExecutionOrchestrator.java:58) ~[junit-platform-launcher-1.11.4.jar:1.11.4]
	at org.junit.platform.launcher.core.EngineExecutionOrchestrator.withInterceptedStreams(EngineExecutionOrchestrator.java:141) ~[junit-platform-launcher-1.11.4.jar:1.11.4]
	at org.junit.platform.launcher.core.EngineExecutionOrchestrator.execute(EngineExecutionOrchestrator.java:57) ~[junit-platform-launcher-1.11.4.jar:1.11.4]
	at org.junit.platform.launcher.core.DefaultLauncher.execute(DefaultLauncher.java:103) ~[junit-platform-launcher-1.11.4.jar:1.11.4]
	at org.junit.platform.launcher.core.DefaultLauncher.execute(DefaultLauncher.java:85) ~[junit-platform-launcher-1.11.4.jar:1.11.4]
	at org.junit.platform.launcher.core.DelegatingLauncher.execute(DelegatingLauncher.java:47) ~[junit-platform-launcher-1.11.4.jar:1.11.4]
	at org.junit.platform.launcher.core.SessionPerRequestLauncher.execute(SessionPerRequestLauncher.java:63) ~[junit-platform-launcher-1.11.4.jar:1.11.4]
	at com.intellij.junit5.JUnit5IdeaTestRunner.startRunnerWithArgs(JUnit5IdeaTestRunner.java:66) ~[junit5-rt.jar:na]
	at com.intellij.rt.junit.IdeaTestRunner$Repeater$1.execute(IdeaTestRunner.java:38) ~[junit-rt.jar:na]
	at com.intellij.rt.execution.junit.TestsRepeater.repeat(TestsRepeater.java:11) ~[idea_rt.jar:na]
	at com.intellij.rt.junit.IdeaTestRunner$Repeater.startRunnerWithArgs(IdeaTestRunner.java:35) ~[junit-rt.jar:na]
	at com.intellij.rt.junit.JUnitStarter.prepareStreamsAndStart(JUnitStarter.java:231) ~[junit-rt.jar:na]
	at com.intellij.rt.junit.JUnitStarter.main(JUnitStarter.java:55) ~[junit-rt.jar:na]
Caused by: org.springframework.beans.factory.BeanCreationException: Error creating bean with name 'bookRepository' defined in com.rookies4.myspringbootlab.repository.BookRepository defined in @EnableJpaRepositories declared on JpaRepositoriesRegistrar.EnableJpaRepositoriesConfiguration: Could not create query for public abstract java.util.Optional com.rookies4.myspringbootlab.repository.BookRepository.findByIdWithBookDetail(java.lang.Long); Reason: Failed to create query for method public abstract java.util.Optional com.rookies4.myspringbootlab.repository.BookRepository.findByIdWithBookDetail(java.lang.Long); No property 'withBookDetail' found for type 'Long'; Traversed path: Book.id
	at org.springframework.beans.factory.support.AbstractAutowireCapableBeanFactory.initializeBean(AbstractAutowireCapableBeanFactory.java:1826) ~[spring-beans-6.2.9.jar:6.2.9]
	at org.springframework.beans.factory.support.AbstractAutowireCapableBeanFactory.doCreateBean(AbstractAutowireCapableBeanFactory.java:607) ~[spring-beans-6.2.9.jar:6.2.9]
	at org.springframework.beans.factory.support.AbstractAutowireCapableBeanFactory.createBean(AbstractAutowireCapableBeanFactory.java:529) ~[spring-beans-6.2.9.jar:6.2.9]
	at org.springframework.beans.factory.support.AbstractBeanFactory.lambda$doGetBean$0(AbstractBeanFactory.java:339) ~[spring-beans-6.2.9.jar:6.2.9]
	at org.springframework.beans.factory.support.DefaultSingletonBeanRegistry.getSingleton(DefaultSingletonBeanRegistry.java:373) ~[spring-beans-6.2.9.jar:6.2.9]
	at org.springframework.beans.factory.support.AbstractBeanFactory.doGetBean(AbstractBeanFactory.java:337) ~[spring-beans-6.2.9.jar:6.2.9]
	at org.springframework.beans.factory.support.AbstractBeanFactory.getBean(AbstractBeanFactory.java:202) ~[spring-beans-6.2.9.jar:6.2.9]
	at org.springframework.beans.factory.support.DefaultListableBeanFactory.instantiateSingleton(DefaultListableBeanFactory.java:1216) ~[spring-beans-6.2.9.jar:6.2.9]
	at org.springframework.beans.factory.support.DefaultListableBeanFactory.preInstantiateSingleton(DefaultListableBeanFactory.java:1188) ~[spring-beans-6.2.9.jar:6.2.9]
	at org.springframework.beans.factory.support.DefaultListableBeanFactory.preInstantiateSingletons(DefaultListableBeanFactory.java:1123) ~[spring-beans-6.2.9.jar:6.2.9]
	at org.springframework.context.support.AbstractApplicationContext.finishBeanFactoryInitialization(AbstractApplicationContext.java:987) ~[spring-context-6.2.9.jar:6.2.9]
	at org.springframework.context.support.AbstractApplicationContext.refresh(AbstractApplicationContext.java:627) ~[spring-context-6.2.9.jar:6.2.9]
	at org.springframework.boot.SpringApplication.refresh(SpringApplication.java:752) ~[spring-boot-3.4.8.jar:3.4.8]
	at org.springframework.boot.SpringApplication.refreshContext(SpringApplication.java:439) ~[spring-boot-3.4.8.jar:3.4.8]
	at org.springframework.boot.SpringApplication.run(SpringApplication.java:318) ~[spring-boot-3.4.8.jar:3.4.8]
	at org.springframework.boot.test.context.SpringBootContextLoader.lambda$loadContext$3(SpringBootContextLoader.java:144) ~[spring-boot-test-3.4.8.jar:3.4.8]
	at org.springframework.util.function.ThrowingSupplier.get(ThrowingSupplier.java:58) ~[spring-core-6.2.9.jar:6.2.9]
	at org.springframework.util.function.ThrowingSupplier.get(ThrowingSupplier.java:46) ~[spring-core-6.2.9.jar:6.2.9]
	at org.springframework.boot.SpringApplication.withHook(SpringApplication.java:1461) ~[spring-boot-3.4.8.jar:3.4.8]
	at org.springframework.boot.test.context.SpringBootContextLoader$ContextLoaderHook.run(SpringBootContextLoader.java:563) ~[spring-boot-test-3.4.8.jar:3.4.8]
	at org.springframework.boot.test.context.SpringBootContextLoader.loadContext(SpringBootContextLoader.java:144) ~[spring-boot-test-3.4.8.jar:3.4.8]
	at org.springframework.boot.test.context.SpringBootContextLoader.loadContext(SpringBootContextLoader.java:110) ~[spring-boot-test-3.4.8.jar:3.4.8]
	at org.springframework.test.context.cache.DefaultCacheAwareContextLoaderDelegate.loadContextInternal(DefaultCacheAwareContextLoaderDelegate.java:225) ~[spring-test-6.2.9.jar:6.2.9]
	at org.springframework.test.context.cache.DefaultCacheAwareContextLoaderDelegate.loadContext(DefaultCacheAwareContextLoaderDelegate.java:152) ~[spring-test-6.2.9.jar:6.2.9]
	... 74 common frames omitted
Caused by: org.springframework.data.repository.query.QueryCreationException: Could not create query for public abstract java.util.Optional com.rookies4.myspringbootlab.repository.BookRepository.findByIdWithBookDetail(java.lang.Long); Reason: Failed to create query for method public abstract java.util.Optional com.rookies4.myspringbootlab.repository.BookRepository.findByIdWithBookDetail(java.lang.Long); No property 'withBookDetail' found for type 'Long'; Traversed path: Book.id
	at org.springframework.data.repository.query.QueryCreationException.create(QueryCreationException.java:101) ~[spring-data-commons-3.4.8.jar:3.4.8]
	at org.springframework.data.repository.core.support.QueryExecutorMethodInterceptor.lookupQuery(QueryExecutorMethodInterceptor.java:120) ~[spring-data-commons-3.4.8.jar:3.4.8]
	at org.springframework.data.repository.core.support.QueryExecutorMethodInterceptor.mapMethodsToQuery(QueryExecutorMethodInterceptor.java:104) ~[spring-data-commons-3.4.8.jar:3.4.8]
	at org.springframework.data.repository.core.support.QueryExecutorMethodInterceptor.lambda$new$0(QueryExecutorMethodInterceptor.java:92) ~[spring-data-commons-3.4.8.jar:3.4.8]
	at java.base/java.util.Optional.map(Optional.java:260) ~[na:na]
	at org.springframework.data.repository.core.support.QueryExecutorMethodInterceptor.<init>(QueryExecutorMethodInterceptor.java:92) ~[spring-data-commons-3.4.8.jar:3.4.8]
	at org.springframework.data.repository.core.support.RepositoryFactorySupport.getRepository(RepositoryFactorySupport.java:431) ~[spring-data-commons-3.4.8.jar:3.4.8]
	at org.springframework.data.repository.core.support.RepositoryFactoryBeanSupport.lambda$afterPropertiesSet$4(RepositoryFactoryBeanSupport.java:350) ~[spring-data-commons-3.4.8.jar:3.4.8]
	at org.springframework.data.util.Lazy.getNullable(Lazy.java:135) ~[spring-data-commons-3.4.8.jar:3.4.8]
	at org.springframework.data.util.Lazy.get(Lazy.java:113) ~[spring-data-commons-3.4.8.jar:3.4.8]
	at org.springframework.data.repository.core.support.RepositoryFactoryBeanSupport.afterPropertiesSet(RepositoryFactoryBeanSupport.java:356) ~[spring-data-commons-3.4.8.jar:3.4.8]
	at org.springframework.data.jpa.repository.support.JpaRepositoryFactoryBean.afterPropertiesSet(JpaRepositoryFactoryBean.java:132) ~[spring-data-jpa-3.4.8.jar:3.4.8]
	at org.springframework.beans.factory.support.AbstractAutowireCapableBeanFactory.invokeInitMethods(AbstractAutowireCapableBeanFactory.java:1873) ~[spring-beans-6.2.9.jar:6.2.9]
	at org.springframework.beans.factory.support.AbstractAutowireCapableBeanFactory.initializeBean(AbstractAutowireCapableBeanFactory.java:1822) ~[spring-beans-6.2.9.jar:6.2.9]
	... 97 common frames omitted
Caused by: java.lang.IllegalArgumentException: Failed to create query for method public abstract java.util.Optional com.rookies4.myspringbootlab.repository.BookRepository.findByIdWithBookDetail(java.lang.Long); No property 'withBookDetail' found for type 'Long'; Traversed path: Book.id
	at org.springframework.data.jpa.repository.query.PartTreeJpaQuery.<init>(PartTreeJpaQuery.java:107) ~[spring-data-jpa-3.4.8.jar:3.4.8]
	at org.springframework.data.jpa.repository.query.JpaQueryLookupStrategy$CreateQueryLookupStrategy.resolveQuery(JpaQueryLookupStrategy.java:128) ~[spring-data-jpa-3.4.8.jar:3.4.8]
	at org.springframework.data.jpa.repository.query.JpaQueryLookupStrategy$CreateIfNotFoundQueryLookupStrategy.resolveQuery(JpaQueryLookupStrategy.java:260) ~[spring-data-jpa-3.4.8.jar:3.4.8]
	at org.springframework.data.jpa.repository.query.JpaQueryLookupStrategy$AbstractQueryLookupStrategy.resolveQuery(JpaQueryLookupStrategy.java:99) ~[spring-data-jpa-3.4.8.jar:3.4.8]
	at org.springframework.data.repository.core.support.QueryExecutorMethodInterceptor.lookupQuery(QueryExecutorMethodInterceptor.java:116) ~[spring-data-commons-3.4.8.jar:3.4.8]
	... 109 common frames omitted
Caused by: org.springframework.data.mapping.PropertyReferenceException: No property 'withBookDetail' found for type 'Long'; Traversed path: Book.id
	at org.springframework.data.mapping.PropertyPath.<init>(PropertyPath.java:94) ~[spring-data-commons-3.4.8.jar:3.4.8]
	at org.springframework.data.mapping.PropertyPath.create(PropertyPath.java:455) ~[spring-data-commons-3.4.8.jar:3.4.8]
	at org.springframework.data.mapping.PropertyPath.create(PropertyPath.java:431) ~[spring-data-commons-3.4.8.jar:3.4.8]
	at org.springframework.data.mapping.PropertyPath.create(PropertyPath.java:465) ~[spring-data-commons-3.4.8.jar:3.4.8]
	at org.springframework.data.mapping.PropertyPath.create(PropertyPath.java:488) ~[spring-data-commons-3.4.8.jar:3.4.8]
	at org.springframework.data.mapping.PropertyPath.create(PropertyPath.java:488) ~[spring-data-commons-3.4.8.jar:3.4.8]
	at org.springframework.data.mapping.PropertyPath.create(PropertyPath.java:488) ~[spring-data-commons-3.4.8.jar:3.4.8]
	at org.springframework.data.mapping.PropertyPath.create(PropertyPath.java:431) ~[spring-data-commons-3.4.8.jar:3.4.8]
	at org.springframework.data.mapping.PropertyPath.lambda$from$0(PropertyPath.java:384) ~[spring-data-commons-3.4.8.jar:3.4.8]
	at java.base/java.util.concurrent.ConcurrentMap.computeIfAbsent(ConcurrentMap.java:330) ~[na:na]
	at org.springframework.data.mapping.PropertyPath.from(PropertyPath.java:366) ~[spring-data-commons-3.4.8.jar:3.4.8]
	at org.springframework.data.mapping.PropertyPath.from(PropertyPath.java:344) ~[spring-data-commons-3.4.8.jar:3.4.8]
	at org.springframework.data.repository.query.parser.Part.<init>(Part.java:81) ~[spring-data-commons-3.4.8.jar:3.4.8]
	at org.springframework.data.repository.query.parser.PartTree$OrPart.lambda$new$0(PartTree.java:259) ~[spring-data-commons-3.4.8.jar:3.4.8]
	at java.base/java.util.stream.ReferencePipeline$3$1.accept(ReferencePipeline.java:197) ~[na:na]
	at java.base/java.util.stream.ReferencePipeline$2$1.accept(ReferencePipeline.java:179) ~[na:na]
	at java.base/java.util.Spliterators$ArraySpliterator.forEachRemaining(Spliterators.java:992) ~[na:na]
	at java.base/java.util.stream.AbstractPipeline.copyInto(AbstractPipeline.java:509) ~[na:na]
	at java.base/java.util.stream.AbstractPipeline.wrapAndCopyInto(AbstractPipeline.java:499) ~[na:na]
	at java.base/java.util.stream.ReduceOps$ReduceOp.evaluateSequential(ReduceOps.java:921) ~[na:na]
	at java.base/java.util.stream.AbstractPipeline.evaluate(AbstractPipeline.java:234) ~[na:na]
	at java.base/java.util.stream.ReferencePipeline.collect(ReferencePipeline.java:682) ~[na:na]
	at org.springframework.data.repository.query.parser.PartTree$OrPart.<init>(PartTree.java:260) ~[spring-data-commons-3.4.8.jar:3.4.8]
	at org.springframework.data.repository.query.parser.PartTree$Predicate.lambda$new$0(PartTree.java:389) ~[spring-data-commons-3.4.8.jar:3.4.8]
	at java.base/java.util.stream.ReferencePipeline$3$1.accept(ReferencePipeline.java:197) ~[na:na]
	at java.base/java.util.stream.ReferencePipeline$2$1.accept(ReferencePipeline.java:179) ~[na:na]
	at java.base/java.util.Spliterators$ArraySpliterator.forEachRemaining(Spliterators.java:992) ~[na:na]
	at java.base/java.util.stream.AbstractPipeline.copyInto(AbstractPipeline.java:509) ~[na:na]
	at java.base/java.util.stream.AbstractPipeline.wrapAndCopyInto(AbstractPipeline.java:499) ~[na:na]
	at java.base/java.util.stream.ReduceOps$ReduceOp.evaluateSequential(ReduceOps.java:921) ~[na:na]
	at java.base/java.util.stream.AbstractPipeline.evaluate(AbstractPipeline.java:234) ~[na:na]
	at java.base/java.util.stream.ReferencePipeline.collect(ReferencePipeline.java:682) ~[na:na]
	at org.springframework.data.repository.query.parser.PartTree$Predicate.<init>(PartTree.java:390) ~[spring-data-commons-3.4.8.jar:3.4.8]
	at org.springframework.data.repository.query.parser.PartTree.<init>(PartTree.java:103) ~[spring-data-commons-3.4.8.jar:3.4.8]
	at org.springframework.data.jpa.repository.query.PartTreeJpaQuery.<init>(PartTreeJpaQuery.java:101) ~[spring-data-jpa-3.4.8.jar:3.4.8]
	... 113 common frames omitted

2025-08-26T22:15:33.386+09:00  WARN 14164 --- [MySpringBootLab] [main] o.s.test.context.TestContextManager      : Caught exception while allowing TestExecutionListener [org.springframework.test.context.support.DependencyInjectionTestExecutionListener] to prepare test instance [com.rookies4.myspringbootlab.repository.BookRepositoryTest@4d9bccfe]

java.lang.IllegalStateException: ApplicationContext failure threshold (1) exceeded: skipping repeated attempt to load context for [MergedContextConfiguration@2d33795c testClass = com.rookies4.myspringbootlab.repository.BookRepositoryTest, locations = [], classes = [com.rookies4.myspringbootlab.MySpringbootLabApplication], contextInitializerClasses = [], activeProfiles = [], propertySourceDescriptors = [], propertySourceProperties = ["org.springframework.boot.test.autoconfigure.orm.jpa.DataJpaTestContextBootstrapper=true"], contextCustomizers = [[ImportsContextCustomizer@779ef5cb key = [org.springframework.boot.autoconfigure.transaction.TransactionAutoConfiguration, org.springframework.boot.autoconfigure.data.jpa.JpaRepositoriesAutoConfiguration, org.springframework.boot.test.autoconfigure.orm.jpa.TestEntityManagerAutoConfiguration, org.springframework.boot.autoconfigure.cache.CacheAutoConfiguration, org.springframework.boot.autoconfigure.orm.jpa.HibernateJpaAutoConfiguration, org.springframework.boot.autoconfigure.sql.init.SqlInitializationAutoConfiguration, org.springframework.boot.test.autoconfigure.jdbc.TestDatabaseAutoConfiguration, org.springframework.boot.autoconfigure.flyway.FlywayAutoConfiguration, org.springframework.boot.autoconfigure.jdbc.DataSourceTransactionManagerAutoConfiguration, org.springframework.boot.autoconfigure.liquibase.LiquibaseAutoConfiguration, org.springframework.boot.autoconfigure.jdbc.JdbcClientAutoConfiguration, org.springframework.boot.autoconfigure.jdbc.DataSourceAutoConfiguration, org.springframework.boot.autoconfigure.jdbc.JdbcTemplateAutoConfiguration]], org.springframework.boot.test.context.filter.ExcludeFilterContextCustomizer@3224a577, org.springframework.boot.test.json.DuplicateJsonObjectContextCustomizerFactory$DuplicateJsonObjectContextCustomizer@3e44f2a5, org.springframework.boot.test.mock.mockito.MockitoContextCustomizer@0, org.springframework.boot.test.web.reactor.netty.DisableReactorResourceFactoryGlobalResourcesContextCustomizerFactory$DisableReactorResourceFactoryGlobalResourcesContextCustomizerCustomizer@a37aefe, org.springframework.boot.test.autoconfigure.OnFailureConditionReportContextCustomizerFactory$OnFailureConditionReportContextCustomizer@13b3d178, org.springframework.boot.test.autoconfigure.OverrideAutoConfigurationContextCustomizerFactory$DisableAutoConfigurationContextCustomizer@a82c5f1, org.springframework.boot.test.autoconfigure.actuate.observability.ObservabilityContextCustomizerFactory$DisableObservabilityContextCustomizer@1f, org.springframework.boot.test.autoconfigure.filter.TypeExcludeFiltersContextCustomizer@34be3d80, org.springframework.boot.test.autoconfigure.properties.PropertyMappingContextCustomizer@a5596913, org.springframework.boot.test.autoconfigure.web.servlet.WebDriverContextCustomizer@57ad2aa7, org.springframework.test.context.support.DynamicPropertiesContextCustomizer@0, org.springframework.boot.test.context.SpringBootTestAnnotation@f7975532], contextLoader = org.springframework.boot.test.context.SpringBootContextLoader, parent = null]
	at org.springframework.test.context.cache.DefaultCacheAwareContextLoaderDelegate.loadContext(DefaultCacheAwareContextLoaderDelegate.java:145) ~[spring-test-6.2.9.jar:6.2.9]
	at org.springframework.test.context.support.DefaultTestContext.getApplicationContext(DefaultTestContext.java:130) ~[spring-test-6.2.9.jar:6.2.9]
	at org.springframework.test.context.support.DependencyInjectionTestExecutionListener.injectDependencies(DependencyInjectionTestExecutionListener.java:155) ~[spring-test-6.2.9.jar:6.2.9]
	at org.springframework.test.context.support.DependencyInjectionTestExecutionListener.prepareTestInstance(DependencyInjectionTestExecutionListener.java:111) ~[spring-test-6.2.9.jar:6.2.9]
	at org.springframework.test.context.TestContextManager.prepareTestInstance(TestContextManager.java:260) ~[spring-test-6.2.9.jar:6.2.9]
	at org.springframework.test.context.junit.jupiter.SpringExtension.postProcessTestInstance(SpringExtension.java:159) ~[spring-test-6.2.9.jar:6.2.9]
	at org.junit.jupiter.engine.descriptor.ClassBasedTestDescriptor.lambda$invokeTestInstancePostProcessors$11(ClassBasedTestDescriptor.java:378) ~[junit-jupiter-engine-5.11.4.jar:5.11.4]
	at org.junit.jupiter.engine.descriptor.ClassBasedTestDescriptor.executeAndMaskThrowable(ClassBasedTestDescriptor.java:383) ~[junit-jupiter-engine-5.11.4.jar:5.11.4]
	at org.junit.jupiter.engine.descriptor.ClassBasedTestDescriptor.lambda$invokeTestInstancePostProcessors$12(ClassBasedTestDescriptor.java:378) ~[junit-jupiter-engine-5.11.4.jar:5.11.4]
	at java.base/java.util.stream.ForEachOps$ForEachOp$OfRef.accept(ForEachOps.java:183) ~[na:na]
	at java.base/java.util.stream.ReferencePipeline$3$1.accept(ReferencePipeline.java:197) ~[na:na]
	at java.base/java.util.stream.ReferencePipeline$2$1.accept(ReferencePipeline.java:179) ~[na:na]
	at java.base/java.util.stream.ReferencePipeline$3$1.accept(ReferencePipeline.java:197) ~[na:na]
	at java.base/java.util.ArrayList$ArrayListSpliterator.forEachRemaining(ArrayList.java:1625) ~[na:na]
	at java.base/java.util.stream.AbstractPipeline.copyInto(AbstractPipeline.java:509) ~[na:na]
	at java.base/java.util.stream.AbstractPipeline.wrapAndCopyInto(AbstractPipeline.java:499) ~[na:na]
	at java.base/java.util.stream.ForEachOps$ForEachOp.evaluateSequential(ForEachOps.java:150) ~[na:na]
	at java.base/java.util.stream.ForEachOps$ForEachOp$OfRef.evaluateSequential(ForEachOps.java:173) ~[na:na]
	at java.base/java.util.stream.AbstractPipeline.evaluate(AbstractPipeline.java:234) ~[na:na]
	at java.base/java.util.stream.ReferencePipeline.forEach(ReferencePipeline.java:596) ~[na:na]
	at org.junit.jupiter.engine.descriptor.ClassBasedTestDescriptor.invokeTestInstancePostProcessors(ClassBasedTestDescriptor.java:377) ~[junit-jupiter-engine-5.11.4.jar:5.11.4]
	at org.junit.jupiter.engine.descriptor.ClassBasedTestDescriptor.lambda$instantiateAndPostProcessTestInstance$7(ClassBasedTestDescriptor.java:290) ~[junit-jupiter-engine-5.11.4.jar:5.11.4]
	at org.junit.platform.engine.support.hierarchical.ThrowableCollector.execute(ThrowableCollector.java:73) ~[junit-platform-engine-1.11.4.jar:1.11.4]
	at org.junit.jupiter.engine.descriptor.ClassBasedTestDescriptor.instantiateAndPostProcessTestInstance(ClassBasedTestDescriptor.java:289) ~[junit-jupiter-engine-5.11.4.jar:5.11.4]
	at org.junit.jupiter.engine.descriptor.ClassBasedTestDescriptor.lambda$testInstancesProvider$5(ClassBasedTestDescriptor.java:279) ~[junit-jupiter-engine-5.11.4.jar:5.11.4]
	at java.base/java.util.Optional.orElseGet(Optional.java:364) ~[na:na]
	at org.junit.jupiter.engine.descriptor.ClassBasedTestDescriptor.lambda$testInstancesProvider$6(ClassBasedTestDescriptor.java:278) ~[junit-jupiter-engine-5.11.4.jar:5.11.4]
	at org.junit.jupiter.engine.execution.TestInstancesProvider.getTestInstances(TestInstancesProvider.java:31) ~[junit-jupiter-engine-5.11.4.jar:5.11.4]
	at org.junit.jupiter.engine.descriptor.TestMethodTestDescriptor.lambda$prepare$1(TestMethodTestDescriptor.java:105) ~[junit-jupiter-engine-5.11.4.jar:5.11.4]
	at org.junit.platform.engine.support.hierarchical.ThrowableCollector.execute(ThrowableCollector.java:73) ~[junit-platform-engine-1.11.4.jar:1.11.4]
	at org.junit.jupiter.engine.descriptor.TestMethodTestDescriptor.prepare(TestMethodTestDescriptor.java:104) ~[junit-jupiter-engine-5.11.4.jar:5.11.4]
	at org.junit.jupiter.engine.descriptor.TestMethodTestDescriptor.prepare(TestMethodTestDescriptor.java:68) ~[junit-jupiter-engine-5.11.4.jar:5.11.4]
	at org.junit.platform.engine.support.hierarchical.NodeTestTask.lambda$prepare$2(NodeTestTask.java:128) ~[junit-platform-engine-1.11.4.jar:1.11.4]
	at org.junit.platform.engine.support.hierarchical.ThrowableCollector.execute(ThrowableCollector.java:73) ~[junit-platform-engine-1.11.4.jar:1.11.4]
	at org.junit.platform.engine.support.hierarchical.NodeTestTask.prepare(NodeTestTask.java:128) ~[junit-platform-engine-1.11.4.jar:1.11.4]
	at org.junit.platform.engine.support.hierarchical.NodeTestTask.execute(NodeTestTask.java:95) ~[junit-platform-engine-1.11.4.jar:1.11.4]
	at java.base/java.util.ArrayList.forEach(ArrayList.java:1511) ~[na:na]
	at org.junit.platform.engine.support.hierarchical.SameThreadHierarchicalTestExecutorService.invokeAll(SameThreadHierarchicalTestExecutorService.java:41) ~[junit-platform-engine-1.11.4.jar:1.11.4]
	at org.junit.platform.engine.support.hierarchical.NodeTestTask.lambda$executeRecursively$6(NodeTestTask.java:160) ~[junit-platform-engine-1.11.4.jar:1.11.4]
	at org.junit.platform.engine.support.hierarchical.ThrowableCollector.execute(ThrowableCollector.java:73) ~[junit-platform-engine-1.11.4.jar:1.11.4]
	at org.junit.platform.engine.support.hierarchical.NodeTestTask.lambda$executeRecursively$8(NodeTestTask.java:146) ~[junit-platform-engine-1.11.4.jar:1.11.4]
	at org.junit.platform.engine.support.hierarchical.Node.around(Node.java:137) ~[junit-platform-engine-1.11.4.jar:1.11.4]
	at org.junit.platform.engine.support.hierarchical.NodeTestTask.lambda$executeRecursively$9(NodeTestTask.java:144) ~[junit-platform-engine-1.11.4.jar:1.11.4]
	at org.junit.platform.engine.support.hierarchical.ThrowableCollector.execute(ThrowableCollector.java:73) ~[junit-platform-engine-1.11.4.jar:1.11.4]
	at org.junit.platform.engine.support.hierarchical.NodeTestTask.executeRecursively(NodeTestTask.java:143) ~[junit-platform-engine-1.11.4.jar:1.11.4]
	at org.junit.platform.engine.support.hierarchical.NodeTestTask.execute(NodeTestTask.java:100) ~[junit-platform-engine-1.11.4.jar:1.11.4]
	at java.base/java.util.ArrayList.forEach(ArrayList.java:1511) ~[na:na]
	at org.junit.platform.engine.support.hierarchical.SameThreadHierarchicalTestExecutorService.invokeAll(SameThreadHierarchicalTestExecutorService.java:41) ~[junit-platform-engine-1.11.4.jar:1.11.4]
	at org.junit.platform.engine.support.hierarchical.NodeTestTask.lambda$executeRecursively$6(NodeTestTask.java:160) ~[junit-platform-engine-1.11.4.jar:1.11.4]
	at org.junit.platform.engine.support.hierarchical.ThrowableCollector.execute(ThrowableCollector.java:73) ~[junit-platform-engine-1.11.4.jar:1.11.4]
	at org.junit.platform.engine.support.hierarchical.NodeTestTask.lambda$executeRecursively$8(NodeTestTask.java:146) ~[junit-platform-engine-1.11.4.jar:1.11.4]
	at org.junit.platform.engine.support.hierarchical.Node.around(Node.java:137) ~[junit-platform-engine-1.11.4.jar:1.11.4]
	at org.junit.platform.engine.support.hierarchical.NodeTestTask.lambda$executeRecursively$9(NodeTestTask.java:144) ~[junit-platform-engine-1.11.4.jar:1.11.4]
	at org.junit.platform.engine.support.hierarchical.ThrowableCollector.execute(ThrowableCollector.java:73) ~[junit-platform-engine-1.11.4.jar:1.11.4]
	at org.junit.platform.engine.support.hierarchical.NodeTestTask.executeRecursively(NodeTestTask.java:143) ~[junit-platform-engine-1.11.4.jar:1.11.4]
	at org.junit.platform.engine.support.hierarchical.NodeTestTask.execute(NodeTestTask.java:100) ~[junit-platform-engine-1.11.4.jar:1.11.4]
	at org.junit.platform.engine.support.hierarchical.SameThreadHierarchicalTestExecutorService.submit(SameThreadHierarchicalTestExecutorService.java:35) ~[junit-platform-engine-1.11.4.jar:1.11.4]
	at org.junit.platform.engine.support.hierarchical.HierarchicalTestExecutor.execute(HierarchicalTestExecutor.java:57) ~[junit-platform-engine-1.11.4.jar:1.11.4]
	at org.junit.platform.engine.support.hierarchical.HierarchicalTestEngine.execute(HierarchicalTestEngine.java:54) ~[junit-platform-engine-1.11.4.jar:1.11.4]
	at org.junit.platform.launcher.core.EngineExecutionOrchestrator.execute(EngineExecutionOrchestrator.java:198) ~[junit-platform-launcher-1.11.4.jar:1.11.4]
	at org.junit.platform.launcher.core.EngineExecutionOrchestrator.execute(EngineExecutionOrchestrator.java:169) ~[junit-platform-launcher-1.11.4.jar:1.11.4]
	at org.junit.platform.launcher.core.EngineExecutionOrchestrator.execute(EngineExecutionOrchestrator.java:93) ~[junit-platform-launcher-1.11.4.jar:1.11.4]
	at org.junit.platform.launcher.core.EngineExecutionOrchestrator.lambda$execute$0(EngineExecutionOrchestrator.java:58) ~[junit-platform-launcher-1.11.4.jar:1.11.4]
	at org.junit.platform.launcher.core.EngineExecutionOrchestrator.withInterceptedStreams(EngineExecutionOrchestrator.java:141) ~[junit-platform-launcher-1.11.4.jar:1.11.4]
	at org.junit.platform.launcher.core.EngineExecutionOrchestrator.execute(EngineExecutionOrchestrator.java:57) ~[junit-platform-launcher-1.11.4.jar:1.11.4]
	at org.junit.platform.launcher.core.DefaultLauncher.execute(DefaultLauncher.java:103) ~[junit-platform-launcher-1.11.4.jar:1.11.4]
	at org.junit.platform.launcher.core.DefaultLauncher.execute(DefaultLauncher.java:85) ~[junit-platform-launcher-1.11.4.jar:1.11.4]
	at org.junit.platform.launcher.core.DelegatingLauncher.execute(DelegatingLauncher.java:47) ~[junit-platform-launcher-1.11.4.jar:1.11.4]
	at org.junit.platform.launcher.core.SessionPerRequestLauncher.execute(SessionPerRequestLauncher.java:63) ~[junit-platform-launcher-1.11.4.jar:1.11.4]
	at com.intellij.junit5.JUnit5IdeaTestRunner.startRunnerWithArgs(JUnit5IdeaTestRunner.java:66) ~[junit5-rt.jar:na]
	at com.intellij.rt.junit.IdeaTestRunner$Repeater$1.execute(IdeaTestRunner.java:38) ~[junit-rt.jar:na]
	at com.intellij.rt.execution.junit.TestsRepeater.repeat(TestsRepeater.java:11) ~[idea_rt.jar:na]
	at com.intellij.rt.junit.IdeaTestRunner$Repeater.startRunnerWithArgs(IdeaTestRunner.java:35) ~[junit-rt.jar:na]
	at com.intellij.rt.junit.JUnitStarter.prepareStreamsAndStart(JUnitStarter.java:231) ~[junit-rt.jar:na]
	at com.intellij.rt.junit.JUnitStarter.main(JUnitStarter.java:55) ~[junit-rt.jar:na]

2025-08-26T22:15:33.399+09:00  WARN 14164 --- [MySpringBootLab] [main] o.s.test.context.TestContextManager      : Caught exception while allowing TestExecutionListener [org.springframework.test.context.support.DependencyInjectionTestExecutionListener] to prepare test instance [com.rookies4.myspringbootlab.repository.BookRepositoryTest@36c45149]

java.lang.IllegalStateException: ApplicationContext failure threshold (1) exceeded: skipping repeated attempt to load context for [MergedContextConfiguration@2d33795c testClass = com.rookies4.myspringbootlab.repository.BookRepositoryTest, locations = [], classes = [com.rookies4.myspringbootlab.MySpringbootLabApplication], contextInitializerClasses = [], activeProfiles = [], propertySourceDescriptors = [], propertySourceProperties = ["org.springframework.boot.test.autoconfigure.orm.jpa.DataJpaTestContextBootstrapper=true"], contextCustomizers = [[ImportsContextCustomizer@779ef5cb key = [org.springframework.boot.autoconfigure.transaction.TransactionAutoConfiguration, org.springframework.boot.autoconfigure.data.jpa.JpaRepositoriesAutoConfiguration, org.springframework.boot.test.autoconfigure.orm.jpa.TestEntityManagerAutoConfiguration, org.springframework.boot.autoconfigure.cache.CacheAutoConfiguration, org.springframework.boot.autoconfigure.orm.jpa.HibernateJpaAutoConfiguration, org.springframework.boot.autoconfigure.sql.init.SqlInitializationAutoConfiguration, org.springframework.boot.test.autoconfigure.jdbc.TestDatabaseAutoConfiguration, org.springframework.boot.autoconfigure.flyway.FlywayAutoConfiguration, org.springframework.boot.autoconfigure.jdbc.DataSourceTransactionManagerAutoConfiguration, org.springframework.boot.autoconfigure.liquibase.LiquibaseAutoConfiguration, org.springframework.boot.autoconfigure.jdbc.JdbcClientAutoConfiguration, org.springframework.boot.autoconfigure.jdbc.DataSourceAutoConfiguration, org.springframework.boot.autoconfigure.jdbc.JdbcTemplateAutoConfiguration]], org.springframework.boot.test.context.filter.ExcludeFilterContextCustomizer@3224a577, org.springframework.boot.test.json.DuplicateJsonObjectContextCustomizerFactory$DuplicateJsonObjectContextCustomizer@3e44f2a5, org.springframework.boot.test.mock.mockito.MockitoContextCustomizer@0, org.springframework.boot.test.web.reactor.netty.DisableReactorResourceFactoryGlobalResourcesContextCustomizerFactory$DisableReactorResourceFactoryGlobalResourcesContextCustomizerCustomizer@a37aefe, org.springframework.boot.test.autoconfigure.OnFailureConditionReportContextCustomizerFactory$OnFailureConditionReportContextCustomizer@13b3d178, org.springframework.boot.test.autoconfigure.OverrideAutoConfigurationContextCustomizerFactory$DisableAutoConfigurationContextCustomizer@a82c5f1, org.springframework.boot.test.autoconfigure.actuate.observability.ObservabilityContextCustomizerFactory$DisableObservabilityContextCustomizer@1f, org.springframework.boot.test.autoconfigure.filter.TypeExcludeFiltersContextCustomizer@34be3d80, org.springframework.boot.test.autoconfigure.properties.PropertyMappingContextCustomizer@a5596913, org.springframework.boot.test.autoconfigure.web.servlet.WebDriverContextCustomizer@57ad2aa7, org.springframework.test.context.support.DynamicPropertiesContextCustomizer@0, org.springframework.boot.test.context.SpringBootTestAnnotation@f7975532], contextLoader = org.springframework.boot.test.context.SpringBootContextLoader, parent = null]
	at org.springframework.test.context.cache.DefaultCacheAwareContextLoaderDelegate.loadContext(DefaultCacheAwareContextLoaderDelegate.java:145) ~[spring-test-6.2.9.jar:6.2.9]
	at org.springframework.test.context.support.DefaultTestContext.getApplicationContext(DefaultTestContext.java:130) ~[spring-test-6.2.9.jar:6.2.9]
	at org.springframework.test.context.support.DependencyInjectionTestExecutionListener.injectDependencies(DependencyInjectionTestExecutionListener.java:155) ~[spring-test-6.2.9.jar:6.2.9]
	at org.springframework.test.context.support.DependencyInjectionTestExecutionListener.prepareTestInstance(DependencyInjectionTestExecutionListener.java:111) ~[spring-test-6.2.9.jar:6.2.9]
	at org.springframework.test.context.TestContextManager.prepareTestInstance(TestContextManager.java:260) ~[spring-test-6.2.9.jar:6.2.9]
	at org.springframework.test.context.junit.jupiter.SpringExtension.postProcessTestInstance(SpringExtension.java:159) ~[spring-test-6.2.9.jar:6.2.9]
	at org.junit.jupiter.engine.descriptor.ClassBasedTestDescriptor.lambda$invokeTestInstancePostProcessors$11(ClassBasedTestDescriptor.java:378) ~[junit-jupiter-engine-5.11.4.jar:5.11.4]
	at org.junit.jupiter.engine.descriptor.ClassBasedTestDescriptor.executeAndMaskThrowable(ClassBasedTestDescriptor.java:383) ~[junit-jupiter-engine-5.11.4.jar:5.11.4]
	at org.junit.jupiter.engine.descriptor.ClassBasedTestDescriptor.lambda$invokeTestInstancePostProcessors$12(ClassBasedTestDescriptor.java:378) ~[junit-jupiter-engine-5.11.4.jar:5.11.4]
	at java.base/java.util.stream.ForEachOps$ForEachOp$OfRef.accept(ForEachOps.java:183) ~[na:na]
	at java.base/java.util.stream.ReferencePipeline$3$1.accept(ReferencePipeline.java:197) ~[na:na]
	at java.base/java.util.stream.ReferencePipeline$2$1.accept(ReferencePipeline.java:179) ~[na:na]
	at java.base/java.util.stream.ReferencePipeline$3$1.accept(ReferencePipeline.java:197) ~[na:na]
	at java.base/java.util.ArrayList$ArrayListSpliterator.forEachRemaining(ArrayList.java:1625) ~[na:na]
	at java.base/java.util.stream.AbstractPipeline.copyInto(AbstractPipeline.java:509) ~[na:na]
	at java.base/java.util.stream.AbstractPipeline.wrapAndCopyInto(AbstractPipeline.java:499) ~[na:na]
	at java.base/java.util.stream.ForEachOps$ForEachOp.evaluateSequential(ForEachOps.java:150) ~[na:na]
	at java.base/java.util.stream.ForEachOps$ForEachOp$OfRef.evaluateSequential(ForEachOps.java:173) ~[na:na]
	at java.base/java.util.stream.AbstractPipeline.evaluate(AbstractPipeline.java:234) ~[na:na]
	at java.base/java.util.stream.ReferencePipeline.forEach(ReferencePipeline.java:596) ~[na:na]
	at org.junit.jupiter.engine.descriptor.ClassBasedTestDescriptor.invokeTestInstancePostProcessors(ClassBasedTestDescriptor.java:377) ~[junit-jupiter-engine-5.11.4.jar:5.11.4]
	at org.junit.jupiter.engine.descriptor.ClassBasedTestDescriptor.lambda$instantiateAndPostProcessTestInstance$7(ClassBasedTestDescriptor.java:290) ~[junit-jupiter-engine-5.11.4.jar:5.11.4]
	at org.junit.platform.engine.support.hierarchical.ThrowableCollector.execute(ThrowableCollector.java:73) ~[junit-platform-engine-1.11.4.jar:1.11.4]
	at org.junit.jupiter.engine.descriptor.ClassBasedTestDescriptor.instantiateAndPostProcessTestInstance(ClassBasedTestDescriptor.java:289) ~[junit-jupiter-engine-5.11.4.jar:5.11.4]
	at org.junit.jupiter.engine.descriptor.ClassBasedTestDescriptor.lambda$testInstancesProvider$5(ClassBasedTestDescriptor.java:279) ~[junit-jupiter-engine-5.11.4.jar:5.11.4]
	at java.base/java.util.Optional.orElseGet(Optional.java:364) ~[na:na]
	at org.junit.jupiter.engine.descriptor.ClassBasedTestDescriptor.lambda$testInstancesProvider$6(ClassBasedTestDescriptor.java:278) ~[junit-jupiter-engine-5.11.4.jar:5.11.4]
	at org.junit.jupiter.engine.execution.TestInstancesProvider.getTestInstances(TestInstancesProvider.java:31) ~[junit-jupiter-engine-5.11.4.jar:5.11.4]
	at org.junit.jupiter.engine.descriptor.TestMethodTestDescriptor.lambda$prepare$1(TestMethodTestDescriptor.java:105) ~[junit-jupiter-engine-5.11.4.jar:5.11.4]
	at org.junit.platform.engine.support.hierarchical.ThrowableCollector.execute(ThrowableCollector.java:73) ~[junit-platform-engine-1.11.4.jar:1.11.4]
	at org.junit.jupiter.engine.descriptor.TestMethodTestDescriptor.prepare(TestMethodTestDescriptor.java:104) ~[junit-jupiter-engine-5.11.4.jar:5.11.4]
	at org.junit.jupiter.engine.descriptor.TestMethodTestDescriptor.prepare(TestMethodTestDescriptor.java:68) ~[junit-jupiter-engine-5.11.4.jar:5.11.4]
	at org.junit.platform.engine.support.hierarchical.NodeTestTask.lambda$prepare$2(NodeTestTask.java:128) ~[junit-platform-engine-1.11.4.jar:1.11.4]
	at org.junit.platform.engine.support.hierarchical.ThrowableCollector.execute(ThrowableCollector.java:73) ~[junit-platform-engine-1.11.4.jar:1.11.4]
	at org.junit.platform.engine.support.hierarchical.NodeTestTask.prepare(NodeTestTask.java:128) ~[junit-platform-engine-1.11.4.jar:1.11.4]
	at org.junit.platform.engine.support.hierarchical.NodeTestTask.execute(NodeTestTask.java:95) ~[junit-platform-engine-1.11.4.jar:1.11.4]
	at java.base/java.util.ArrayList.forEach(ArrayList.java:1511) ~[na:na]
	at org.junit.platform.engine.support.hierarchical.SameThreadHierarchicalTestExecutorService.invokeAll(SameThreadHierarchicalTestExecutorService.java:41) ~[junit-platform-engine-1.11.4.jar:1.11.4]
	at org.junit.platform.engine.support.hierarchical.NodeTestTask.lambda$executeRecursively$6(NodeTestTask.java:160) ~[junit-platform-engine-1.11.4.jar:1.11.4]
	at org.junit.platform.engine.support.hierarchical.ThrowableCollector.execute(ThrowableCollector.java:73) ~[junit-platform-engine-1.11.4.jar:1.11.4]
	at org.junit.platform.engine.support.hierarchical.NodeTestTask.lambda$executeRecursively$8(NodeTestTask.java:146) ~[junit-platform-engine-1.11.4.jar:1.11.4]
	at org.junit.platform.engine.support.hierarchical.Node.around(Node.java:137) ~[junit-platform-engine-1.11.4.jar:1.11.4]
	at org.junit.platform.engine.support.hierarchical.NodeTestTask.lambda$executeRecursively$9(NodeTestTask.java:144) ~[junit-platform-engine-1.11.4.jar:1.11.4]
	at org.junit.platform.engine.support.hierarchical.ThrowableCollector.execute(ThrowableCollector.java:73) ~[junit-platform-engine-1.11.4.jar:1.11.4]
	at org.junit.platform.engine.support.hierarchical.NodeTestTask.executeRecursively(NodeTestTask.java:143) ~[junit-platform-engine-1.11.4.jar:1.11.4]
	at org.junit.platform.engine.support.hierarchical.NodeTestTask.execute(NodeTestTask.java:100) ~[junit-platform-engine-1.11.4.jar:1.11.4]
	at java.base/java.util.ArrayList.forEach(ArrayList.java:1511) ~[na:na]
	at org.junit.platform.engine.support.hierarchical.SameThreadHierarchicalTestExecutorService.invokeAll(SameThreadHierarchicalTestExecutorService.java:41) ~[junit-platform-engine-1.11.4.jar:1.11.4]
	at org.junit.platform.engine.support.hierarchical.NodeTestTask.lambda$executeRecursively$6(NodeTestTask.java:160) ~[junit-platform-engine-1.11.4.jar:1.11.4]
	at org.junit.platform.engine.support.hierarchical.ThrowableCollector.execute(ThrowableCollector.java:73) ~[junit-platform-engine-1.11.4.jar:1.11.4]
	at org.junit.platform.engine.support.hierarchical.NodeTestTask.lambda$executeRecursively$8(NodeTestTask.java:146) ~[junit-platform-engine-1.11.4.jar:1.11.4]
	at org.junit.platform.engine.support.hierarchical.Node.around(Node.java:137) ~[junit-platform-engine-1.11.4.jar:1.11.4]
	at org.junit.platform.engine.support.hierarchical.NodeTestTask.lambda$executeRecursively$9(NodeTestTask.java:144) ~[junit-platform-engine-1.11.4.jar:1.11.4]
	at org.junit.platform.engine.support.hierarchical.ThrowableCollector.execute(ThrowableCollector.java:73) ~[junit-platform-engine-1.11.4.jar:1.11.4]
	at org.junit.platform.engine.support.hierarchical.NodeTestTask.executeRecursively(NodeTestTask.java:143) ~[junit-platform-engine-1.11.4.jar:1.11.4]
	at org.junit.platform.engine.support.hierarchical.NodeTestTask.execute(NodeTestTask.java:100) ~[junit-platform-engine-1.11.4.jar:1.11.4]
	at org.junit.platform.engine.support.hierarchical.SameThreadHierarchicalTestExecutorService.submit(SameThreadHierarchicalTestExecutorService.java:35) ~[junit-platform-engine-1.11.4.jar:1.11.4]
	at org.junit.platform.engine.support.hierarchical.HierarchicalTestExecutor.execute(HierarchicalTestExecutor.java:57) ~[junit-platform-engine-1.11.4.jar:1.11.4]
	at org.junit.platform.engine.support.hierarchical.HierarchicalTestEngine.execute(HierarchicalTestEngine.java:54) ~[junit-platform-engine-1.11.4.jar:1.11.4]
	at org.junit.platform.launcher.core.EngineExecutionOrchestrator.execute(EngineExecutionOrchestrator.java:198) ~[junit-platform-launcher-1.11.4.jar:1.11.4]
	at org.junit.platform.launcher.core.EngineExecutionOrchestrator.execute(EngineExecutionOrchestrator.java:169) ~[junit-platform-launcher-1.11.4.jar:1.11.4]
	at org.junit.platform.launcher.core.EngineExecutionOrchestrator.execute(EngineExecutionOrchestrator.java:93) ~[junit-platform-launcher-1.11.4.jar:1.11.4]
	at org.junit.platform.launcher.core.EngineExecutionOrchestrator.lambda$execute$0(EngineExecutionOrchestrator.java:58) ~[junit-platform-launcher-1.11.4.jar:1.11.4]
	at org.junit.platform.launcher.core.EngineExecutionOrchestrator.withInterceptedStreams(EngineExecutionOrchestrator.java:141) ~[junit-platform-launcher-1.11.4.jar:1.11.4]
	at org.junit.platform.launcher.core.EngineExecutionOrchestrator.execute(EngineExecutionOrchestrator.java:57) ~[junit-platform-launcher-1.11.4.jar:1.11.4]
	at org.junit.platform.launcher.core.DefaultLauncher.execute(DefaultLauncher.java:103) ~[junit-platform-launcher-1.11.4.jar:1.11.4]
	at org.junit.platform.launcher.core.DefaultLauncher.execute(DefaultLauncher.java:85) ~[junit-platform-launcher-1.11.4.jar:1.11.4]
	at org.junit.platform.launcher.core.DelegatingLauncher.execute(DelegatingLauncher.java:47) ~[junit-platform-launcher-1.11.4.jar:1.11.4]
	at org.junit.platform.launcher.core.SessionPerRequestLauncher.execute(SessionPerRequestLauncher.java:63) ~[junit-platform-launcher-1.11.4.jar:1.11.4]
	at com.intellij.junit5.JUnit5IdeaTestRunner.startRunnerWithArgs(JUnit5IdeaTestRunner.java:66) ~[junit5-rt.jar:na]
	at com.intellij.rt.junit.IdeaTestRunner$Repeater$1.execute(IdeaTestRunner.java:38) ~[junit-rt.jar:na]
	at com.intellij.rt.execution.junit.TestsRepeater.repeat(TestsRepeater.java:11) ~[idea_rt.jar:na]
	at com.intellij.rt.junit.IdeaTestRunner$Repeater.startRunnerWithArgs(IdeaTestRunner.java:35) ~[junit-rt.jar:na]
	at com.intellij.rt.junit.JUnitStarter.prepareStreamsAndStart(JUnitStarter.java:231) ~[junit-rt.jar:na]
	at com.intellij.rt.junit.JUnitStarter.main(JUnitStarter.java:55) ~[junit-rt.jar:na]

2025-08-26T22:15:33.408+09:00  WARN 14164 --- [MySpringBootLab] [main] o.s.test.context.TestContextManager      : Caught exception while allowing TestExecutionListener [org.springframework.test.context.support.DependencyInjectionTestExecutionListener] to prepare test instance [com.rookies4.myspringbootlab.repository.BookRepositoryTest@201b52f7]

java.lang.IllegalStateException: ApplicationContext failure threshold (1) exceeded: skipping repeated attempt to load context for [MergedContextConfiguration@2d33795c testClass = com.rookies4.myspringbootlab.repository.BookRepositoryTest, locations = [], classes = [com.rookies4.myspringbootlab.MySpringbootLabApplication], contextInitializerClasses = [], activeProfiles = [], propertySourceDescriptors = [], propertySourceProperties = ["org.springframework.boot.test.autoconfigure.orm.jpa.DataJpaTestContextBootstrapper=true"], contextCustomizers = [[ImportsContextCustomizer@779ef5cb key = [org.springframework.boot.autoconfigure.transaction.TransactionAutoConfiguration, org.springframework.boot.autoconfigure.data.jpa.JpaRepositoriesAutoConfiguration, org.springframework.boot.test.autoconfigure.orm.jpa.TestEntityManagerAutoConfiguration, org.springframework.boot.autoconfigure.cache.CacheAutoConfiguration, org.springframework.boot.autoconfigure.orm.jpa.HibernateJpaAutoConfiguration, org.springframework.boot.autoconfigure.sql.init.SqlInitializationAutoConfiguration, org.springframework.boot.test.autoconfigure.jdbc.TestDatabaseAutoConfiguration, org.springframework.boot.autoconfigure.flyway.FlywayAutoConfiguration, org.springframework.boot.autoconfigure.jdbc.DataSourceTransactionManagerAutoConfiguration, org.springframework.boot.autoconfigure.liquibase.LiquibaseAutoConfiguration, org.springframework.boot.autoconfigure.jdbc.JdbcClientAutoConfiguration, org.springframework.boot.autoconfigure.jdbc.DataSourceAutoConfiguration, org.springframework.boot.autoconfigure.jdbc.JdbcTemplateAutoConfiguration]], org.springframework.boot.test.context.filter.ExcludeFilterContextCustomizer@3224a577, org.springframework.boot.test.json.DuplicateJsonObjectContextCustomizerFactory$DuplicateJsonObjectContextCustomizer@3e44f2a5, org.springframework.boot.test.mock.mockito.MockitoContextCustomizer@0, org.springframework.boot.test.web.reactor.netty.DisableReactorResourceFactoryGlobalResourcesContextCustomizerFactory$DisableReactorResourceFactoryGlobalResourcesContextCustomizerCustomizer@a37aefe, org.springframework.boot.test.autoconfigure.OnFailureConditionReportContextCustomizerFactory$OnFailureConditionReportContextCustomizer@13b3d178, org.springframework.boot.test.autoconfigure.OverrideAutoConfigurationContextCustomizerFactory$DisableAutoConfigurationContextCustomizer@a82c5f1, org.springframework.boot.test.autoconfigure.actuate.observability.ObservabilityContextCustomizerFactory$DisableObservabilityContextCustomizer@1f, org.springframework.boot.test.autoconfigure.filter.TypeExcludeFiltersContextCustomizer@34be3d80, org.springframework.boot.test.autoconfigure.properties.PropertyMappingContextCustomizer@a5596913, org.springframework.boot.test.autoconfigure.web.servlet.WebDriverContextCustomizer@57ad2aa7, org.springframework.test.context.support.DynamicPropertiesContextCustomizer@0, org.springframework.boot.test.context.SpringBootTestAnnotation@f7975532], contextLoader = org.springframework.boot.test.context.SpringBootContextLoader, parent = null]
	at org.springframework.test.context.cache.DefaultCacheAwareContextLoaderDelegate.loadContext(DefaultCacheAwareContextLoaderDelegate.java:145) ~[spring-test-6.2.9.jar:6.2.9]
	at org.springframework.test.context.support.DefaultTestContext.getApplicationContext(DefaultTestContext.java:130) ~[spring-test-6.2.9.jar:6.2.9]
	at org.springframework.test.context.support.DependencyInjectionTestExecutionListener.injectDependencies(DependencyInjectionTestExecutionListener.java:155) ~[spring-test-6.2.9.jar:6.2.9]
	at org.springframework.test.context.support.DependencyInjectionTestExecutionListener.prepareTestInstance(DependencyInjectionTestExecutionListener.java:111) ~[spring-test-6.2.9.jar:6.2.9]
	at org.springframework.test.context.TestContextManager.prepareTestInstance(TestContextManager.java:260) ~[spring-test-6.2.9.jar:6.2.9]
	at org.springframework.test.context.junit.jupiter.SpringExtension.postProcessTestInstance(SpringExtension.java:159) ~[spring-test-6.2.9.jar:6.2.9]
	at org.junit.jupiter.engine.descriptor.ClassBasedTestDescriptor.lambda$invokeTestInstancePostProcessors$11(ClassBasedTestDescriptor.java:378) ~[junit-jupiter-engine-5.11.4.jar:5.11.4]
	at org.junit.jupiter.engine.descriptor.ClassBasedTestDescriptor.executeAndMaskThrowable(ClassBasedTestDescriptor.java:383) ~[junit-jupiter-engine-5.11.4.jar:5.11.4]
	at org.junit.jupiter.engine.descriptor.ClassBasedTestDescriptor.lambda$invokeTestInstancePostProcessors$12(ClassBasedTestDescriptor.java:378) ~[junit-jupiter-engine-5.11.4.jar:5.11.4]
	at java.base/java.util.stream.ForEachOps$ForEachOp$OfRef.accept(ForEachOps.java:183) ~[na:na]
	at java.base/java.util.stream.ReferencePipeline$3$1.accept(ReferencePipeline.java:197) ~[na:na]
	at java.base/java.util.stream.ReferencePipeline$2$1.accept(ReferencePipeline.java:179) ~[na:na]
	at java.base/java.util.stream.ReferencePipeline$3$1.accept(ReferencePipeline.java:197) ~[na:na]
	at java.base/java.util.ArrayList$ArrayListSpliterator.forEachRemaining(ArrayList.java:1625) ~[na:na]
	at java.base/java.util.stream.AbstractPipeline.copyInto(AbstractPipeline.java:509) ~[na:na]
	at java.base/java.util.stream.AbstractPipeline.wrapAndCopyInto(AbstractPipeline.java:499) ~[na:na]
	at java.base/java.util.stream.ForEachOps$ForEachOp.evaluateSequential(ForEachOps.java:150) ~[na:na]
	at java.base/java.util.stream.ForEachOps$ForEachOp$OfRef.evaluateSequential(ForEachOps.java:173) ~[na:na]
	at java.base/java.util.stream.AbstractPipeline.evaluate(AbstractPipeline.java:234) ~[na:na]
	at java.base/java.util.stream.ReferencePipeline.forEach(ReferencePipeline.java:596) ~[na:na]
	at org.junit.jupiter.engine.descriptor.ClassBasedTestDescriptor.invokeTestInstancePostProcessors(ClassBasedTestDescriptor.java:377) ~[junit-jupiter-engine-5.11.4.jar:5.11.4]
	at org.junit.jupiter.engine.descriptor.ClassBasedTestDescriptor.lambda$instantiateAndPostProcessTestInstance$7(ClassBasedTestDescriptor.java:290) ~[junit-jupiter-engine-5.11.4.jar:5.11.4]
	at org.junit.platform.engine.support.hierarchical.ThrowableCollector.execute(ThrowableCollector.java:73) ~[junit-platform-engine-1.11.4.jar:1.11.4]
	at org.junit.jupiter.engine.descriptor.ClassBasedTestDescriptor.instantiateAndPostProcessTestInstance(ClassBasedTestDescriptor.java:289) ~[junit-jupiter-engine-5.11.4.jar:5.11.4]
	at org.junit.jupiter.engine.descriptor.ClassBasedTestDescriptor.lambda$testInstancesProvider$5(ClassBasedTestDescriptor.java:279) ~[junit-jupiter-engine-5.11.4.jar:5.11.4]
	at java.base/java.util.Optional.orElseGet(Optional.java:364) ~[na:na]
	at org.junit.jupiter.engine.descriptor.ClassBasedTestDescriptor.lambda$testInstancesProvider$6(ClassBasedTestDescriptor.java:278) ~[junit-jupiter-engine-5.11.4.jar:5.11.4]
	at org.junit.jupiter.engine.execution.TestInstancesProvider.getTestInstances(TestInstancesProvider.java:31) ~[junit-jupiter-engine-5.11.4.jar:5.11.4]
	at org.junit.jupiter.engine.descriptor.TestMethodTestDescriptor.lambda$prepare$1(TestMethodTestDescriptor.java:105) ~[junit-jupiter-engine-5.11.4.jar:5.11.4]
	at org.junit.platform.engine.support.hierarchical.ThrowableCollector.execute(ThrowableCollector.java:73) ~[junit-platform-engine-1.11.4.jar:1.11.4]
	at org.junit.jupiter.engine.descriptor.TestMethodTestDescriptor.prepare(TestMethodTestDescriptor.java:104) ~[junit-jupiter-engine-5.11.4.jar:5.11.4]
	at org.junit.jupiter.engine.descriptor.TestMethodTestDescriptor.prepare(TestMethodTestDescriptor.java:68) ~[junit-jupiter-engine-5.11.4.jar:5.11.4]
	at org.junit.platform.engine.support.hierarchical.NodeTestTask.lambda$prepare$2(NodeTestTask.java:128) ~[junit-platform-engine-1.11.4.jar:1.11.4]
	at org.junit.platform.engine.support.hierarchical.ThrowableCollector.execute(ThrowableCollector.java:73) ~[junit-platform-engine-1.11.4.jar:1.11.4]
	at org.junit.platform.engine.support.hierarchical.NodeTestTask.prepare(NodeTestTask.java:128) ~[junit-platform-engine-1.11.4.jar:1.11.4]
	at org.junit.platform.engine.support.hierarchical.NodeTestTask.execute(NodeTestTask.java:95) ~[junit-platform-engine-1.11.4.jar:1.11.4]
	at java.base/java.util.ArrayList.forEach(ArrayList.java:1511) ~[na:na]
	at org.junit.platform.engine.support.hierarchical.SameThreadHierarchicalTestExecutorService.invokeAll(SameThreadHierarchicalTestExecutorService.java:41) ~[junit-platform-engine-1.11.4.jar:1.11.4]
	at org.junit.platform.engine.support.hierarchical.NodeTestTask.lambda$executeRecursively$6(NodeTestTask.java:160) ~[junit-platform-engine-1.11.4.jar:1.11.4]
	at org.junit.platform.engine.support.hierarchical.ThrowableCollector.execute(ThrowableCollector.java:73) ~[junit-platform-engine-1.11.4.jar:1.11.4]
	at org.junit.platform.engine.support.hierarchical.NodeTestTask.lambda$executeRecursively$8(NodeTestTask.java:146) ~[junit-platform-engine-1.11.4.jar:1.11.4]
	at org.junit.platform.engine.support.hierarchical.Node.around(Node.java:137) ~[junit-platform-engine-1.11.4.jar:1.11.4]
	at org.junit.platform.engine.support.hierarchical.NodeTestTask.lambda$executeRecursively$9(NodeTestTask.java:144) ~[junit-platform-engine-1.11.4.jar:1.11.4]
	at org.junit.platform.engine.support.hierarchical.ThrowableCollector.execute(ThrowableCollector.java:73) ~[junit-platform-engine-1.11.4.jar:1.11.4]
	at org.junit.platform.engine.support.hierarchical.NodeTestTask.executeRecursively(NodeTestTask.java:143) ~[junit-platform-engine-1.11.4.jar:1.11.4]
	at org.junit.platform.engine.support.hierarchical.NodeTestTask.execute(NodeTestTask.java:100) ~[junit-platform-engine-1.11.4.jar:1.11.4]
	at java.base/java.util.ArrayList.forEach(ArrayList.java:1511) ~[na:na]
	at org.junit.platform.engine.support.hierarchical.SameThreadHierarchicalTestExecutorService.invokeAll(SameThreadHierarchicalTestExecutorService.java:41) ~[junit-platform-engine-1.11.4.jar:1.11.4]
	at org.junit.platform.engine.support.hierarchical.NodeTestTask.lambda$executeRecursively$6(NodeTestTask.java:160) ~[junit-platform-engine-1.11.4.jar:1.11.4]
	at org.junit.platform.engine.support.hierarchical.ThrowableCollector.execute(ThrowableCollector.java:73) ~[junit-platform-engine-1.11.4.jar:1.11.4]
	at org.junit.platform.engine.support.hierarchical.NodeTestTask.lambda$executeRecursively$8(NodeTestTask.java:146) ~[junit-platform-engine-1.11.4.jar:1.11.4]
	at org.junit.platform.engine.support.hierarchical.Node.around(Node.java:137) ~[junit-platform-engine-1.11.4.jar:1.11.4]
	at org.junit.platform.engine.support.hierarchical.NodeTestTask.lambda$executeRecursively$9(NodeTestTask.java:144) ~[junit-platform-engine-1.11.4.jar:1.11.4]
	at org.junit.platform.engine.support.hierarchical.ThrowableCollector.execute(ThrowableCollector.java:73) ~[junit-platform-engine-1.11.4.jar:1.11.4]
	at org.junit.platform.engine.support.hierarchical.NodeTestTask.executeRecursively(NodeTestTask.java:143) ~[junit-platform-engine-1.11.4.jar:1.11.4]
	at org.junit.platform.engine.support.hierarchical.NodeTestTask.execute(NodeTestTask.java:100) ~[junit-platform-engine-1.11.4.jar:1.11.4]
	at org.junit.platform.engine.support.hierarchical.SameThreadHierarchicalTestExecutorService.submit(SameThreadHierarchicalTestExecutorService.java:35) ~[junit-platform-engine-1.11.4.jar:1.11.4]
	at org.junit.platform.engine.support.hierarchical.HierarchicalTestExecutor.execute(HierarchicalTestExecutor.java:57) ~[junit-platform-engine-1.11.4.jar:1.11.4]
	at org.junit.platform.engine.support.hierarchical.HierarchicalTestEngine.execute(HierarchicalTestEngine.java:54) ~[junit-platform-engine-1.11.4.jar:1.11.4]
	at org.junit.platform.launcher.core.EngineExecutionOrchestrator.execute(EngineExecutionOrchestrator.java:198) ~[junit-platform-launcher-1.11.4.jar:1.11.4]
	at org.junit.platform.launcher.core.EngineExecutionOrchestrator.execute(EngineExecutionOrchestrator.java:169) ~[junit-platform-launcher-1.11.4.jar:1.11.4]
	at org.junit.platform.launcher.core.EngineExecutionOrchestrator.execute(EngineExecutionOrchestrator.java:93) ~[junit-platform-launcher-1.11.4.jar:1.11.4]
	at org.junit.platform.launcher.core.EngineExecutionOrchestrator.lambda$execute$0(EngineExecutionOrchestrator.java:58) ~[junit-platform-launcher-1.11.4.jar:1.11.4]
	at org.junit.platform.launcher.core.EngineExecutionOrchestrator.withInterceptedStreams(EngineExecutionOrchestrator.java:141) ~[junit-platform-launcher-1.11.4.jar:1.11.4]
	at org.junit.platform.launcher.core.EngineExecutionOrchestrator.execute(EngineExecutionOrchestrator.java:57) ~[junit-platform-launcher-1.11.4.jar:1.11.4]
	at org.junit.platform.launcher.core.DefaultLauncher.execute(DefaultLauncher.java:103) ~[junit-platform-launcher-1.11.4.jar:1.11.4]
	at org.junit.platform.launcher.core.DefaultLauncher.execute(DefaultLauncher.java:85) ~[junit-platform-launcher-1.11.4.jar:1.11.4]
	at org.junit.platform.launcher.core.DelegatingLauncher.execute(DelegatingLauncher.java:47) ~[junit-platform-launcher-1.11.4.jar:1.11.4]
	at org.junit.platform.launcher.core.SessionPerRequestLauncher.execute(SessionPerRequestLauncher.java:63) ~[junit-platform-launcher-1.11.4.jar:1.11.4]
	at com.intellij.junit5.JUnit5IdeaTestRunner.startRunnerWithArgs(JUnit5IdeaTestRunner.java:66) ~[junit5-rt.jar:na]
	at com.intellij.rt.junit.IdeaTestRunner$Repeater$1.execute(IdeaTestRunner.java:38) ~[junit-rt.jar:na]
	at com.intellij.rt.execution.junit.TestsRepeater.repeat(TestsRepeater.java:11) ~[idea_rt.jar:na]
	at com.intellij.rt.junit.IdeaTestRunner$Repeater.startRunnerWithArgs(IdeaTestRunner.java:35) ~[junit-rt.jar:na]
	at com.intellij.rt.junit.JUnitStarter.prepareStreamsAndStart(JUnitStarter.java:231) ~[junit-rt.jar:na]
	at com.intellij.rt.junit.JUnitStarter.main(JUnitStarter.java:55) ~[junit-rt.jar:na]

2025-08-26T22:15:33.412+09:00  WARN 14164 --- [MySpringBootLab] [main] o.s.test.context.TestContextManager      : Caught exception while allowing TestExecutionListener [org.springframework.test.context.support.DependencyInjectionTestExecutionListener] to prepare test instance [com.rookies4.myspringbootlab.repository.BookRepositoryTest@57806346]

java.lang.IllegalStateException: ApplicationContext failure threshold (1) exceeded: skipping repeated attempt to load context for [MergedContextConfiguration@2d33795c testClass = com.rookies4.myspringbootlab.repository.BookRepositoryTest, locations = [], classes = [com.rookies4.myspringbootlab.MySpringbootLabApplication], contextInitializerClasses = [], activeProfiles = [], propertySourceDescriptors = [], propertySourceProperties = ["org.springframework.boot.test.autoconfigure.orm.jpa.DataJpaTestContextBootstrapper=true"], contextCustomizers = [[ImportsContextCustomizer@779ef5cb key = [org.springframework.boot.autoconfigure.transaction.TransactionAutoConfiguration, org.springframework.boot.autoconfigure.data.jpa.JpaRepositoriesAutoConfiguration, org.springframework.boot.test.autoconfigure.orm.jpa.TestEntityManagerAutoConfiguration, org.springframework.boot.autoconfigure.cache.CacheAutoConfiguration, org.springframework.boot.autoconfigure.orm.jpa.HibernateJpaAutoConfiguration, org.springframework.boot.autoconfigure.sql.init.SqlInitializationAutoConfiguration, org.springframework.boot.test.autoconfigure.jdbc.TestDatabaseAutoConfiguration, org.springframework.boot.autoconfigure.flyway.FlywayAutoConfiguration, org.springframework.boot.autoconfigure.jdbc.DataSourceTransactionManagerAutoConfiguration, org.springframework.boot.autoconfigure.liquibase.LiquibaseAutoConfiguration, org.springframework.boot.autoconfigure.jdbc.JdbcClientAutoConfiguration, org.springframework.boot.autoconfigure.jdbc.DataSourceAutoConfiguration, org.springframework.boot.autoconfigure.jdbc.JdbcTemplateAutoConfiguration]], org.springframework.boot.test.context.filter.ExcludeFilterContextCustomizer@3224a577, org.springframework.boot.test.json.DuplicateJsonObjectContextCustomizerFactory$DuplicateJsonObjectContextCustomizer@3e44f2a5, org.springframework.boot.test.mock.mockito.MockitoContextCustomizer@0, org.springframework.boot.test.web.reactor.netty.DisableReactorResourceFactoryGlobalResourcesContextCustomizerFactory$DisableReactorResourceFactoryGlobalResourcesContextCustomizerCustomizer@a37aefe, org.springframework.boot.test.autoconfigure.OnFailureConditionReportContextCustomizerFactory$OnFailureConditionReportContextCustomizer@13b3d178, org.springframework.boot.test.autoconfigure.OverrideAutoConfigurationContextCustomizerFactory$DisableAutoConfigurationContextCustomizer@a82c5f1, org.springframework.boot.test.autoconfigure.actuate.observability.ObservabilityContextCustomizerFactory$DisableObservabilityContextCustomizer@1f, org.springframework.boot.test.autoconfigure.filter.TypeExcludeFiltersContextCustomizer@34be3d80, org.springframework.boot.test.autoconfigure.properties.PropertyMappingContextCustomizer@a5596913, org.springframework.boot.test.autoconfigure.web.servlet.WebDriverContextCustomizer@57ad2aa7, org.springframework.test.context.support.DynamicPropertiesContextCustomizer@0, org.springframework.boot.test.context.SpringBootTestAnnotation@f7975532], contextLoader = org.springframework.boot.test.context.SpringBootContextLoader, parent = null]
	at org.springframework.test.context.cache.DefaultCacheAwareContextLoaderDelegate.loadContext(DefaultCacheAwareContextLoaderDelegate.java:145) ~[spring-test-6.2.9.jar:6.2.9]
	at org.springframework.test.context.support.DefaultTestContext.getApplicationContext(DefaultTestContext.java:130) ~[spring-test-6.2.9.jar:6.2.9]
	at org.springframework.test.context.support.DependencyInjectionTestExecutionListener.injectDependencies(DependencyInjectionTestExecutionListener.java:155) ~[spring-test-6.2.9.jar:6.2.9]
	at org.springframework.test.context.support.DependencyInjectionTestExecutionListener.prepareTestInstance(DependencyInjectionTestExecutionListener.java:111) ~[spring-test-6.2.9.jar:6.2.9]
	at org.springframework.test.context.TestContextManager.prepareTestInstance(TestContextManager.java:260) ~[spring-test-6.2.9.jar:6.2.9]
	at org.springframework.test.context.junit.jupiter.SpringExtension.postProcessTestInstance(SpringExtension.java:159) ~[spring-test-6.2.9.jar:6.2.9]
	at org.junit.jupiter.engine.descriptor.ClassBasedTestDescriptor.lambda$invokeTestInstancePostProcessors$11(ClassBasedTestDescriptor.java:378) ~[junit-jupiter-engine-5.11.4.jar:5.11.4]
	at org.junit.jupiter.engine.descriptor.ClassBasedTestDescriptor.executeAndMaskThrowable(ClassBasedTestDescriptor.java:383) ~[junit-jupiter-engine-5.11.4.jar:5.11.4]
	at org.junit.jupiter.engine.descriptor.ClassBasedTestDescriptor.lambda$invokeTestInstancePostProcessors$12(ClassBasedTestDescriptor.java:378) ~[junit-jupiter-engine-5.11.4.jar:5.11.4]
	at java.base/java.util.stream.ForEachOps$ForEachOp$OfRef.accept(ForEachOps.java:183) ~[na:na]
	at java.base/java.util.stream.ReferencePipeline$3$1.accept(ReferencePipeline.java:197) ~[na:na]
	at java.base/java.util.stream.ReferencePipeline$2$1.accept(ReferencePipeline.java:179) ~[na:na]
	at java.base/java.util.stream.ReferencePipeline$3$1.accept(ReferencePipeline.java:197) ~[na:na]
	at java.base/java.util.ArrayList$ArrayListSpliterator.forEachRemaining(ArrayList.java:1625) ~[na:na]
	at java.base/java.util.stream.AbstractPipeline.copyInto(AbstractPipeline.java:509) ~[na:na]
	at java.base/java.util.stream.AbstractPipeline.wrapAndCopyInto(AbstractPipeline.java:499) ~[na:na]
	at java.base/java.util.stream.ForEachOps$ForEachOp.evaluateSequential(ForEachOps.java:150) ~[na:na]
	at java.base/java.util.stream.ForEachOps$ForEachOp$OfRef.evaluateSequential(ForEachOps.java:173) ~[na:na]
	at java.base/java.util.stream.AbstractPipeline.evaluate(AbstractPipeline.java:234) ~[na:na]
	at java.base/java.util.stream.ReferencePipeline.forEach(ReferencePipeline.java:596) ~[na:na]
	at org.junit.jupiter.engine.descriptor.ClassBasedTestDescriptor.invokeTestInstancePostProcessors(ClassBasedTestDescriptor.java:377) ~[junit-jupiter-engine-5.11.4.jar:5.11.4]
	at org.junit.jupiter.engine.descriptor.ClassBasedTestDescriptor.lambda$instantiateAndPostProcessTestInstance$7(ClassBasedTestDescriptor.java:290) ~[junit-jupiter-engine-5.11.4.jar:5.11.4]
	at org.junit.platform.engine.support.hierarchical.ThrowableCollector.execute(ThrowableCollector.java:73) ~[junit-platform-engine-1.11.4.jar:1.11.4]
	at org.junit.jupiter.engine.descriptor.ClassBasedTestDescriptor.instantiateAndPostProcessTestInstance(ClassBasedTestDescriptor.java:289) ~[junit-jupiter-engine-5.11.4.jar:5.11.4]
	at org.junit.jupiter.engine.descriptor.ClassBasedTestDescriptor.lambda$testInstancesProvider$5(ClassBasedTestDescriptor.java:279) ~[junit-jupiter-engine-5.11.4.jar:5.11.4]
	at java.base/java.util.Optional.orElseGet(Optional.java:364) ~[na:na]
	at org.junit.jupiter.engine.descriptor.ClassBasedTestDescriptor.lambda$testInstancesProvider$6(ClassBasedTestDescriptor.java:278) ~[junit-jupiter-engine-5.11.4.jar:5.11.4]
	at org.junit.jupiter.engine.execution.TestInstancesProvider.getTestInstances(TestInstancesProvider.java:31) ~[junit-jupiter-engine-5.11.4.jar:5.11.4]
	at org.junit.jupiter.engine.descriptor.TestMethodTestDescriptor.lambda$prepare$1(TestMethodTestDescriptor.java:105) ~[junit-jupiter-engine-5.11.4.jar:5.11.4]
	at org.junit.platform.engine.support.hierarchical.ThrowableCollector.execute(ThrowableCollector.java:73) ~[junit-platform-engine-1.11.4.jar:1.11.4]
	at org.junit.jupiter.engine.descriptor.TestMethodTestDescriptor.prepare(TestMethodTestDescriptor.java:104) ~[junit-jupiter-engine-5.11.4.jar:5.11.4]
	at org.junit.jupiter.engine.descriptor.TestMethodTestDescriptor.prepare(TestMethodTestDescriptor.java:68) ~[junit-jupiter-engine-5.11.4.jar:5.11.4]
	at org.junit.platform.engine.support.hierarchical.NodeTestTask.lambda$prepare$2(NodeTestTask.java:128) ~[junit-platform-engine-1.11.4.jar:1.11.4]
	at org.junit.platform.engine.support.hierarchical.ThrowableCollector.execute(ThrowableCollector.java:73) ~[junit-platform-engine-1.11.4.jar:1.11.4]
	at org.junit.platform.engine.support.hierarchical.NodeTestTask.prepare(NodeTestTask.java:128) ~[junit-platform-engine-1.11.4.jar:1.11.4]
	at org.junit.platform.engine.support.hierarchical.NodeTestTask.execute(NodeTestTask.java:95) ~[junit-platform-engine-1.11.4.jar:1.11.4]
	at java.base/java.util.ArrayList.forEach(ArrayList.java:1511) ~[na:na]
	at org.junit.platform.engine.support.hierarchical.SameThreadHierarchicalTestExecutorService.invokeAll(SameThreadHierarchicalTestExecutorService.java:41) ~[junit-platform-engine-1.11.4.jar:1.11.4]
	at org.junit.platform.engine.support.hierarchical.NodeTestTask.lambda$executeRecursively$6(NodeTestTask.java:160) ~[junit-platform-engine-1.11.4.jar:1.11.4]
	at org.junit.platform.engine.support.hierarchical.ThrowableCollector.execute(ThrowableCollector.java:73) ~[junit-platform-engine-1.11.4.jar:1.11.4]
	at org.junit.platform.engine.support.hierarchical.NodeTestTask.lambda$executeRecursively$8(NodeTestTask.java:146) ~[junit-platform-engine-1.11.4.jar:1.11.4]
	at org.junit.platform.engine.support.hierarchical.Node.around(Node.java:137) ~[junit-platform-engine-1.11.4.jar:1.11.4]
	at org.junit.platform.engine.support.hierarchical.NodeTestTask.lambda$executeRecursively$9(NodeTestTask.java:144) ~[junit-platform-engine-1.11.4.jar:1.11.4]
	at org.junit.platform.engine.support.hierarchical.ThrowableCollector.execute(ThrowableCollector.java:73) ~[junit-platform-engine-1.11.4.jar:1.11.4]
	at org.junit.platform.engine.support.hierarchical.NodeTestTask.executeRecursively(NodeTestTask.java:143) ~[junit-platform-engine-1.11.4.jar:1.11.4]
	at org.junit.platform.engine.support.hierarchical.NodeTestTask.execute(NodeTestTask.java:100) ~[junit-platform-engine-1.11.4.jar:1.11.4]
	at java.base/java.util.ArrayList.forEach(ArrayList.java:1511) ~[na:na]
	at org.junit.platform.engine.support.hierarchical.SameThreadHierarchicalTestExecutorService.invokeAll(SameThreadHierarchicalTestExecutorService.java:41) ~[junit-platform-engine-1.11.4.jar:1.11.4]
	at org.junit.platform.engine.support.hierarchical.NodeTestTask.lambda$executeRecursively$6(NodeTestTask.java:160) ~[junit-platform-engine-1.11.4.jar:1.11.4]
	at org.junit.platform.engine.support.hierarchical.ThrowableCollector.execute(ThrowableCollector.java:73) ~[junit-platform-engine-1.11.4.jar:1.11.4]
	at org.junit.platform.engine.support.hierarchical.NodeTestTask.lambda$executeRecursively$8(NodeTestTask.java:146) ~[junit-platform-engine-1.11.4.jar:1.11.4]
	at org.junit.platform.engine.support.hierarchical.Node.around(Node.java:137) ~[junit-platform-engine-1.11.4.jar:1.11.4]
	at org.junit.platform.engine.support.hierarchical.NodeTestTask.lambda$executeRecursively$9(NodeTestTask.java:144) ~[junit-platform-engine-1.11.4.jar:1.11.4]
	at org.junit.platform.engine.support.hierarchical.ThrowableCollector.execute(ThrowableCollector.java:73) ~[junit-platform-engine-1.11.4.jar:1.11.4]
	at org.junit.platform.engine.support.hierarchical.NodeTestTask.executeRecursively(NodeTestTask.java:143) ~[junit-platform-engine-1.11.4.jar:1.11.4]
	at org.junit.platform.engine.support.hierarchical.NodeTestTask.execute(NodeTestTask.java:100) ~[junit-platform-engine-1.11.4.jar:1.11.4]
	at org.junit.platform.engine.support.hierarchical.SameThreadHierarchicalTestExecutorService.submit(SameThreadHierarchicalTestExecutorService.java:35) ~[junit-platform-engine-1.11.4.jar:1.11.4]
	at org.junit.platform.engine.support.hierarchical.HierarchicalTestExecutor.execute(HierarchicalTestExecutor.java:57) ~[junit-platform-engine-1.11.4.jar:1.11.4]
	at org.junit.platform.engine.support.hierarchical.HierarchicalTestEngine.execute(HierarchicalTestEngine.java:54) ~[junit-platform-engine-1.11.4.jar:1.11.4]
	at org.junit.platform.launcher.core.EngineExecutionOrchestrator.execute(EngineExecutionOrchestrator.java:198) ~[junit-platform-launcher-1.11.4.jar:1.11.4]
	at org.junit.platform.launcher.core.EngineExecutionOrchestrator.execute(EngineExecutionOrchestrator.java:169) ~[junit-platform-launcher-1.11.4.jar:1.11.4]
	at org.junit.platform.launcher.core.EngineExecutionOrchestrator.execute(EngineExecutionOrchestrator.java:93) ~[junit-platform-launcher-1.11.4.jar:1.11.4]
	at org.junit.platform.launcher.core.EngineExecutionOrchestrator.lambda$execute$0(EngineExecutionOrchestrator.java:58) ~[junit-platform-launcher-1.11.4.jar:1.11.4]
	at org.junit.platform.launcher.core.EngineExecutionOrchestrator.withInterceptedStreams(EngineExecutionOrchestrator.java:141) ~[junit-platform-launcher-1.11.4.jar:1.11.4]
	at org.junit.platform.launcher.core.EngineExecutionOrchestrator.execute(EngineExecutionOrchestrator.java:57) ~[junit-platform-launcher-1.11.4.jar:1.11.4]
	at org.junit.platform.launcher.core.DefaultLauncher.execute(DefaultLauncher.java:103) ~[junit-platform-launcher-1.11.4.jar:1.11.4]
	at org.junit.platform.launcher.core.DefaultLauncher.execute(DefaultLauncher.java:85) ~[junit-platform-launcher-1.11.4.jar:1.11.4]
	at org.junit.platform.launcher.core.DelegatingLauncher.execute(DelegatingLauncher.java:47) ~[junit-platform-launcher-1.11.4.jar:1.11.4]
	at org.junit.platform.launcher.core.SessionPerRequestLauncher.execute(SessionPerRequestLauncher.java:63) ~[junit-platform-launcher-1.11.4.jar:1.11.4]
	at com.intellij.junit5.JUnit5IdeaTestRunner.startRunnerWithArgs(JUnit5IdeaTestRunner.java:66) ~[junit5-rt.jar:na]
	at com.intellij.rt.junit.IdeaTestRunner$Repeater$1.execute(IdeaTestRunner.java:38) ~[junit-rt.jar:na]
	at com.intellij.rt.execution.junit.TestsRepeater.repeat(TestsRepeater.java:11) ~[idea_rt.jar:na]
	at com.intellij.rt.junit.IdeaTestRunner$Repeater.startRunnerWithArgs(IdeaTestRunner.java:35) ~[junit-rt.jar:na]
	at com.intellij.rt.junit.JUnitStarter.prepareStreamsAndStart(JUnitStarter.java:231) ~[junit-rt.jar:na]
	at com.intellij.rt.junit.JUnitStarter.main(JUnitStarter.java:55) ~[junit-rt.jar:na]

2025-08-26T22:18:47.508+09:00  INFO 20776 --- [MySpringBootLab] [main] c.r.m.repository.BookRepositoryTest      : Starting BookRepositoryTest using Java 17.0.2 with PID 20776 (started by user in C:\mybackend\springBoot\MySpringbootLab)
2025-08-26T22:18:47.508+09:00  INFO 20776 --- [MySpringBootLab] [main] c.r.m.repository.BookRepositoryTest      : The following 1 profile is active: "prod"
2025-08-26T22:18:47.846+09:00  INFO 20776 --- [MySpringBootLab] [main] .s.d.r.c.RepositoryConfigurationDelegate : Bootstrapping Spring Data JPA repositories in DEFAULT mode.
2025-08-26T22:18:47.894+09:00  INFO 20776 --- [MySpringBootLab] [main] .s.d.r.c.RepositoryConfigurationDelegate : Finished Spring Data repository scanning in 32 ms. Found 2 JPA repository interfaces.
2025-08-26T22:18:47.942+09:00  INFO 20776 --- [MySpringBootLab] [main] beddedDataSourceBeanFactoryPostProcessor : Replacing 'dataSource' DataSource bean with embedded version
2025-08-26T22:18:48.070+09:00  INFO 20776 --- [MySpringBootLab] [main] o.s.j.d.e.EmbeddedDatabaseFactory        : Starting embedded database: url='jdbc:h2:mem:cfcb360c-f4a0-4f41-9189-54fe36d8e3cd;DB_CLOSE_DELAY=-1;DB_CLOSE_ON_EXIT=false', username='sa'
2025-08-26T22:18:48.245+09:00  INFO 20776 --- [MySpringBootLab] [main] o.hibernate.jpa.internal.util.LogHelper  : HHH000204: Processing PersistenceUnitInfo [name: default]
2025-08-26T22:18:48.292+09:00  INFO 20776 --- [MySpringBootLab] [main] org.hibernate.Version                    : HHH000412: Hibernate ORM core version 6.6.22.Final
2025-08-26T22:18:48.308+09:00  INFO 20776 --- [MySpringBootLab] [main] o.h.c.internal.RegionFactoryInitiator    : HHH000026: Second-level cache disabled
2025-08-26T22:18:48.545+09:00  INFO 20776 --- [MySpringBootLab] [main] o.s.o.j.p.SpringPersistenceUnitInfo      : No LoadTimeWeaver setup: ignoring JPA class transformer
2025-08-26T22:18:48.607+09:00  WARN 20776 --- [MySpringBootLab] [main] org.hibernate.dialect.Dialect            : HHH000511: The 2.3.232 version for [org.hibernate.dialect.MariaDBDialect] is no longer supported, hence certain features may not work properly. The minimum supported version is 10.4.0. Check the community dialects project for available legacy versions.
2025-08-26T22:18:48.613+09:00  WARN 20776 --- [MySpringBootLab] [main] org.hibernate.orm.deprecation            : HHH90000025: MariaDBDialect does not need to be specified explicitly using 'hibernate.dialect' (remove the property setting and it will be selected by default)
2025-08-26T22:18:48.634+09:00  INFO 20776 --- [MySpringBootLab] [main] org.hibernate.orm.connections.pooling    : HHH10001005: Database info:
	Database JDBC URL [Connecting through datasource 'org.springframework.jdbc.datasource.embedded.EmbeddedDatabaseFactory$EmbeddedDataSourceProxy@421ead7e']
	Database driver: undefined/unknown
	Database version: 2.3.232
	Autocommit mode: undefined/unknown
	Isolation level: undefined/unknown
	Minimum pool size: undefined/unknown
	Maximum pool size: undefined/unknown
2025-08-26T22:18:49.213+09:00  INFO 20776 --- [MySpringBootLab] [main] o.h.e.t.j.p.i.JtaPlatformInitiator       : HHH000489: No JTA platform available (set 'hibernate.transaction.jta.platform' to enable JTA platform integration)
2025-08-26T22:18:49.229+09:00  WARN 20776 --- [MySpringBootLab] [main] o.h.t.s.i.ExceptionHandlerLoggedImpl     : GenerationTarget encountered exception accepting command : Error executing DDL "alter table book_details drop foreign key if exists FKoa7sqrtgxwg066s9521udtvpv" via JDBC [Table "BOOK_DETAILS" not found (this database is empty);]

org.hibernate.tool.schema.spi.CommandAcceptanceException: Error executing DDL "alter table book_details drop foreign key if exists FKoa7sqrtgxwg066s9521udtvpv" via JDBC [Table "BOOK_DETAILS" not found (this database is empty);]
	at org.hibernate.tool.schema.internal.exec.GenerationTargetToDatabase.accept(GenerationTargetToDatabase.java:94) ~[hibernate-core-6.6.22.Final.jar:6.6.22.Final]
	at org.hibernate.tool.schema.internal.Helper.applySqlString(Helper.java:233) ~[hibernate-core-6.6.22.Final.jar:6.6.22.Final]
	at org.hibernate.tool.schema.internal.Helper.applySqlStrings(Helper.java:217) ~[hibernate-core-6.6.22.Final.jar:6.6.22.Final]
	at org.hibernate.tool.schema.internal.SchemaDropperImpl.applyConstraintDropping(SchemaDropperImpl.java:479) ~[hibernate-core-6.6.22.Final.jar:6.6.22.Final]
	at org.hibernate.tool.schema.internal.SchemaDropperImpl.dropConstraintsTablesSequences(SchemaDropperImpl.java:245) ~[hibernate-core-6.6.22.Final.jar:6.6.22.Final]
	at org.hibernate.tool.schema.internal.SchemaDropperImpl.dropFromMetadata(SchemaDropperImpl.java:218) ~[hibernate-core-6.6.22.Final.jar:6.6.22.Final]
	at org.hibernate.tool.schema.internal.SchemaDropperImpl.performDrop(SchemaDropperImpl.java:186) ~[hibernate-core-6.6.22.Final.jar:6.6.22.Final]
	at org.hibernate.tool.schema.internal.SchemaDropperImpl.doDrop(SchemaDropperImpl.java:156) ~[hibernate-core-6.6.22.Final.jar:6.6.22.Final]
	at org.hibernate.tool.schema.internal.SchemaDropperImpl.doDrop(SchemaDropperImpl.java:116) ~[hibernate-core-6.6.22.Final.jar:6.6.22.Final]
	at org.hibernate.tool.schema.spi.SchemaManagementToolCoordinator.performDatabaseAction(SchemaManagementToolCoordinator.java:238) ~[hibernate-core-6.6.22.Final.jar:6.6.22.Final]
	at org.hibernate.tool.schema.spi.SchemaManagementToolCoordinator.lambda$process$5(SchemaManagementToolCoordinator.java:144) ~[hibernate-core-6.6.22.Final.jar:6.6.22.Final]
	at java.base/java.util.HashMap.forEach(HashMap.java:1421) ~[na:na]
	at org.hibernate.tool.schema.spi.SchemaManagementToolCoordinator.process(SchemaManagementToolCoordinator.java:141) ~[hibernate-core-6.6.22.Final.jar:6.6.22.Final]
	at org.hibernate.boot.internal.SessionFactoryObserverForSchemaExport.sessionFactoryCreated(SessionFactoryObserverForSchemaExport.java:37) ~[hibernate-core-6.6.22.Final.jar:6.6.22.Final]
	at org.hibernate.internal.SessionFactoryObserverChain.sessionFactoryCreated(SessionFactoryObserverChain.java:35) ~[hibernate-core-6.6.22.Final.jar:6.6.22.Final]
	at org.hibernate.internal.SessionFactoryImpl.<init>(SessionFactoryImpl.java:324) ~[hibernate-core-6.6.22.Final.jar:6.6.22.Final]
	at org.hibernate.boot.internal.SessionFactoryBuilderImpl.build(SessionFactoryBuilderImpl.java:463) ~[hibernate-core-6.6.22.Final.jar:6.6.22.Final]
	at org.hibernate.jpa.boot.internal.EntityManagerFactoryBuilderImpl.build(EntityManagerFactoryBuilderImpl.java:1517) ~[hibernate-core-6.6.22.Final.jar:6.6.22.Final]
	at org.springframework.orm.jpa.vendor.SpringHibernateJpaPersistenceProvider.createContainerEntityManagerFactory(SpringHibernateJpaPersistenceProvider.java:66) ~[spring-orm-6.2.9.jar:6.2.9]
	at org.springframework.orm.jpa.LocalContainerEntityManagerFactoryBean.createNativeEntityManagerFactory(LocalContainerEntityManagerFactoryBean.java:390) ~[spring-orm-6.2.9.jar:6.2.9]
	at org.springframework.orm.jpa.AbstractEntityManagerFactoryBean.buildNativeEntityManagerFactory(AbstractEntityManagerFactoryBean.java:419) ~[spring-orm-6.2.9.jar:6.2.9]
	at org.springframework.orm.jpa.AbstractEntityManagerFactoryBean.afterPropertiesSet(AbstractEntityManagerFactoryBean.java:400) ~[spring-orm-6.2.9.jar:6.2.9]
	at org.springframework.orm.jpa.LocalContainerEntityManagerFactoryBean.afterPropertiesSet(LocalContainerEntityManagerFactoryBean.java:366) ~[spring-orm-6.2.9.jar:6.2.9]
	at org.springframework.beans.factory.support.AbstractAutowireCapableBeanFactory.invokeInitMethods(AbstractAutowireCapableBeanFactory.java:1873) ~[spring-beans-6.2.9.jar:6.2.9]
	at org.springframework.beans.factory.support.AbstractAutowireCapableBeanFactory.initializeBean(AbstractAutowireCapableBeanFactory.java:1822) ~[spring-beans-6.2.9.jar:6.2.9]
	at org.springframework.beans.factory.support.AbstractAutowireCapableBeanFactory.doCreateBean(AbstractAutowireCapableBeanFactory.java:607) ~[spring-beans-6.2.9.jar:6.2.9]
	at org.springframework.beans.factory.support.AbstractAutowireCapableBeanFactory.createBean(AbstractAutowireCapableBeanFactory.java:529) ~[spring-beans-6.2.9.jar:6.2.9]
	at org.springframework.beans.factory.support.AbstractBeanFactory.lambda$doGetBean$0(AbstractBeanFactory.java:339) ~[spring-beans-6.2.9.jar:6.2.9]
	at org.springframework.beans.factory.support.DefaultSingletonBeanRegistry.getSingleton(DefaultSingletonBeanRegistry.java:373) ~[spring-beans-6.2.9.jar:6.2.9]
	at org.springframework.beans.factory.support.AbstractBeanFactory.doGetBean(AbstractBeanFactory.java:337) ~[spring-beans-6.2.9.jar:6.2.9]
	at org.springframework.beans.factory.support.AbstractBeanFactory.getBean(AbstractBeanFactory.java:207) ~[spring-beans-6.2.9.jar:6.2.9]
	at org.springframework.context.support.AbstractApplicationContext.finishBeanFactoryInitialization(AbstractApplicationContext.java:970) ~[spring-context-6.2.9.jar:6.2.9]
	at org.springframework.context.support.AbstractApplicationContext.refresh(AbstractApplicationContext.java:627) ~[spring-context-6.2.9.jar:6.2.9]
	at org.springframework.boot.SpringApplication.refresh(SpringApplication.java:752) ~[spring-boot-3.4.8.jar:3.4.8]
	at org.springframework.boot.SpringApplication.refreshContext(SpringApplication.java:439) ~[spring-boot-3.4.8.jar:3.4.8]
	at org.springframework.boot.SpringApplication.run(SpringApplication.java:318) ~[spring-boot-3.4.8.jar:3.4.8]
	at org.springframework.boot.test.context.SpringBootContextLoader.lambda$loadContext$3(SpringBootContextLoader.java:144) ~[spring-boot-test-3.4.8.jar:3.4.8]
	at org.springframework.util.function.ThrowingSupplier.get(ThrowingSupplier.java:58) ~[spring-core-6.2.9.jar:6.2.9]
	at org.springframework.util.function.ThrowingSupplier.get(ThrowingSupplier.java:46) ~[spring-core-6.2.9.jar:6.2.9]
	at org.springframework.boot.SpringApplication.withHook(SpringApplication.java:1461) ~[spring-boot-3.4.8.jar:3.4.8]
	at org.springframework.boot.test.context.SpringBootContextLoader$ContextLoaderHook.run(SpringBootContextLoader.java:563) ~[spring-boot-test-3.4.8.jar:3.4.8]
	at org.springframework.boot.test.context.SpringBootContextLoader.loadContext(SpringBootContextLoader.java:144) ~[spring-boot-test-3.4.8.jar:3.4.8]
	at org.springframework.boot.test.context.SpringBootContextLoader.loadContext(SpringBootContextLoader.java:110) ~[spring-boot-test-3.4.8.jar:3.4.8]
	at org.springframework.test.context.cache.DefaultCacheAwareContextLoaderDelegate.loadContextInternal(DefaultCacheAwareContextLoaderDelegate.java:225) ~[spring-test-6.2.9.jar:6.2.9]
	at org.springframework.test.context.cache.DefaultCacheAwareContextLoaderDelegate.loadContext(DefaultCacheAwareContextLoaderDelegate.java:152) ~[spring-test-6.2.9.jar:6.2.9]
	at org.springframework.test.context.support.DefaultTestContext.getApplicationContext(DefaultTestContext.java:130) ~[spring-test-6.2.9.jar:6.2.9]
	at org.springframework.test.context.support.DependencyInjectionTestExecutionListener.injectDependencies(DependencyInjectionTestExecutionListener.java:155) ~[spring-test-6.2.9.jar:6.2.9]
	at org.springframework.test.context.support.DependencyInjectionTestExecutionListener.prepareTestInstance(DependencyInjectionTestExecutionListener.java:111) ~[spring-test-6.2.9.jar:6.2.9]
	at org.springframework.test.context.TestContextManager.prepareTestInstance(TestContextManager.java:260) ~[spring-test-6.2.9.jar:6.2.9]
	at org.springframework.test.context.junit.jupiter.SpringExtension.postProcessTestInstance(SpringExtension.java:159) ~[spring-test-6.2.9.jar:6.2.9]
	at org.junit.jupiter.engine.descriptor.ClassBasedTestDescriptor.lambda$invokeTestInstancePostProcessors$11(ClassBasedTestDescriptor.java:378) ~[junit-jupiter-engine-5.11.4.jar:5.11.4]
	at org.junit.jupiter.engine.descriptor.ClassBasedTestDescriptor.executeAndMaskThrowable(ClassBasedTestDescriptor.java:383) ~[junit-jupiter-engine-5.11.4.jar:5.11.4]
	at org.junit.jupiter.engine.descriptor.ClassBasedTestDescriptor.lambda$invokeTestInstancePostProcessors$12(ClassBasedTestDescriptor.java:378) ~[junit-jupiter-engine-5.11.4.jar:5.11.4]
	at java.base/java.util.stream.ForEachOps$ForEachOp$OfRef.accept(ForEachOps.java:183) ~[na:na]
	at java.base/java.util.stream.ReferencePipeline$3$1.accept(ReferencePipeline.java:197) ~[na:na]
	at java.base/java.util.stream.ReferencePipeline$2$1.accept(ReferencePipeline.java:179) ~[na:na]
	at java.base/java.util.stream.ReferencePipeline$3$1.accept(ReferencePipeline.java:197) ~[na:na]
	at java.base/java.util.ArrayList$ArrayListSpliterator.forEachRemaining(ArrayList.java:1625) ~[na:na]
	at java.base/java.util.stream.AbstractPipeline.copyInto(AbstractPipeline.java:509) ~[na:na]
	at java.base/java.util.stream.AbstractPipeline.wrapAndCopyInto(AbstractPipeline.java:499) ~[na:na]
	at java.base/java.util.stream.ForEachOps$ForEachOp.evaluateSequential(ForEachOps.java:150) ~[na:na]
	at java.base/java.util.stream.ForEachOps$ForEachOp$OfRef.evaluateSequential(ForEachOps.java:173) ~[na:na]
	at java.base/java.util.stream.AbstractPipeline.evaluate(AbstractPipeline.java:234) ~[na:na]
	at java.base/java.util.stream.ReferencePipeline.forEach(ReferencePipeline.java:596) ~[na:na]
	at org.junit.jupiter.engine.descriptor.ClassBasedTestDescriptor.invokeTestInstancePostProcessors(ClassBasedTestDescriptor.java:377) ~[junit-jupiter-engine-5.11.4.jar:5.11.4]
	at org.junit.jupiter.engine.descriptor.ClassBasedTestDescriptor.lambda$instantiateAndPostProcessTestInstance$7(ClassBasedTestDescriptor.java:290) ~[junit-jupiter-engine-5.11.4.jar:5.11.4]
	at org.junit.platform.engine.support.hierarchical.ThrowableCollector.execute(ThrowableCollector.java:73) ~[junit-platform-engine-1.11.4.jar:1.11.4]
	at org.junit.jupiter.engine.descriptor.ClassBasedTestDescriptor.instantiateAndPostProcessTestInstance(ClassBasedTestDescriptor.java:289) ~[junit-jupiter-engine-5.11.4.jar:5.11.4]
	at org.junit.jupiter.engine.descriptor.ClassBasedTestDescriptor.lambda$testInstancesProvider$5(ClassBasedTestDescriptor.java:279) ~[junit-jupiter-engine-5.11.4.jar:5.11.4]
	at java.base/java.util.Optional.orElseGet(Optional.java:364) ~[na:na]
	at org.junit.jupiter.engine.descriptor.ClassBasedTestDescriptor.lambda$testInstancesProvider$6(ClassBasedTestDescriptor.java:278) ~[junit-jupiter-engine-5.11.4.jar:5.11.4]
	at org.junit.jupiter.engine.execution.TestInstancesProvider.getTestInstances(TestInstancesProvider.java:31) ~[junit-jupiter-engine-5.11.4.jar:5.11.4]
	at org.junit.jupiter.engine.descriptor.TestMethodTestDescriptor.lambda$prepare$1(TestMethodTestDescriptor.java:105) ~[junit-jupiter-engine-5.11.4.jar:5.11.4]
	at org.junit.platform.engine.support.hierarchical.ThrowableCollector.execute(ThrowableCollector.java:73) ~[junit-platform-engine-1.11.4.jar:1.11.4]
	at org.junit.jupiter.engine.descriptor.TestMethodTestDescriptor.prepare(TestMethodTestDescriptor.java:104) ~[junit-jupiter-engine-5.11.4.jar:5.11.4]
	at org.junit.jupiter.engine.descriptor.TestMethodTestDescriptor.prepare(TestMethodTestDescriptor.java:68) ~[junit-jupiter-engine-5.11.4.jar:5.11.4]
	at org.junit.platform.engine.support.hierarchical.NodeTestTask.lambda$prepare$2(NodeTestTask.java:128) ~[junit-platform-engine-1.11.4.jar:1.11.4]
	at org.junit.platform.engine.support.hierarchical.ThrowableCollector.execute(ThrowableCollector.java:73) ~[junit-platform-engine-1.11.4.jar:1.11.4]
	at org.junit.platform.engine.support.hierarchical.NodeTestTask.prepare(NodeTestTask.java:128) ~[junit-platform-engine-1.11.4.jar:1.11.4]
	at org.junit.platform.engine.support.hierarchical.NodeTestTask.execute(NodeTestTask.java:95) ~[junit-platform-engine-1.11.4.jar:1.11.4]
	at java.base/java.util.ArrayList.forEach(ArrayList.java:1511) ~[na:na]
	at org.junit.platform.engine.support.hierarchical.SameThreadHierarchicalTestExecutorService.invokeAll(SameThreadHierarchicalTestExecutorService.java:41) ~[junit-platform-engine-1.11.4.jar:1.11.4]
	at org.junit.platform.engine.support.hierarchical.NodeTestTask.lambda$executeRecursively$6(NodeTestTask.java:160) ~[junit-platform-engine-1.11.4.jar:1.11.4]
	at org.junit.platform.engine.support.hierarchical.ThrowableCollector.execute(ThrowableCollector.java:73) ~[junit-platform-engine-1.11.4.jar:1.11.4]
	at org.junit.platform.engine.support.hierarchical.NodeTestTask.lambda$executeRecursively$8(NodeTestTask.java:146) ~[junit-platform-engine-1.11.4.jar:1.11.4]
	at org.junit.platform.engine.support.hierarchical.Node.around(Node.java:137) ~[junit-platform-engine-1.11.4.jar:1.11.4]
	at org.junit.platform.engine.support.hierarchical.NodeTestTask.lambda$executeRecursively$9(NodeTestTask.java:144) ~[junit-platform-engine-1.11.4.jar:1.11.4]
	at org.junit.platform.engine.support.hierarchical.ThrowableCollector.execute(ThrowableCollector.java:73) ~[junit-platform-engine-1.11.4.jar:1.11.4]
	at org.junit.platform.engine.support.hierarchical.NodeTestTask.executeRecursively(NodeTestTask.java:143) ~[junit-platform-engine-1.11.4.jar:1.11.4]
	at org.junit.platform.engine.support.hierarchical.NodeTestTask.execute(NodeTestTask.java:100) ~[junit-platform-engine-1.11.4.jar:1.11.4]
	at java.base/java.util.ArrayList.forEach(ArrayList.java:1511) ~[na:na]
	at org.junit.platform.engine.support.hierarchical.SameThreadHierarchicalTestExecutorService.invokeAll(SameThreadHierarchicalTestExecutorService.java:41) ~[junit-platform-engine-1.11.4.jar:1.11.4]
	at org.junit.platform.engine.support.hierarchical.NodeTestTask.lambda$executeRecursively$6(NodeTestTask.java:160) ~[junit-platform-engine-1.11.4.jar:1.11.4]
	at org.junit.platform.engine.support.hierarchical.ThrowableCollector.execute(ThrowableCollector.java:73) ~[junit-platform-engine-1.11.4.jar:1.11.4]
	at org.junit.platform.engine.support.hierarchical.NodeTestTask.lambda$executeRecursively$8(NodeTestTask.java:146) ~[junit-platform-engine-1.11.4.jar:1.11.4]
	at org.junit.platform.engine.support.hierarchical.Node.around(Node.java:137) ~[junit-platform-engine-1.11.4.jar:1.11.4]
	at org.junit.platform.engine.support.hierarchical.NodeTestTask.lambda$executeRecursively$9(NodeTestTask.java:144) ~[junit-platform-engine-1.11.4.jar:1.11.4]
	at org.junit.platform.engine.support.hierarchical.ThrowableCollector.execute(ThrowableCollector.java:73) ~[junit-platform-engine-1.11.4.jar:1.11.4]
	at org.junit.platform.engine.support.hierarchical.NodeTestTask.executeRecursively(NodeTestTask.java:143) ~[junit-platform-engine-1.11.4.jar:1.11.4]
	at org.junit.platform.engine.support.hierarchical.NodeTestTask.execute(NodeTestTask.java:100) ~[junit-platform-engine-1.11.4.jar:1.11.4]
	at org.junit.platform.engine.support.hierarchical.SameThreadHierarchicalTestExecutorService.submit(SameThreadHierarchicalTestExecutorService.java:35) ~[junit-platform-engine-1.11.4.jar:1.11.4]
	at org.junit.platform.engine.support.hierarchical.HierarchicalTestExecutor.execute(HierarchicalTestExecutor.java:57) ~[junit-platform-engine-1.11.4.jar:1.11.4]
	at org.junit.platform.engine.support.hierarchical.HierarchicalTestEngine.execute(HierarchicalTestEngine.java:54) ~[junit-platform-engine-1.11.4.jar:1.11.4]
	at org.junit.platform.launcher.core.EngineExecutionOrchestrator.execute(EngineExecutionOrchestrator.java:198) ~[junit-platform-launcher-1.11.4.jar:1.11.4]
	at org.junit.platform.launcher.core.EngineExecutionOrchestrator.execute(EngineExecutionOrchestrator.java:169) ~[junit-platform-launcher-1.11.4.jar:1.11.4]
	at org.junit.platform.launcher.core.EngineExecutionOrchestrator.execute(EngineExecutionOrchestrator.java:93) ~[junit-platform-launcher-1.11.4.jar:1.11.4]
	at org.junit.platform.launcher.core.EngineExecutionOrchestrator.lambda$execute$0(EngineExecutionOrchestrator.java:58) ~[junit-platform-launcher-1.11.4.jar:1.11.4]
	at org.junit.platform.launcher.core.EngineExecutionOrchestrator.withInterceptedStreams(EngineExecutionOrchestrator.java:141) ~[junit-platform-launcher-1.11.4.jar:1.11.4]
	at org.junit.platform.launcher.core.EngineExecutionOrchestrator.execute(EngineExecutionOrchestrator.java:57) ~[junit-platform-launcher-1.11.4.jar:1.11.4]
	at org.junit.platform.launcher.core.DefaultLauncher.execute(DefaultLauncher.java:103) ~[junit-platform-launcher-1.11.4.jar:1.11.4]
	at org.junit.platform.launcher.core.DefaultLauncher.execute(DefaultLauncher.java:85) ~[junit-platform-launcher-1.11.4.jar:1.11.4]
	at org.junit.platform.launcher.core.DelegatingLauncher.execute(DelegatingLauncher.java:47) ~[junit-platform-launcher-1.11.4.jar:1.11.4]
	at org.junit.platform.launcher.core.SessionPerRequestLauncher.execute(SessionPerRequestLauncher.java:63) ~[junit-platform-launcher-1.11.4.jar:1.11.4]
	at com.intellij.junit5.JUnit5IdeaTestRunner.startRunnerWithArgs(JUnit5IdeaTestRunner.java:66) ~[junit5-rt.jar:na]
	at com.intellij.rt.junit.IdeaTestRunner$Repeater$1.execute(IdeaTestRunner.java:38) ~[junit-rt.jar:na]
	at com.intellij.rt.execution.junit.TestsRepeater.repeat(TestsRepeater.java:11) ~[idea_rt.jar:na]
	at com.intellij.rt.junit.IdeaTestRunner$Repeater.startRunnerWithArgs(IdeaTestRunner.java:35) ~[junit-rt.jar:na]
	at com.intellij.rt.junit.JUnitStarter.prepareStreamsAndStart(JUnitStarter.java:231) ~[junit-rt.jar:na]
	at com.intellij.rt.junit.JUnitStarter.main(JUnitStarter.java:55) ~[junit-rt.jar:na]
Caused by: org.h2.jdbc.JdbcSQLSyntaxErrorException: Table "BOOK_DETAILS" not found (this database is empty); SQL statement:
alter table book_details drop foreign key if exists FKoa7sqrtgxwg066s9521udtvpv [42104-232]
	at org.h2.message.DbException.getJdbcSQLException(DbException.java:514) ~[h2-2.3.232.jar:2.3.232]
	at org.h2.message.DbException.getJdbcSQLException(DbException.java:489) ~[h2-2.3.232.jar:2.3.232]
	at org.h2.message.DbException.get(DbException.java:223) ~[h2-2.3.232.jar:2.3.232]
	at org.h2.message.DbException.get(DbException.java:199) ~[h2-2.3.232.jar:2.3.232]
	at org.h2.command.Parser.getTableOrViewNotFoundDbException(Parser.java:7932) ~[h2-2.3.232.jar:2.3.232]
	at org.h2.command.Parser.getTableOrViewNotFoundDbException(Parser.java:7926) ~[h2-2.3.232.jar:2.3.232]
	at org.h2.command.Parser.tableIfTableExists(Parser.java:8454) ~[h2-2.3.232.jar:2.3.232]
	at org.h2.command.Parser.parseAlterTableDrop(Parser.java:8253) ~[h2-2.3.232.jar:2.3.232]
	at org.h2.command.Parser.parseAlterTable(Parser.java:8036) ~[h2-2.3.232.jar:2.3.232]
	at org.h2.command.Parser.parseAlter(Parser.java:7078) ~[h2-2.3.232.jar:2.3.232]
	at org.h2.command.Parser.parsePrepared(Parser.java:629) ~[h2-2.3.232.jar:2.3.232]
	at org.h2.command.Parser.parse(Parser.java:581) ~[h2-2.3.232.jar:2.3.232]
	at org.h2.command.Parser.parse(Parser.java:556) ~[h2-2.3.232.jar:2.3.232]
	at org.h2.command.Parser.prepareCommand(Parser.java:484) ~[h2-2.3.232.jar:2.3.232]
	at org.h2.engine.SessionLocal.prepareLocal(SessionLocal.java:645) ~[h2-2.3.232.jar:2.3.232]
	at org.h2.engine.SessionLocal.prepareCommand(SessionLocal.java:561) ~[h2-2.3.232.jar:2.3.232]
	at org.h2.jdbc.JdbcConnection.prepareCommand(JdbcConnection.java:1164) ~[h2-2.3.232.jar:2.3.232]
	at org.h2.jdbc.JdbcStatement.executeInternal(JdbcStatement.java:245) ~[h2-2.3.232.jar:2.3.232]
	at org.h2.jdbc.JdbcStatement.execute(JdbcStatement.java:231) ~[h2-2.3.232.jar:2.3.232]
	at org.hibernate.tool.schema.internal.exec.GenerationTargetToDatabase.accept(GenerationTargetToDatabase.java:80) ~[hibernate-core-6.6.22.Final.jar:6.6.22.Final]
	... 118 common frames omitted

2025-08-26T22:18:49.246+09:00  WARN 20776 --- [MySpringBootLab] [main] o.h.t.s.i.ExceptionHandlerLoggedImpl     : GenerationTarget encountered exception accepting command : Error executing DDL "create table book_details (page_count integer, book_id bigint, id bigint not null auto_increment, cover_image_url varchar(255), description varchar(255), edition varchar(255), language varchar(255), publisher varchar(255), primary key (id)) engine=InnoDB" via JDBC [Syntax error in SQL statement "create table book_details (page_count integer, book_id bigint, id bigint not null auto_increment, cover_image_url varchar(255), description varchar(255), edition varchar(255), language varchar(255), publisher varchar(255), primary key (id)) engine[*]=InnoDB"; expected "identifier";]

org.hibernate.tool.schema.spi.CommandAcceptanceException: Error executing DDL "create table book_details (page_count integer, book_id bigint, id bigint not null auto_increment, cover_image_url varchar(255), description varchar(255), edition varchar(255), language varchar(255), publisher varchar(255), primary key (id)) engine=InnoDB" via JDBC [Syntax error in SQL statement "create table book_details (page_count integer, book_id bigint, id bigint not null auto_increment, cover_image_url varchar(255), description varchar(255), edition varchar(255), language varchar(255), publisher varchar(255), primary key (id)) engine[*]=InnoDB"; expected "identifier";]
	at org.hibernate.tool.schema.internal.exec.GenerationTargetToDatabase.accept(GenerationTargetToDatabase.java:94) ~[hibernate-core-6.6.22.Final.jar:6.6.22.Final]
	at org.hibernate.tool.schema.internal.Helper.applySqlString(Helper.java:233) ~[hibernate-core-6.6.22.Final.jar:6.6.22.Final]
	at org.hibernate.tool.schema.internal.Helper.applySqlStrings(Helper.java:217) ~[hibernate-core-6.6.22.Final.jar:6.6.22.Final]
	at org.hibernate.tool.schema.internal.SchemaCreatorImpl.createTables(SchemaCreatorImpl.java:430) ~[hibernate-core-6.6.22.Final.jar:6.6.22.Final]
	at org.hibernate.tool.schema.internal.SchemaCreatorImpl.createSequencesTablesConstraints(SchemaCreatorImpl.java:346) ~[hibernate-core-6.6.22.Final.jar:6.6.22.Final]
	at org.hibernate.tool.schema.internal.SchemaCreatorImpl.createFromMetadata(SchemaCreatorImpl.java:241) ~[hibernate-core-6.6.22.Final.jar:6.6.22.Final]
	at org.hibernate.tool.schema.internal.SchemaCreatorImpl.performCreation(SchemaCreatorImpl.java:174) ~[hibernate-core-6.6.22.Final.jar:6.6.22.Final]
	at org.hibernate.tool.schema.internal.SchemaCreatorImpl.doCreation(SchemaCreatorImpl.java:144) ~[hibernate-core-6.6.22.Final.jar:6.6.22.Final]
	at org.hibernate.tool.schema.internal.SchemaCreatorImpl.doCreation(SchemaCreatorImpl.java:120) ~[hibernate-core-6.6.22.Final.jar:6.6.22.Final]
	at org.hibernate.tool.schema.spi.SchemaManagementToolCoordinator.performDatabaseAction(SchemaManagementToolCoordinator.java:250) ~[hibernate-core-6.6.22.Final.jar:6.6.22.Final]
	at org.hibernate.tool.schema.spi.SchemaManagementToolCoordinator.lambda$process$5(SchemaManagementToolCoordinator.java:144) ~[hibernate-core-6.6.22.Final.jar:6.6.22.Final]
	at java.base/java.util.HashMap.forEach(HashMap.java:1421) ~[na:na]
	at org.hibernate.tool.schema.spi.SchemaManagementToolCoordinator.process(SchemaManagementToolCoordinator.java:141) ~[hibernate-core-6.6.22.Final.jar:6.6.22.Final]
	at org.hibernate.boot.internal.SessionFactoryObserverForSchemaExport.sessionFactoryCreated(SessionFactoryObserverForSchemaExport.java:37) ~[hibernate-core-6.6.22.Final.jar:6.6.22.Final]
	at org.hibernate.internal.SessionFactoryObserverChain.sessionFactoryCreated(SessionFactoryObserverChain.java:35) ~[hibernate-core-6.6.22.Final.jar:6.6.22.Final]
	at org.hibernate.internal.SessionFactoryImpl.<init>(SessionFactoryImpl.java:324) ~[hibernate-core-6.6.22.Final.jar:6.6.22.Final]
	at org.hibernate.boot.internal.SessionFactoryBuilderImpl.build(SessionFactoryBuilderImpl.java:463) ~[hibernate-core-6.6.22.Final.jar:6.6.22.Final]
	at org.hibernate.jpa.boot.internal.EntityManagerFactoryBuilderImpl.build(EntityManagerFactoryBuilderImpl.java:1517) ~[hibernate-core-6.6.22.Final.jar:6.6.22.Final]
	at org.springframework.orm.jpa.vendor.SpringHibernateJpaPersistenceProvider.createContainerEntityManagerFactory(SpringHibernateJpaPersistenceProvider.java:66) ~[spring-orm-6.2.9.jar:6.2.9]
	at org.springframework.orm.jpa.LocalContainerEntityManagerFactoryBean.createNativeEntityManagerFactory(LocalContainerEntityManagerFactoryBean.java:390) ~[spring-orm-6.2.9.jar:6.2.9]
	at org.springframework.orm.jpa.AbstractEntityManagerFactoryBean.buildNativeEntityManagerFactory(AbstractEntityManagerFactoryBean.java:419) ~[spring-orm-6.2.9.jar:6.2.9]
	at org.springframework.orm.jpa.AbstractEntityManagerFactoryBean.afterPropertiesSet(AbstractEntityManagerFactoryBean.java:400) ~[spring-orm-6.2.9.jar:6.2.9]
	at org.springframework.orm.jpa.LocalContainerEntityManagerFactoryBean.afterPropertiesSet(LocalContainerEntityManagerFactoryBean.java:366) ~[spring-orm-6.2.9.jar:6.2.9]
	at org.springframework.beans.factory.support.AbstractAutowireCapableBeanFactory.invokeInitMethods(AbstractAutowireCapableBeanFactory.java:1873) ~[spring-beans-6.2.9.jar:6.2.9]
	at org.springframework.beans.factory.support.AbstractAutowireCapableBeanFactory.initializeBean(AbstractAutowireCapableBeanFactory.java:1822) ~[spring-beans-6.2.9.jar:6.2.9]
	at org.springframework.beans.factory.support.AbstractAutowireCapableBeanFactory.doCreateBean(AbstractAutowireCapableBeanFactory.java:607) ~[spring-beans-6.2.9.jar:6.2.9]
	at org.springframework.beans.factory.support.AbstractAutowireCapableBeanFactory.createBean(AbstractAutowireCapableBeanFactory.java:529) ~[spring-beans-6.2.9.jar:6.2.9]
	at org.springframework.beans.factory.support.AbstractBeanFactory.lambda$doGetBean$0(AbstractBeanFactory.java:339) ~[spring-beans-6.2.9.jar:6.2.9]
	at org.springframework.beans.factory.support.DefaultSingletonBeanRegistry.getSingleton(DefaultSingletonBeanRegistry.java:373) ~[spring-beans-6.2.9.jar:6.2.9]
	at org.springframework.beans.factory.support.AbstractBeanFactory.doGetBean(AbstractBeanFactory.java:337) ~[spring-beans-6.2.9.jar:6.2.9]
	at org.springframework.beans.factory.support.AbstractBeanFactory.getBean(AbstractBeanFactory.java:207) ~[spring-beans-6.2.9.jar:6.2.9]
	at org.springframework.context.support.AbstractApplicationContext.finishBeanFactoryInitialization(AbstractApplicationContext.java:970) ~[spring-context-6.2.9.jar:6.2.9]
	at org.springframework.context.support.AbstractApplicationContext.refresh(AbstractApplicationContext.java:627) ~[spring-context-6.2.9.jar:6.2.9]
	at org.springframework.boot.SpringApplication.refresh(SpringApplication.java:752) ~[spring-boot-3.4.8.jar:3.4.8]
	at org.springframework.boot.SpringApplication.refreshContext(SpringApplication.java:439) ~[spring-boot-3.4.8.jar:3.4.8]
	at org.springframework.boot.SpringApplication.run(SpringApplication.java:318) ~[spring-boot-3.4.8.jar:3.4.8]
	at org.springframework.boot.test.context.SpringBootContextLoader.lambda$loadContext$3(SpringBootContextLoader.java:144) ~[spring-boot-test-3.4.8.jar:3.4.8]
	at org.springframework.util.function.ThrowingSupplier.get(ThrowingSupplier.java:58) ~[spring-core-6.2.9.jar:6.2.9]
	at org.springframework.util.function.ThrowingSupplier.get(ThrowingSupplier.java:46) ~[spring-core-6.2.9.jar:6.2.9]
	at org.springframework.boot.SpringApplication.withHook(SpringApplication.java:1461) ~[spring-boot-3.4.8.jar:3.4.8]
	at org.springframework.boot.test.context.SpringBootContextLoader$ContextLoaderHook.run(SpringBootContextLoader.java:563) ~[spring-boot-test-3.4.8.jar:3.4.8]
	at org.springframework.boot.test.context.SpringBootContextLoader.loadContext(SpringBootContextLoader.java:144) ~[spring-boot-test-3.4.8.jar:3.4.8]
	at org.springframework.boot.test.context.SpringBootContextLoader.loadContext(SpringBootContextLoader.java:110) ~[spring-boot-test-3.4.8.jar:3.4.8]
	at org.springframework.test.context.cache.DefaultCacheAwareContextLoaderDelegate.loadContextInternal(DefaultCacheAwareContextLoaderDelegate.java:225) ~[spring-test-6.2.9.jar:6.2.9]
	at org.springframework.test.context.cache.DefaultCacheAwareContextLoaderDelegate.loadContext(DefaultCacheAwareContextLoaderDelegate.java:152) ~[spring-test-6.2.9.jar:6.2.9]
	at org.springframework.test.context.support.DefaultTestContext.getApplicationContext(DefaultTestContext.java:130) ~[spring-test-6.2.9.jar:6.2.9]
	at org.springframework.test.context.support.DependencyInjectionTestExecutionListener.injectDependencies(DependencyInjectionTestExecutionListener.java:155) ~[spring-test-6.2.9.jar:6.2.9]
	at org.springframework.test.context.support.DependencyInjectionTestExecutionListener.prepareTestInstance(DependencyInjectionTestExecutionListener.java:111) ~[spring-test-6.2.9.jar:6.2.9]
	at org.springframework.test.context.TestContextManager.prepareTestInstance(TestContextManager.java:260) ~[spring-test-6.2.9.jar:6.2.9]
	at org.springframework.test.context.junit.jupiter.SpringExtension.postProcessTestInstance(SpringExtension.java:159) ~[spring-test-6.2.9.jar:6.2.9]
	at org.junit.jupiter.engine.descriptor.ClassBasedTestDescriptor.lambda$invokeTestInstancePostProcessors$11(ClassBasedTestDescriptor.java:378) ~[junit-jupiter-engine-5.11.4.jar:5.11.4]
	at org.junit.jupiter.engine.descriptor.ClassBasedTestDescriptor.executeAndMaskThrowable(ClassBasedTestDescriptor.java:383) ~[junit-jupiter-engine-5.11.4.jar:5.11.4]
	at org.junit.jupiter.engine.descriptor.ClassBasedTestDescriptor.lambda$invokeTestInstancePostProcessors$12(ClassBasedTestDescriptor.java:378) ~[junit-jupiter-engine-5.11.4.jar:5.11.4]
	at java.base/java.util.stream.ForEachOps$ForEachOp$OfRef.accept(ForEachOps.java:183) ~[na:na]
	at java.base/java.util.stream.ReferencePipeline$3$1.accept(ReferencePipeline.java:197) ~[na:na]
	at java.base/java.util.stream.ReferencePipeline$2$1.accept(ReferencePipeline.java:179) ~[na:na]
	at java.base/java.util.stream.ReferencePipeline$3$1.accept(ReferencePipeline.java:197) ~[na:na]
	at java.base/java.util.ArrayList$ArrayListSpliterator.forEachRemaining(ArrayList.java:1625) ~[na:na]
	at java.base/java.util.stream.AbstractPipeline.copyInto(AbstractPipeline.java:509) ~[na:na]
	at java.base/java.util.stream.AbstractPipeline.wrapAndCopyInto(AbstractPipeline.java:499) ~[na:na]
	at java.base/java.util.stream.ForEachOps$ForEachOp.evaluateSequential(ForEachOps.java:150) ~[na:na]
	at java.base/java.util.stream.ForEachOps$ForEachOp$OfRef.evaluateSequential(ForEachOps.java:173) ~[na:na]
	at java.base/java.util.stream.AbstractPipeline.evaluate(AbstractPipeline.java:234) ~[na:na]
	at java.base/java.util.stream.ReferencePipeline.forEach(ReferencePipeline.java:596) ~[na:na]
	at org.junit.jupiter.engine.descriptor.ClassBasedTestDescriptor.invokeTestInstancePostProcessors(ClassBasedTestDescriptor.java:377) ~[junit-jupiter-engine-5.11.4.jar:5.11.4]
	at org.junit.jupiter.engine.descriptor.ClassBasedTestDescriptor.lambda$instantiateAndPostProcessTestInstance$7(ClassBasedTestDescriptor.java:290) ~[junit-jupiter-engine-5.11.4.jar:5.11.4]
	at org.junit.platform.engine.support.hierarchical.ThrowableCollector.execute(ThrowableCollector.java:73) ~[junit-platform-engine-1.11.4.jar:1.11.4]
	at org.junit.jupiter.engine.descriptor.ClassBasedTestDescriptor.instantiateAndPostProcessTestInstance(ClassBasedTestDescriptor.java:289) ~[junit-jupiter-engine-5.11.4.jar:5.11.4]
	at org.junit.jupiter.engine.descriptor.ClassBasedTestDescriptor.lambda$testInstancesProvider$5(ClassBasedTestDescriptor.java:279) ~[junit-jupiter-engine-5.11.4.jar:5.11.4]
	at java.base/java.util.Optional.orElseGet(Optional.java:364) ~[na:na]
	at org.junit.jupiter.engine.descriptor.ClassBasedTestDescriptor.lambda$testInstancesProvider$6(ClassBasedTestDescriptor.java:278) ~[junit-jupiter-engine-5.11.4.jar:5.11.4]
	at org.junit.jupiter.engine.execution.TestInstancesProvider.getTestInstances(TestInstancesProvider.java:31) ~[junit-jupiter-engine-5.11.4.jar:5.11.4]
	at org.junit.jupiter.engine.descriptor.TestMethodTestDescriptor.lambda$prepare$1(TestMethodTestDescriptor.java:105) ~[junit-jupiter-engine-5.11.4.jar:5.11.4]
	at org.junit.platform.engine.support.hierarchical.ThrowableCollector.execute(ThrowableCollector.java:73) ~[junit-platform-engine-1.11.4.jar:1.11.4]
	at org.junit.jupiter.engine.descriptor.TestMethodTestDescriptor.prepare(TestMethodTestDescriptor.java:104) ~[junit-jupiter-engine-5.11.4.jar:5.11.4]
	at org.junit.jupiter.engine.descriptor.TestMethodTestDescriptor.prepare(TestMethodTestDescriptor.java:68) ~[junit-jupiter-engine-5.11.4.jar:5.11.4]
	at org.junit.platform.engine.support.hierarchical.NodeTestTask.lambda$prepare$2(NodeTestTask.java:128) ~[junit-platform-engine-1.11.4.jar:1.11.4]
	at org.junit.platform.engine.support.hierarchical.ThrowableCollector.execute(ThrowableCollector.java:73) ~[junit-platform-engine-1.11.4.jar:1.11.4]
	at org.junit.platform.engine.support.hierarchical.NodeTestTask.prepare(NodeTestTask.java:128) ~[junit-platform-engine-1.11.4.jar:1.11.4]
	at org.junit.platform.engine.support.hierarchical.NodeTestTask.execute(NodeTestTask.java:95) ~[junit-platform-engine-1.11.4.jar:1.11.4]
	at java.base/java.util.ArrayList.forEach(ArrayList.java:1511) ~[na:na]
	at org.junit.platform.engine.support.hierarchical.SameThreadHierarchicalTestExecutorService.invokeAll(SameThreadHierarchicalTestExecutorService.java:41) ~[junit-platform-engine-1.11.4.jar:1.11.4]
	at org.junit.platform.engine.support.hierarchical.NodeTestTask.lambda$executeRecursively$6(NodeTestTask.java:160) ~[junit-platform-engine-1.11.4.jar:1.11.4]
	at org.junit.platform.engine.support.hierarchical.ThrowableCollector.execute(ThrowableCollector.java:73) ~[junit-platform-engine-1.11.4.jar:1.11.4]
	at org.junit.platform.engine.support.hierarchical.NodeTestTask.lambda$executeRecursively$8(NodeTestTask.java:146) ~[junit-platform-engine-1.11.4.jar:1.11.4]
	at org.junit.platform.engine.support.hierarchical.Node.around(Node.java:137) ~[junit-platform-engine-1.11.4.jar:1.11.4]
	at org.junit.platform.engine.support.hierarchical.NodeTestTask.lambda$executeRecursively$9(NodeTestTask.java:144) ~[junit-platform-engine-1.11.4.jar:1.11.4]
	at org.junit.platform.engine.support.hierarchical.ThrowableCollector.execute(ThrowableCollector.java:73) ~[junit-platform-engine-1.11.4.jar:1.11.4]
	at org.junit.platform.engine.support.hierarchical.NodeTestTask.executeRecursively(NodeTestTask.java:143) ~[junit-platform-engine-1.11.4.jar:1.11.4]
	at org.junit.platform.engine.support.hierarchical.NodeTestTask.execute(NodeTestTask.java:100) ~[junit-platform-engine-1.11.4.jar:1.11.4]
	at java.base/java.util.ArrayList.forEach(ArrayList.java:1511) ~[na:na]
	at org.junit.platform.engine.support.hierarchical.SameThreadHierarchicalTestExecutorService.invokeAll(SameThreadHierarchicalTestExecutorService.java:41) ~[junit-platform-engine-1.11.4.jar:1.11.4]
	at org.junit.platform.engine.support.hierarchical.NodeTestTask.lambda$executeRecursively$6(NodeTestTask.java:160) ~[junit-platform-engine-1.11.4.jar:1.11.4]
	at org.junit.platform.engine.support.hierarchical.ThrowableCollector.execute(ThrowableCollector.java:73) ~[junit-platform-engine-1.11.4.jar:1.11.4]
	at org.junit.platform.engine.support.hierarchical.NodeTestTask.lambda$executeRecursively$8(NodeTestTask.java:146) ~[junit-platform-engine-1.11.4.jar:1.11.4]
	at org.junit.platform.engine.support.hierarchical.Node.around(Node.java:137) ~[junit-platform-engine-1.11.4.jar:1.11.4]
	at org.junit.platform.engine.support.hierarchical.NodeTestTask.lambda$executeRecursively$9(NodeTestTask.java:144) ~[junit-platform-engine-1.11.4.jar:1.11.4]
	at org.junit.platform.engine.support.hierarchical.ThrowableCollector.execute(ThrowableCollector.java:73) ~[junit-platform-engine-1.11.4.jar:1.11.4]
	at org.junit.platform.engine.support.hierarchical.NodeTestTask.executeRecursively(NodeTestTask.java:143) ~[junit-platform-engine-1.11.4.jar:1.11.4]
	at org.junit.platform.engine.support.hierarchical.NodeTestTask.execute(NodeTestTask.java:100) ~[junit-platform-engine-1.11.4.jar:1.11.4]
	at org.junit.platform.engine.support.hierarchical.SameThreadHierarchicalTestExecutorService.submit(SameThreadHierarchicalTestExecutorService.java:35) ~[junit-platform-engine-1.11.4.jar:1.11.4]
	at org.junit.platform.engine.support.hierarchical.HierarchicalTestExecutor.execute(HierarchicalTestExecutor.java:57) ~[junit-platform-engine-1.11.4.jar:1.11.4]
	at org.junit.platform.engine.support.hierarchical.HierarchicalTestEngine.execute(HierarchicalTestEngine.java:54) ~[junit-platform-engine-1.11.4.jar:1.11.4]
	at org.junit.platform.launcher.core.EngineExecutionOrchestrator.execute(EngineExecutionOrchestrator.java:198) ~[junit-platform-launcher-1.11.4.jar:1.11.4]
	at org.junit.platform.launcher.core.EngineExecutionOrchestrator.execute(EngineExecutionOrchestrator.java:169) ~[junit-platform-launcher-1.11.4.jar:1.11.4]
	at org.junit.platform.launcher.core.EngineExecutionOrchestrator.execute(EngineExecutionOrchestrator.java:93) ~[junit-platform-launcher-1.11.4.jar:1.11.4]
	at org.junit.platform.launcher.core.EngineExecutionOrchestrator.lambda$execute$0(EngineExecutionOrchestrator.java:58) ~[junit-platform-launcher-1.11.4.jar:1.11.4]
	at org.junit.platform.launcher.core.EngineExecutionOrchestrator.withInterceptedStreams(EngineExecutionOrchestrator.java:141) ~[junit-platform-launcher-1.11.4.jar:1.11.4]
	at org.junit.platform.launcher.core.EngineExecutionOrchestrator.execute(EngineExecutionOrchestrator.java:57) ~[junit-platform-launcher-1.11.4.jar:1.11.4]
	at org.junit.platform.launcher.core.DefaultLauncher.execute(DefaultLauncher.java:103) ~[junit-platform-launcher-1.11.4.jar:1.11.4]
	at org.junit.platform.launcher.core.DefaultLauncher.execute(DefaultLauncher.java:85) ~[junit-platform-launcher-1.11.4.jar:1.11.4]
	at org.junit.platform.launcher.core.DelegatingLauncher.execute(DelegatingLauncher.java:47) ~[junit-platform-launcher-1.11.4.jar:1.11.4]
	at org.junit.platform.launcher.core.SessionPerRequestLauncher.execute(SessionPerRequestLauncher.java:63) ~[junit-platform-launcher-1.11.4.jar:1.11.4]
	at com.intellij.junit5.JUnit5IdeaTestRunner.startRunnerWithArgs(JUnit5IdeaTestRunner.java:66) ~[junit5-rt.jar:na]
	at com.intellij.rt.junit.IdeaTestRunner$Repeater$1.execute(IdeaTestRunner.java:38) ~[junit-rt.jar:na]
	at com.intellij.rt.execution.junit.TestsRepeater.repeat(TestsRepeater.java:11) ~[idea_rt.jar:na]
	at com.intellij.rt.junit.IdeaTestRunner$Repeater.startRunnerWithArgs(IdeaTestRunner.java:35) ~[junit-rt.jar:na]
	at com.intellij.rt.junit.JUnitStarter.prepareStreamsAndStart(JUnitStarter.java:231) ~[junit-rt.jar:na]
	at com.intellij.rt.junit.JUnitStarter.main(JUnitStarter.java:55) ~[junit-rt.jar:na]
Caused by: org.h2.jdbc.JdbcSQLSyntaxErrorException: Syntax error in SQL statement "create table book_details (page_count integer, book_id bigint, id bigint not null auto_increment, cover_image_url varchar(255), description varchar(255), edition varchar(255), language varchar(255), publisher varchar(255), primary key (id)) engine[*]=InnoDB"; expected "identifier"; SQL statement:
create table book_details (page_count integer, book_id bigint, id bigint not null auto_increment, cover_image_url varchar(255), description varchar(255), edition varchar(255), language varchar(255), publisher varchar(255), primary key (id)) engine=InnoDB [42001-232]
	at org.h2.message.DbException.getJdbcSQLException(DbException.java:514) ~[h2-2.3.232.jar:2.3.232]
	at org.h2.message.DbException.getJdbcSQLException(DbException.java:489) ~[h2-2.3.232.jar:2.3.232]
	at org.h2.message.DbException.getSyntaxError(DbException.java:261) ~[h2-2.3.232.jar:2.3.232]
	at org.h2.command.Parser.readIdentifier(Parser.java:5527) ~[h2-2.3.232.jar:2.3.232]
	at org.h2.command.Parser.parseCreateTable(Parser.java:8827) ~[h2-2.3.232.jar:2.3.232]
	at org.h2.command.Parser.parseCreate(Parser.java:6398) ~[h2-2.3.232.jar:2.3.232]
	at org.h2.command.Parser.parsePrepared(Parser.java:645) ~[h2-2.3.232.jar:2.3.232]
	at org.h2.command.Parser.parse(Parser.java:581) ~[h2-2.3.232.jar:2.3.232]
	at org.h2.command.Parser.parse(Parser.java:556) ~[h2-2.3.232.jar:2.3.232]
	at org.h2.command.Parser.prepareCommand(Parser.java:484) ~[h2-2.3.232.jar:2.3.232]
	at org.h2.engine.SessionLocal.prepareLocal(SessionLocal.java:645) ~[h2-2.3.232.jar:2.3.232]
	at org.h2.engine.SessionLocal.prepareCommand(SessionLocal.java:561) ~[h2-2.3.232.jar:2.3.232]
	at org.h2.jdbc.JdbcConnection.prepareCommand(JdbcConnection.java:1164) ~[h2-2.3.232.jar:2.3.232]
	at org.h2.jdbc.JdbcStatement.executeInternal(JdbcStatement.java:245) ~[h2-2.3.232.jar:2.3.232]
	at org.h2.jdbc.JdbcStatement.execute(JdbcStatement.java:231) ~[h2-2.3.232.jar:2.3.232]
	at org.hibernate.tool.schema.internal.exec.GenerationTargetToDatabase.accept(GenerationTargetToDatabase.java:80) ~[hibernate-core-6.6.22.Final.jar:6.6.22.Final]
	... 118 common frames omitted

2025-08-26T22:18:49.261+09:00  WARN 20776 --- [MySpringBootLab] [main] o.h.t.s.i.ExceptionHandlerLoggedImpl     : GenerationTarget encountered exception accepting command : Error executing DDL "create table books (price integer, publish_date date, id bigint not null auto_increment, author varchar(255) not null, isbn varchar(255) not null, title varchar(255) not null, primary key (id)) engine=InnoDB" via JDBC [Syntax error in SQL statement "create table books (price integer, publish_date date, id bigint not null auto_increment, author varchar(255) not null, isbn varchar(255) not null, title varchar(255) not null, primary key (id)) engine[*]=InnoDB"; expected "identifier";]

org.hibernate.tool.schema.spi.CommandAcceptanceException: Error executing DDL "create table books (price integer, publish_date date, id bigint not null auto_increment, author varchar(255) not null, isbn varchar(255) not null, title varchar(255) not null, primary key (id)) engine=InnoDB" via JDBC [Syntax error in SQL statement "create table books (price integer, publish_date date, id bigint not null auto_increment, author varchar(255) not null, isbn varchar(255) not null, title varchar(255) not null, primary key (id)) engine[*]=InnoDB"; expected "identifier";]
	at org.hibernate.tool.schema.internal.exec.GenerationTargetToDatabase.accept(GenerationTargetToDatabase.java:94) ~[hibernate-core-6.6.22.Final.jar:6.6.22.Final]
	at org.hibernate.tool.schema.internal.Helper.applySqlString(Helper.java:233) ~[hibernate-core-6.6.22.Final.jar:6.6.22.Final]
	at org.hibernate.tool.schema.internal.Helper.applySqlStrings(Helper.java:217) ~[hibernate-core-6.6.22.Final.jar:6.6.22.Final]
	at org.hibernate.tool.schema.internal.SchemaCreatorImpl.createTables(SchemaCreatorImpl.java:430) ~[hibernate-core-6.6.22.Final.jar:6.6.22.Final]
	at org.hibernate.tool.schema.internal.SchemaCreatorImpl.createSequencesTablesConstraints(SchemaCreatorImpl.java:346) ~[hibernate-core-6.6.22.Final.jar:6.6.22.Final]
	at org.hibernate.tool.schema.internal.SchemaCreatorImpl.createFromMetadata(SchemaCreatorImpl.java:241) ~[hibernate-core-6.6.22.Final.jar:6.6.22.Final]
	at org.hibernate.tool.schema.internal.SchemaCreatorImpl.performCreation(SchemaCreatorImpl.java:174) ~[hibernate-core-6.6.22.Final.jar:6.6.22.Final]
	at org.hibernate.tool.schema.internal.SchemaCreatorImpl.doCreation(SchemaCreatorImpl.java:144) ~[hibernate-core-6.6.22.Final.jar:6.6.22.Final]
	at org.hibernate.tool.schema.internal.SchemaCreatorImpl.doCreation(SchemaCreatorImpl.java:120) ~[hibernate-core-6.6.22.Final.jar:6.6.22.Final]
	at org.hibernate.tool.schema.spi.SchemaManagementToolCoordinator.performDatabaseAction(SchemaManagementToolCoordinator.java:250) ~[hibernate-core-6.6.22.Final.jar:6.6.22.Final]
	at org.hibernate.tool.schema.spi.SchemaManagementToolCoordinator.lambda$process$5(SchemaManagementToolCoordinator.java:144) ~[hibernate-core-6.6.22.Final.jar:6.6.22.Final]
	at java.base/java.util.HashMap.forEach(HashMap.java:1421) ~[na:na]
	at org.hibernate.tool.schema.spi.SchemaManagementToolCoordinator.process(SchemaManagementToolCoordinator.java:141) ~[hibernate-core-6.6.22.Final.jar:6.6.22.Final]
	at org.hibernate.boot.internal.SessionFactoryObserverForSchemaExport.sessionFactoryCreated(SessionFactoryObserverForSchemaExport.java:37) ~[hibernate-core-6.6.22.Final.jar:6.6.22.Final]
	at org.hibernate.internal.SessionFactoryObserverChain.sessionFactoryCreated(SessionFactoryObserverChain.java:35) ~[hibernate-core-6.6.22.Final.jar:6.6.22.Final]
	at org.hibernate.internal.SessionFactoryImpl.<init>(SessionFactoryImpl.java:324) ~[hibernate-core-6.6.22.Final.jar:6.6.22.Final]
	at org.hibernate.boot.internal.SessionFactoryBuilderImpl.build(SessionFactoryBuilderImpl.java:463) ~[hibernate-core-6.6.22.Final.jar:6.6.22.Final]
	at org.hibernate.jpa.boot.internal.EntityManagerFactoryBuilderImpl.build(EntityManagerFactoryBuilderImpl.java:1517) ~[hibernate-core-6.6.22.Final.jar:6.6.22.Final]
	at org.springframework.orm.jpa.vendor.SpringHibernateJpaPersistenceProvider.createContainerEntityManagerFactory(SpringHibernateJpaPersistenceProvider.java:66) ~[spring-orm-6.2.9.jar:6.2.9]
	at org.springframework.orm.jpa.LocalContainerEntityManagerFactoryBean.createNativeEntityManagerFactory(LocalContainerEntityManagerFactoryBean.java:390) ~[spring-orm-6.2.9.jar:6.2.9]
	at org.springframework.orm.jpa.AbstractEntityManagerFactoryBean.buildNativeEntityManagerFactory(AbstractEntityManagerFactoryBean.java:419) ~[spring-orm-6.2.9.jar:6.2.9]
	at org.springframework.orm.jpa.AbstractEntityManagerFactoryBean.afterPropertiesSet(AbstractEntityManagerFactoryBean.java:400) ~[spring-orm-6.2.9.jar:6.2.9]
	at org.springframework.orm.jpa.LocalContainerEntityManagerFactoryBean.afterPropertiesSet(LocalContainerEntityManagerFactoryBean.java:366) ~[spring-orm-6.2.9.jar:6.2.9]
	at org.springframework.beans.factory.support.AbstractAutowireCapableBeanFactory.invokeInitMethods(AbstractAutowireCapableBeanFactory.java:1873) ~[spring-beans-6.2.9.jar:6.2.9]
	at org.springframework.beans.factory.support.AbstractAutowireCapableBeanFactory.initializeBean(AbstractAutowireCapableBeanFactory.java:1822) ~[spring-beans-6.2.9.jar:6.2.9]
	at org.springframework.beans.factory.support.AbstractAutowireCapableBeanFactory.doCreateBean(AbstractAutowireCapableBeanFactory.java:607) ~[spring-beans-6.2.9.jar:6.2.9]
	at org.springframework.beans.factory.support.AbstractAutowireCapableBeanFactory.createBean(AbstractAutowireCapableBeanFactory.java:529) ~[spring-beans-6.2.9.jar:6.2.9]
	at org.springframework.beans.factory.support.AbstractBeanFactory.lambda$doGetBean$0(AbstractBeanFactory.java:339) ~[spring-beans-6.2.9.jar:6.2.9]
	at org.springframework.beans.factory.support.DefaultSingletonBeanRegistry.getSingleton(DefaultSingletonBeanRegistry.java:373) ~[spring-beans-6.2.9.jar:6.2.9]
	at org.springframework.beans.factory.support.AbstractBeanFactory.doGetBean(AbstractBeanFactory.java:337) ~[spring-beans-6.2.9.jar:6.2.9]
	at org.springframework.beans.factory.support.AbstractBeanFactory.getBean(AbstractBeanFactory.java:207) ~[spring-beans-6.2.9.jar:6.2.9]
	at org.springframework.context.support.AbstractApplicationContext.finishBeanFactoryInitialization(AbstractApplicationContext.java:970) ~[spring-context-6.2.9.jar:6.2.9]
	at org.springframework.context.support.AbstractApplicationContext.refresh(AbstractApplicationContext.java:627) ~[spring-context-6.2.9.jar:6.2.9]
	at org.springframework.boot.SpringApplication.refresh(SpringApplication.java:752) ~[spring-boot-3.4.8.jar:3.4.8]
	at org.springframework.boot.SpringApplication.refreshContext(SpringApplication.java:439) ~[spring-boot-3.4.8.jar:3.4.8]
	at org.springframework.boot.SpringApplication.run(SpringApplication.java:318) ~[spring-boot-3.4.8.jar:3.4.8]
	at org.springframework.boot.test.context.SpringBootContextLoader.lambda$loadContext$3(SpringBootContextLoader.java:144) ~[spring-boot-test-3.4.8.jar:3.4.8]
	at org.springframework.util.function.ThrowingSupplier.get(ThrowingSupplier.java:58) ~[spring-core-6.2.9.jar:6.2.9]
	at org.springframework.util.function.ThrowingSupplier.get(ThrowingSupplier.java:46) ~[spring-core-6.2.9.jar:6.2.9]
	at org.springframework.boot.SpringApplication.withHook(SpringApplication.java:1461) ~[spring-boot-3.4.8.jar:3.4.8]
	at org.springframework.boot.test.context.SpringBootContextLoader$ContextLoaderHook.run(SpringBootContextLoader.java:563) ~[spring-boot-test-3.4.8.jar:3.4.8]
	at org.springframework.boot.test.context.SpringBootContextLoader.loadContext(SpringBootContextLoader.java:144) ~[spring-boot-test-3.4.8.jar:3.4.8]
	at org.springframework.boot.test.context.SpringBootContextLoader.loadContext(SpringBootContextLoader.java:110) ~[spring-boot-test-3.4.8.jar:3.4.8]
	at org.springframework.test.context.cache.DefaultCacheAwareContextLoaderDelegate.loadContextInternal(DefaultCacheAwareContextLoaderDelegate.java:225) ~[spring-test-6.2.9.jar:6.2.9]
	at org.springframework.test.context.cache.DefaultCacheAwareContextLoaderDelegate.loadContext(DefaultCacheAwareContextLoaderDelegate.java:152) ~[spring-test-6.2.9.jar:6.2.9]
	at org.springframework.test.context.support.DefaultTestContext.getApplicationContext(DefaultTestContext.java:130) ~[spring-test-6.2.9.jar:6.2.9]
	at org.springframework.test.context.support.DependencyInjectionTestExecutionListener.injectDependencies(DependencyInjectionTestExecutionListener.java:155) ~[spring-test-6.2.9.jar:6.2.9]
	at org.springframework.test.context.support.DependencyInjectionTestExecutionListener.prepareTestInstance(DependencyInjectionTestExecutionListener.java:111) ~[spring-test-6.2.9.jar:6.2.9]
	at org.springframework.test.context.TestContextManager.prepareTestInstance(TestContextManager.java:260) ~[spring-test-6.2.9.jar:6.2.9]
	at org.springframework.test.context.junit.jupiter.SpringExtension.postProcessTestInstance(SpringExtension.java:159) ~[spring-test-6.2.9.jar:6.2.9]
	at org.junit.jupiter.engine.descriptor.ClassBasedTestDescriptor.lambda$invokeTestInstancePostProcessors$11(ClassBasedTestDescriptor.java:378) ~[junit-jupiter-engine-5.11.4.jar:5.11.4]
	at org.junit.jupiter.engine.descriptor.ClassBasedTestDescriptor.executeAndMaskThrowable(ClassBasedTestDescriptor.java:383) ~[junit-jupiter-engine-5.11.4.jar:5.11.4]
	at org.junit.jupiter.engine.descriptor.ClassBasedTestDescriptor.lambda$invokeTestInstancePostProcessors$12(ClassBasedTestDescriptor.java:378) ~[junit-jupiter-engine-5.11.4.jar:5.11.4]
	at java.base/java.util.stream.ForEachOps$ForEachOp$OfRef.accept(ForEachOps.java:183) ~[na:na]
	at java.base/java.util.stream.ReferencePipeline$3$1.accept(ReferencePipeline.java:197) ~[na:na]
	at java.base/java.util.stream.ReferencePipeline$2$1.accept(ReferencePipeline.java:179) ~[na:na]
	at java.base/java.util.stream.ReferencePipeline$3$1.accept(ReferencePipeline.java:197) ~[na:na]
	at java.base/java.util.ArrayList$ArrayListSpliterator.forEachRemaining(ArrayList.java:1625) ~[na:na]
	at java.base/java.util.stream.AbstractPipeline.copyInto(AbstractPipeline.java:509) ~[na:na]
	at java.base/java.util.stream.AbstractPipeline.wrapAndCopyInto(AbstractPipeline.java:499) ~[na:na]
	at java.base/java.util.stream.ForEachOps$ForEachOp.evaluateSequential(ForEachOps.java:150) ~[na:na]
	at java.base/java.util.stream.ForEachOps$ForEachOp$OfRef.evaluateSequential(ForEachOps.java:173) ~[na:na]
	at java.base/java.util.stream.AbstractPipeline.evaluate(AbstractPipeline.java:234) ~[na:na]
	at java.base/java.util.stream.ReferencePipeline.forEach(ReferencePipeline.java:596) ~[na:na]
	at org.junit.jupiter.engine.descriptor.ClassBasedTestDescriptor.invokeTestInstancePostProcessors(ClassBasedTestDescriptor.java:377) ~[junit-jupiter-engine-5.11.4.jar:5.11.4]
	at org.junit.jupiter.engine.descriptor.ClassBasedTestDescriptor.lambda$instantiateAndPostProcessTestInstance$7(ClassBasedTestDescriptor.java:290) ~[junit-jupiter-engine-5.11.4.jar:5.11.4]
	at org.junit.platform.engine.support.hierarchical.ThrowableCollector.execute(ThrowableCollector.java:73) ~[junit-platform-engine-1.11.4.jar:1.11.4]
	at org.junit.jupiter.engine.descriptor.ClassBasedTestDescriptor.instantiateAndPostProcessTestInstance(ClassBasedTestDescriptor.java:289) ~[junit-jupiter-engine-5.11.4.jar:5.11.4]
	at org.junit.jupiter.engine.descriptor.ClassBasedTestDescriptor.lambda$testInstancesProvider$5(ClassBasedTestDescriptor.java:279) ~[junit-jupiter-engine-5.11.4.jar:5.11.4]
	at java.base/java.util.Optional.orElseGet(Optional.java:364) ~[na:na]
	at org.junit.jupiter.engine.descriptor.ClassBasedTestDescriptor.lambda$testInstancesProvider$6(ClassBasedTestDescriptor.java:278) ~[junit-jupiter-engine-5.11.4.jar:5.11.4]
	at org.junit.jupiter.engine.execution.TestInstancesProvider.getTestInstances(TestInstancesProvider.java:31) ~[junit-jupiter-engine-5.11.4.jar:5.11.4]
	at org.junit.jupiter.engine.descriptor.TestMethodTestDescriptor.lambda$prepare$1(TestMethodTestDescriptor.java:105) ~[junit-jupiter-engine-5.11.4.jar:5.11.4]
	at org.junit.platform.engine.support.hierarchical.ThrowableCollector.execute(ThrowableCollector.java:73) ~[junit-platform-engine-1.11.4.jar:1.11.4]
	at org.junit.jupiter.engine.descriptor.TestMethodTestDescriptor.prepare(TestMethodTestDescriptor.java:104) ~[junit-jupiter-engine-5.11.4.jar:5.11.4]
	at org.junit.jupiter.engine.descriptor.TestMethodTestDescriptor.prepare(TestMethodTestDescriptor.java:68) ~[junit-jupiter-engine-5.11.4.jar:5.11.4]
	at org.junit.platform.engine.support.hierarchical.NodeTestTask.lambda$prepare$2(NodeTestTask.java:128) ~[junit-platform-engine-1.11.4.jar:1.11.4]
	at org.junit.platform.engine.support.hierarchical.ThrowableCollector.execute(ThrowableCollector.java:73) ~[junit-platform-engine-1.11.4.jar:1.11.4]
	at org.junit.platform.engine.support.hierarchical.NodeTestTask.prepare(NodeTestTask.java:128) ~[junit-platform-engine-1.11.4.jar:1.11.4]
	at org.junit.platform.engine.support.hierarchical.NodeTestTask.execute(NodeTestTask.java:95) ~[junit-platform-engine-1.11.4.jar:1.11.4]
	at java.base/java.util.ArrayList.forEach(ArrayList.java:1511) ~[na:na]
	at org.junit.platform.engine.support.hierarchical.SameThreadHierarchicalTestExecutorService.invokeAll(SameThreadHierarchicalTestExecutorService.java:41) ~[junit-platform-engine-1.11.4.jar:1.11.4]
	at org.junit.platform.engine.support.hierarchical.NodeTestTask.lambda$executeRecursively$6(NodeTestTask.java:160) ~[junit-platform-engine-1.11.4.jar:1.11.4]
	at org.junit.platform.engine.support.hierarchical.ThrowableCollector.execute(ThrowableCollector.java:73) ~[junit-platform-engine-1.11.4.jar:1.11.4]
	at org.junit.platform.engine.support.hierarchical.NodeTestTask.lambda$executeRecursively$8(NodeTestTask.java:146) ~[junit-platform-engine-1.11.4.jar:1.11.4]
	at org.junit.platform.engine.support.hierarchical.Node.around(Node.java:137) ~[junit-platform-engine-1.11.4.jar:1.11.4]
	at org.junit.platform.engine.support.hierarchical.NodeTestTask.lambda$executeRecursively$9(NodeTestTask.java:144) ~[junit-platform-engine-1.11.4.jar:1.11.4]
	at org.junit.platform.engine.support.hierarchical.ThrowableCollector.execute(ThrowableCollector.java:73) ~[junit-platform-engine-1.11.4.jar:1.11.4]
	at org.junit.platform.engine.support.hierarchical.NodeTestTask.executeRecursively(NodeTestTask.java:143) ~[junit-platform-engine-1.11.4.jar:1.11.4]
	at org.junit.platform.engine.support.hierarchical.NodeTestTask.execute(NodeTestTask.java:100) ~[junit-platform-engine-1.11.4.jar:1.11.4]
	at java.base/java.util.ArrayList.forEach(ArrayList.java:1511) ~[na:na]
	at org.junit.platform.engine.support.hierarchical.SameThreadHierarchicalTestExecutorService.invokeAll(SameThreadHierarchicalTestExecutorService.java:41) ~[junit-platform-engine-1.11.4.jar:1.11.4]
	at org.junit.platform.engine.support.hierarchical.NodeTestTask.lambda$executeRecursively$6(NodeTestTask.java:160) ~[junit-platform-engine-1.11.4.jar:1.11.4]
	at org.junit.platform.engine.support.hierarchical.ThrowableCollector.execute(ThrowableCollector.java:73) ~[junit-platform-engine-1.11.4.jar:1.11.4]
	at org.junit.platform.engine.support.hierarchical.NodeTestTask.lambda$executeRecursively$8(NodeTestTask.java:146) ~[junit-platform-engine-1.11.4.jar:1.11.4]
	at org.junit.platform.engine.support.hierarchical.Node.around(Node.java:137) ~[junit-platform-engine-1.11.4.jar:1.11.4]
	at org.junit.platform.engine.support.hierarchical.NodeTestTask.lambda$executeRecursively$9(NodeTestTask.java:144) ~[junit-platform-engine-1.11.4.jar:1.11.4]
	at org.junit.platform.engine.support.hierarchical.ThrowableCollector.execute(ThrowableCollector.java:73) ~[junit-platform-engine-1.11.4.jar:1.11.4]
	at org.junit.platform.engine.support.hierarchical.NodeTestTask.executeRecursively(NodeTestTask.java:143) ~[junit-platform-engine-1.11.4.jar:1.11.4]
	at org.junit.platform.engine.support.hierarchical.NodeTestTask.execute(NodeTestTask.java:100) ~[junit-platform-engine-1.11.4.jar:1.11.4]
	at org.junit.platform.engine.support.hierarchical.SameThreadHierarchicalTestExecutorService.submit(SameThreadHierarchicalTestExecutorService.java:35) ~[junit-platform-engine-1.11.4.jar:1.11.4]
	at org.junit.platform.engine.support.hierarchical.HierarchicalTestExecutor.execute(HierarchicalTestExecutor.java:57) ~[junit-platform-engine-1.11.4.jar:1.11.4]
	at org.junit.platform.engine.support.hierarchical.HierarchicalTestEngine.execute(HierarchicalTestEngine.java:54) ~[junit-platform-engine-1.11.4.jar:1.11.4]
	at org.junit.platform.launcher.core.EngineExecutionOrchestrator.execute(EngineExecutionOrchestrator.java:198) ~[junit-platform-launcher-1.11.4.jar:1.11.4]
	at org.junit.platform.launcher.core.EngineExecutionOrchestrator.execute(EngineExecutionOrchestrator.java:169) ~[junit-platform-launcher-1.11.4.jar:1.11.4]
	at org.junit.platform.launcher.core.EngineExecutionOrchestrator.execute(EngineExecutionOrchestrator.java:93) ~[junit-platform-launcher-1.11.4.jar:1.11.4]
	at org.junit.platform.launcher.core.EngineExecutionOrchestrator.lambda$execute$0(EngineExecutionOrchestrator.java:58) ~[junit-platform-launcher-1.11.4.jar:1.11.4]
	at org.junit.platform.launcher.core.EngineExecutionOrchestrator.withInterceptedStreams(EngineExecutionOrchestrator.java:141) ~[junit-platform-launcher-1.11.4.jar:1.11.4]
	at org.junit.platform.launcher.core.EngineExecutionOrchestrator.execute(EngineExecutionOrchestrator.java:57) ~[junit-platform-launcher-1.11.4.jar:1.11.4]
	at org.junit.platform.launcher.core.DefaultLauncher.execute(DefaultLauncher.java:103) ~[junit-platform-launcher-1.11.4.jar:1.11.4]
	at org.junit.platform.launcher.core.DefaultLauncher.execute(DefaultLauncher.java:85) ~[junit-platform-launcher-1.11.4.jar:1.11.4]
	at org.junit.platform.launcher.core.DelegatingLauncher.execute(DelegatingLauncher.java:47) ~[junit-platform-launcher-1.11.4.jar:1.11.4]
	at org.junit.platform.launcher.core.SessionPerRequestLauncher.execute(SessionPerRequestLauncher.java:63) ~[junit-platform-launcher-1.11.4.jar:1.11.4]
	at com.intellij.junit5.JUnit5IdeaTestRunner.startRunnerWithArgs(JUnit5IdeaTestRunner.java:66) ~[junit5-rt.jar:na]
	at com.intellij.rt.junit.IdeaTestRunner$Repeater$1.execute(IdeaTestRunner.java:38) ~[junit-rt.jar:na]
	at com.intellij.rt.execution.junit.TestsRepeater.repeat(TestsRepeater.java:11) ~[idea_rt.jar:na]
	at com.intellij.rt.junit.IdeaTestRunner$Repeater.startRunnerWithArgs(IdeaTestRunner.java:35) ~[junit-rt.jar:na]
	at com.intellij.rt.junit.JUnitStarter.prepareStreamsAndStart(JUnitStarter.java:231) ~[junit-rt.jar:na]
	at com.intellij.rt.junit.JUnitStarter.main(JUnitStarter.java:55) ~[junit-rt.jar:na]
Caused by: org.h2.jdbc.JdbcSQLSyntaxErrorException: Syntax error in SQL statement "create table books (price integer, publish_date date, id bigint not null auto_increment, author varchar(255) not null, isbn varchar(255) not null, title varchar(255) not null, primary key (id)) engine[*]=InnoDB"; expected "identifier"; SQL statement:
create table books (price integer, publish_date date, id bigint not null auto_increment, author varchar(255) not null, isbn varchar(255) not null, title varchar(255) not null, primary key (id)) engine=InnoDB [42001-232]
	at org.h2.message.DbException.getJdbcSQLException(DbException.java:514) ~[h2-2.3.232.jar:2.3.232]
	at org.h2.message.DbException.getJdbcSQLException(DbException.java:489) ~[h2-2.3.232.jar:2.3.232]
	at org.h2.message.DbException.getSyntaxError(DbException.java:261) ~[h2-2.3.232.jar:2.3.232]
	at org.h2.command.Parser.readIdentifier(Parser.java:5527) ~[h2-2.3.232.jar:2.3.232]
	at org.h2.command.Parser.parseCreateTable(Parser.java:8827) ~[h2-2.3.232.jar:2.3.232]
	at org.h2.command.Parser.parseCreate(Parser.java:6398) ~[h2-2.3.232.jar:2.3.232]
	at org.h2.command.Parser.parsePrepared(Parser.java:645) ~[h2-2.3.232.jar:2.3.232]
	at org.h2.command.Parser.parse(Parser.java:581) ~[h2-2.3.232.jar:2.3.232]
	at org.h2.command.Parser.parse(Parser.java:556) ~[h2-2.3.232.jar:2.3.232]
	at org.h2.command.Parser.prepareCommand(Parser.java:484) ~[h2-2.3.232.jar:2.3.232]
	at org.h2.engine.SessionLocal.prepareLocal(SessionLocal.java:645) ~[h2-2.3.232.jar:2.3.232]
	at org.h2.engine.SessionLocal.prepareCommand(SessionLocal.java:561) ~[h2-2.3.232.jar:2.3.232]
	at org.h2.jdbc.JdbcConnection.prepareCommand(JdbcConnection.java:1164) ~[h2-2.3.232.jar:2.3.232]
	at org.h2.jdbc.JdbcStatement.executeInternal(JdbcStatement.java:245) ~[h2-2.3.232.jar:2.3.232]
	at org.h2.jdbc.JdbcStatement.execute(JdbcStatement.java:231) ~[h2-2.3.232.jar:2.3.232]
	at org.hibernate.tool.schema.internal.exec.GenerationTargetToDatabase.accept(GenerationTargetToDatabase.java:80) ~[hibernate-core-6.6.22.Final.jar:6.6.22.Final]
	... 118 common frames omitted

2025-08-26T22:18:49.261+09:00  WARN 20776 --- [MySpringBootLab] [main] o.h.t.s.i.ExceptionHandlerLoggedImpl     : GenerationTarget encountered exception accepting command : Error executing DDL "alter table book_details add constraint UKcj1y16bigff5oyvo049gj8vsi unique (book_id)" via JDBC [Table "BOOK_DETAILS" not found;]

org.hibernate.tool.schema.spi.CommandAcceptanceException: Error executing DDL "alter table book_details add constraint UKcj1y16bigff5oyvo049gj8vsi unique (book_id)" via JDBC [Table "BOOK_DETAILS" not found;]
	at org.hibernate.tool.schema.internal.exec.GenerationTargetToDatabase.accept(GenerationTargetToDatabase.java:94) ~[hibernate-core-6.6.22.Final.jar:6.6.22.Final]
	at org.hibernate.tool.schema.internal.Helper.applySqlString(Helper.java:233) ~[hibernate-core-6.6.22.Final.jar:6.6.22.Final]
	at org.hibernate.tool.schema.internal.Helper.applySqlStrings(Helper.java:217) ~[hibernate-core-6.6.22.Final.jar:6.6.22.Final]
	at org.hibernate.tool.schema.internal.SchemaCreatorImpl.createTableConstraints(SchemaCreatorImpl.java:402) ~[hibernate-core-6.6.22.Final.jar:6.6.22.Final]
	at org.hibernate.tool.schema.internal.SchemaCreatorImpl.createSequencesTablesConstraints(SchemaCreatorImpl.java:358) ~[hibernate-core-6.6.22.Final.jar:6.6.22.Final]
	at org.hibernate.tool.schema.internal.SchemaCreatorImpl.createFromMetadata(SchemaCreatorImpl.java:241) ~[hibernate-core-6.6.22.Final.jar:6.6.22.Final]
	at org.hibernate.tool.schema.internal.SchemaCreatorImpl.performCreation(SchemaCreatorImpl.java:174) ~[hibernate-core-6.6.22.Final.jar:6.6.22.Final]
	at org.hibernate.tool.schema.internal.SchemaCreatorImpl.doCreation(SchemaCreatorImpl.java:144) ~[hibernate-core-6.6.22.Final.jar:6.6.22.Final]
	at org.hibernate.tool.schema.internal.SchemaCreatorImpl.doCreation(SchemaCreatorImpl.java:120) ~[hibernate-core-6.6.22.Final.jar:6.6.22.Final]
	at org.hibernate.tool.schema.spi.SchemaManagementToolCoordinator.performDatabaseAction(SchemaManagementToolCoordinator.java:250) ~[hibernate-core-6.6.22.Final.jar:6.6.22.Final]
	at org.hibernate.tool.schema.spi.SchemaManagementToolCoordinator.lambda$process$5(SchemaManagementToolCoordinator.java:144) ~[hibernate-core-6.6.22.Final.jar:6.6.22.Final]
	at java.base/java.util.HashMap.forEach(HashMap.java:1421) ~[na:na]
	at org.hibernate.tool.schema.spi.SchemaManagementToolCoordinator.process(SchemaManagementToolCoordinator.java:141) ~[hibernate-core-6.6.22.Final.jar:6.6.22.Final]
	at org.hibernate.boot.internal.SessionFactoryObserverForSchemaExport.sessionFactoryCreated(SessionFactoryObserverForSchemaExport.java:37) ~[hibernate-core-6.6.22.Final.jar:6.6.22.Final]
	at org.hibernate.internal.SessionFactoryObserverChain.sessionFactoryCreated(SessionFactoryObserverChain.java:35) ~[hibernate-core-6.6.22.Final.jar:6.6.22.Final]
	at org.hibernate.internal.SessionFactoryImpl.<init>(SessionFactoryImpl.java:324) ~[hibernate-core-6.6.22.Final.jar:6.6.22.Final]
	at org.hibernate.boot.internal.SessionFactoryBuilderImpl.build(SessionFactoryBuilderImpl.java:463) ~[hibernate-core-6.6.22.Final.jar:6.6.22.Final]
	at org.hibernate.jpa.boot.internal.EntityManagerFactoryBuilderImpl.build(EntityManagerFactoryBuilderImpl.java:1517) ~[hibernate-core-6.6.22.Final.jar:6.6.22.Final]
	at org.springframework.orm.jpa.vendor.SpringHibernateJpaPersistenceProvider.createContainerEntityManagerFactory(SpringHibernateJpaPersistenceProvider.java:66) ~[spring-orm-6.2.9.jar:6.2.9]
	at org.springframework.orm.jpa.LocalContainerEntityManagerFactoryBean.createNativeEntityManagerFactory(LocalContainerEntityManagerFactoryBean.java:390) ~[spring-orm-6.2.9.jar:6.2.9]
	at org.springframework.orm.jpa.AbstractEntityManagerFactoryBean.buildNativeEntityManagerFactory(AbstractEntityManagerFactoryBean.java:419) ~[spring-orm-6.2.9.jar:6.2.9]
	at org.springframework.orm.jpa.AbstractEntityManagerFactoryBean.afterPropertiesSet(AbstractEntityManagerFactoryBean.java:400) ~[spring-orm-6.2.9.jar:6.2.9]
	at org.springframework.orm.jpa.LocalContainerEntityManagerFactoryBean.afterPropertiesSet(LocalContainerEntityManagerFactoryBean.java:366) ~[spring-orm-6.2.9.jar:6.2.9]
	at org.springframework.beans.factory.support.AbstractAutowireCapableBeanFactory.invokeInitMethods(AbstractAutowireCapableBeanFactory.java:1873) ~[spring-beans-6.2.9.jar:6.2.9]
	at org.springframework.beans.factory.support.AbstractAutowireCapableBeanFactory.initializeBean(AbstractAutowireCapableBeanFactory.java:1822) ~[spring-beans-6.2.9.jar:6.2.9]
	at org.springframework.beans.factory.support.AbstractAutowireCapableBeanFactory.doCreateBean(AbstractAutowireCapableBeanFactory.java:607) ~[spring-beans-6.2.9.jar:6.2.9]
	at org.springframework.beans.factory.support.AbstractAutowireCapableBeanFactory.createBean(AbstractAutowireCapableBeanFactory.java:529) ~[spring-beans-6.2.9.jar:6.2.9]
	at org.springframework.beans.factory.support.AbstractBeanFactory.lambda$doGetBean$0(AbstractBeanFactory.java:339) ~[spring-beans-6.2.9.jar:6.2.9]
	at org.springframework.beans.factory.support.DefaultSingletonBeanRegistry.getSingleton(DefaultSingletonBeanRegistry.java:373) ~[spring-beans-6.2.9.jar:6.2.9]
	at org.springframework.beans.factory.support.AbstractBeanFactory.doGetBean(AbstractBeanFactory.java:337) ~[spring-beans-6.2.9.jar:6.2.9]
	at org.springframework.beans.factory.support.AbstractBeanFactory.getBean(AbstractBeanFactory.java:207) ~[spring-beans-6.2.9.jar:6.2.9]
	at org.springframework.context.support.AbstractApplicationContext.finishBeanFactoryInitialization(AbstractApplicationContext.java:970) ~[spring-context-6.2.9.jar:6.2.9]
	at org.springframework.context.support.AbstractApplicationContext.refresh(AbstractApplicationContext.java:627) ~[spring-context-6.2.9.jar:6.2.9]
	at org.springframework.boot.SpringApplication.refresh(SpringApplication.java:752) ~[spring-boot-3.4.8.jar:3.4.8]
	at org.springframework.boot.SpringApplication.refreshContext(SpringApplication.java:439) ~[spring-boot-3.4.8.jar:3.4.8]
	at org.springframework.boot.SpringApplication.run(SpringApplication.java:318) ~[spring-boot-3.4.8.jar:3.4.8]
	at org.springframework.boot.test.context.SpringBootContextLoader.lambda$loadContext$3(SpringBootContextLoader.java:144) ~[spring-boot-test-3.4.8.jar:3.4.8]
	at org.springframework.util.function.ThrowingSupplier.get(ThrowingSupplier.java:58) ~[spring-core-6.2.9.jar:6.2.9]
	at org.springframework.util.function.ThrowingSupplier.get(ThrowingSupplier.java:46) ~[spring-core-6.2.9.jar:6.2.9]
	at org.springframework.boot.SpringApplication.withHook(SpringApplication.java:1461) ~[spring-boot-3.4.8.jar:3.4.8]
	at org.springframework.boot.test.context.SpringBootContextLoader$ContextLoaderHook.run(SpringBootContextLoader.java:563) ~[spring-boot-test-3.4.8.jar:3.4.8]
	at org.springframework.boot.test.context.SpringBootContextLoader.loadContext(SpringBootContextLoader.java:144) ~[spring-boot-test-3.4.8.jar:3.4.8]
	at org.springframework.boot.test.context.SpringBootContextLoader.loadContext(SpringBootContextLoader.java:110) ~[spring-boot-test-3.4.8.jar:3.4.8]
	at org.springframework.test.context.cache.DefaultCacheAwareContextLoaderDelegate.loadContextInternal(DefaultCacheAwareContextLoaderDelegate.java:225) ~[spring-test-6.2.9.jar:6.2.9]
	at org.springframework.test.context.cache.DefaultCacheAwareContextLoaderDelegate.loadContext(DefaultCacheAwareContextLoaderDelegate.java:152) ~[spring-test-6.2.9.jar:6.2.9]
	at org.springframework.test.context.support.DefaultTestContext.getApplicationContext(DefaultTestContext.java:130) ~[spring-test-6.2.9.jar:6.2.9]
	at org.springframework.test.context.support.DependencyInjectionTestExecutionListener.injectDependencies(DependencyInjectionTestExecutionListener.java:155) ~[spring-test-6.2.9.jar:6.2.9]
	at org.springframework.test.context.support.DependencyInjectionTestExecutionListener.prepareTestInstance(DependencyInjectionTestExecutionListener.java:111) ~[spring-test-6.2.9.jar:6.2.9]
	at org.springframework.test.context.TestContextManager.prepareTestInstance(TestContextManager.java:260) ~[spring-test-6.2.9.jar:6.2.9]
	at org.springframework.test.context.junit.jupiter.SpringExtension.postProcessTestInstance(SpringExtension.java:159) ~[spring-test-6.2.9.jar:6.2.9]
	at org.junit.jupiter.engine.descriptor.ClassBasedTestDescriptor.lambda$invokeTestInstancePostProcessors$11(ClassBasedTestDescriptor.java:378) ~[junit-jupiter-engine-5.11.4.jar:5.11.4]
	at org.junit.jupiter.engine.descriptor.ClassBasedTestDescriptor.executeAndMaskThrowable(ClassBasedTestDescriptor.java:383) ~[junit-jupiter-engine-5.11.4.jar:5.11.4]
	at org.junit.jupiter.engine.descriptor.ClassBasedTestDescriptor.lambda$invokeTestInstancePostProcessors$12(ClassBasedTestDescriptor.java:378) ~[junit-jupiter-engine-5.11.4.jar:5.11.4]
	at java.base/java.util.stream.ForEachOps$ForEachOp$OfRef.accept(ForEachOps.java:183) ~[na:na]
	at java.base/java.util.stream.ReferencePipeline$3$1.accept(ReferencePipeline.java:197) ~[na:na]
	at java.base/java.util.stream.ReferencePipeline$2$1.accept(ReferencePipeline.java:179) ~[na:na]
	at java.base/java.util.stream.ReferencePipeline$3$1.accept(ReferencePipeline.java:197) ~[na:na]
	at java.base/java.util.ArrayList$ArrayListSpliterator.forEachRemaining(ArrayList.java:1625) ~[na:na]
	at java.base/java.util.stream.AbstractPipeline.copyInto(AbstractPipeline.java:509) ~[na:na]
	at java.base/java.util.stream.AbstractPipeline.wrapAndCopyInto(AbstractPipeline.java:499) ~[na:na]
	at java.base/java.util.stream.ForEachOps$ForEachOp.evaluateSequential(ForEachOps.java:150) ~[na:na]
	at java.base/java.util.stream.ForEachOps$ForEachOp$OfRef.evaluateSequential(ForEachOps.java:173) ~[na:na]
	at java.base/java.util.stream.AbstractPipeline.evaluate(AbstractPipeline.java:234) ~[na:na]
	at java.base/java.util.stream.ReferencePipeline.forEach(ReferencePipeline.java:596) ~[na:na]
	at org.junit.jupiter.engine.descriptor.ClassBasedTestDescriptor.invokeTestInstancePostProcessors(ClassBasedTestDescriptor.java:377) ~[junit-jupiter-engine-5.11.4.jar:5.11.4]
	at org.junit.jupiter.engine.descriptor.ClassBasedTestDescriptor.lambda$instantiateAndPostProcessTestInstance$7(ClassBasedTestDescriptor.java:290) ~[junit-jupiter-engine-5.11.4.jar:5.11.4]
	at org.junit.platform.engine.support.hierarchical.ThrowableCollector.execute(ThrowableCollector.java:73) ~[junit-platform-engine-1.11.4.jar:1.11.4]
	at org.junit.jupiter.engine.descriptor.ClassBasedTestDescriptor.instantiateAndPostProcessTestInstance(ClassBasedTestDescriptor.java:289) ~[junit-jupiter-engine-5.11.4.jar:5.11.4]
	at org.junit.jupiter.engine.descriptor.ClassBasedTestDescriptor.lambda$testInstancesProvider$5(ClassBasedTestDescriptor.java:279) ~[junit-jupiter-engine-5.11.4.jar:5.11.4]
	at java.base/java.util.Optional.orElseGet(Optional.java:364) ~[na:na]
	at org.junit.jupiter.engine.descriptor.ClassBasedTestDescriptor.lambda$testInstancesProvider$6(ClassBasedTestDescriptor.java:278) ~[junit-jupiter-engine-5.11.4.jar:5.11.4]
	at org.junit.jupiter.engine.execution.TestInstancesProvider.getTestInstances(TestInstancesProvider.java:31) ~[junit-jupiter-engine-5.11.4.jar:5.11.4]
	at org.junit.jupiter.engine.descriptor.TestMethodTestDescriptor.lambda$prepare$1(TestMethodTestDescriptor.java:105) ~[junit-jupiter-engine-5.11.4.jar:5.11.4]
	at org.junit.platform.engine.support.hierarchical.ThrowableCollector.execute(ThrowableCollector.java:73) ~[junit-platform-engine-1.11.4.jar:1.11.4]
	at org.junit.jupiter.engine.descriptor.TestMethodTestDescriptor.prepare(TestMethodTestDescriptor.java:104) ~[junit-jupiter-engine-5.11.4.jar:5.11.4]
	at org.junit.jupiter.engine.descriptor.TestMethodTestDescriptor.prepare(TestMethodTestDescriptor.java:68) ~[junit-jupiter-engine-5.11.4.jar:5.11.4]
	at org.junit.platform.engine.support.hierarchical.NodeTestTask.lambda$prepare$2(NodeTestTask.java:128) ~[junit-platform-engine-1.11.4.jar:1.11.4]
	at org.junit.platform.engine.support.hierarchical.ThrowableCollector.execute(ThrowableCollector.java:73) ~[junit-platform-engine-1.11.4.jar:1.11.4]
	at org.junit.platform.engine.support.hierarchical.NodeTestTask.prepare(NodeTestTask.java:128) ~[junit-platform-engine-1.11.4.jar:1.11.4]
	at org.junit.platform.engine.support.hierarchical.NodeTestTask.execute(NodeTestTask.java:95) ~[junit-platform-engine-1.11.4.jar:1.11.4]
	at java.base/java.util.ArrayList.forEach(ArrayList.java:1511) ~[na:na]
	at org.junit.platform.engine.support.hierarchical.SameThreadHierarchicalTestExecutorService.invokeAll(SameThreadHierarchicalTestExecutorService.java:41) ~[junit-platform-engine-1.11.4.jar:1.11.4]
	at org.junit.platform.engine.support.hierarchical.NodeTestTask.lambda$executeRecursively$6(NodeTestTask.java:160) ~[junit-platform-engine-1.11.4.jar:1.11.4]
	at org.junit.platform.engine.support.hierarchical.ThrowableCollector.execute(ThrowableCollector.java:73) ~[junit-platform-engine-1.11.4.jar:1.11.4]
	at org.junit.platform.engine.support.hierarchical.NodeTestTask.lambda$executeRecursively$8(NodeTestTask.java:146) ~[junit-platform-engine-1.11.4.jar:1.11.4]
	at org.junit.platform.engine.support.hierarchical.Node.around(Node.java:137) ~[junit-platform-engine-1.11.4.jar:1.11.4]
	at org.junit.platform.engine.support.hierarchical.NodeTestTask.lambda$executeRecursively$9(NodeTestTask.java:144) ~[junit-platform-engine-1.11.4.jar:1.11.4]
	at org.junit.platform.engine.support.hierarchical.ThrowableCollector.execute(ThrowableCollector.java:73) ~[junit-platform-engine-1.11.4.jar:1.11.4]
	at org.junit.platform.engine.support.hierarchical.NodeTestTask.executeRecursively(NodeTestTask.java:143) ~[junit-platform-engine-1.11.4.jar:1.11.4]
	at org.junit.platform.engine.support.hierarchical.NodeTestTask.execute(NodeTestTask.java:100) ~[junit-platform-engine-1.11.4.jar:1.11.4]
	at java.base/java.util.ArrayList.forEach(ArrayList.java:1511) ~[na:na]
	at org.junit.platform.engine.support.hierarchical.SameThreadHierarchicalTestExecutorService.invokeAll(SameThreadHierarchicalTestExecutorService.java:41) ~[junit-platform-engine-1.11.4.jar:1.11.4]
	at org.junit.platform.engine.support.hierarchical.NodeTestTask.lambda$executeRecursively$6(NodeTestTask.java:160) ~[junit-platform-engine-1.11.4.jar:1.11.4]
	at org.junit.platform.engine.support.hierarchical.ThrowableCollector.execute(ThrowableCollector.java:73) ~[junit-platform-engine-1.11.4.jar:1.11.4]
	at org.junit.platform.engine.support.hierarchical.NodeTestTask.lambda$executeRecursively$8(NodeTestTask.java:146) ~[junit-platform-engine-1.11.4.jar:1.11.4]
	at org.junit.platform.engine.support.hierarchical.Node.around(Node.java:137) ~[junit-platform-engine-1.11.4.jar:1.11.4]
	at org.junit.platform.engine.support.hierarchical.NodeTestTask.lambda$executeRecursively$9(NodeTestTask.java:144) ~[junit-platform-engine-1.11.4.jar:1.11.4]
	at org.junit.platform.engine.support.hierarchical.ThrowableCollector.execute(ThrowableCollector.java:73) ~[junit-platform-engine-1.11.4.jar:1.11.4]
	at org.junit.platform.engine.support.hierarchical.NodeTestTask.executeRecursively(NodeTestTask.java:143) ~[junit-platform-engine-1.11.4.jar:1.11.4]
	at org.junit.platform.engine.support.hierarchical.NodeTestTask.execute(NodeTestTask.java:100) ~[junit-platform-engine-1.11.4.jar:1.11.4]
	at org.junit.platform.engine.support.hierarchical.SameThreadHierarchicalTestExecutorService.submit(SameThreadHierarchicalTestExecutorService.java:35) ~[junit-platform-engine-1.11.4.jar:1.11.4]
	at org.junit.platform.engine.support.hierarchical.HierarchicalTestExecutor.execute(HierarchicalTestExecutor.java:57) ~[junit-platform-engine-1.11.4.jar:1.11.4]
	at org.junit.platform.engine.support.hierarchical.HierarchicalTestEngine.execute(HierarchicalTestEngine.java:54) ~[junit-platform-engine-1.11.4.jar:1.11.4]
	at org.junit.platform.launcher.core.EngineExecutionOrchestrator.execute(EngineExecutionOrchestrator.java:198) ~[junit-platform-launcher-1.11.4.jar:1.11.4]
	at org.junit.platform.launcher.core.EngineExecutionOrchestrator.execute(EngineExecutionOrchestrator.java:169) ~[junit-platform-launcher-1.11.4.jar:1.11.4]
	at org.junit.platform.launcher.core.EngineExecutionOrchestrator.execute(EngineExecutionOrchestrator.java:93) ~[junit-platform-launcher-1.11.4.jar:1.11.4]
	at org.junit.platform.launcher.core.EngineExecutionOrchestrator.lambda$execute$0(EngineExecutionOrchestrator.java:58) ~[junit-platform-launcher-1.11.4.jar:1.11.4]
	at org.junit.platform.launcher.core.EngineExecutionOrchestrator.withInterceptedStreams(EngineExecutionOrchestrator.java:141) ~[junit-platform-launcher-1.11.4.jar:1.11.4]
	at org.junit.platform.launcher.core.EngineExecutionOrchestrator.execute(EngineExecutionOrchestrator.java:57) ~[junit-platform-launcher-1.11.4.jar:1.11.4]
	at org.junit.platform.launcher.core.DefaultLauncher.execute(DefaultLauncher.java:103) ~[junit-platform-launcher-1.11.4.jar:1.11.4]
	at org.junit.platform.launcher.core.DefaultLauncher.execute(DefaultLauncher.java:85) ~[junit-platform-launcher-1.11.4.jar:1.11.4]
	at org.junit.platform.launcher.core.DelegatingLauncher.execute(DelegatingLauncher.java:47) ~[junit-platform-launcher-1.11.4.jar:1.11.4]
	at org.junit.platform.launcher.core.SessionPerRequestLauncher.execute(SessionPerRequestLauncher.java:63) ~[junit-platform-launcher-1.11.4.jar:1.11.4]
	at com.intellij.junit5.JUnit5IdeaTestRunner.startRunnerWithArgs(JUnit5IdeaTestRunner.java:66) ~[junit5-rt.jar:na]
	at com.intellij.rt.junit.IdeaTestRunner$Repeater$1.execute(IdeaTestRunner.java:38) ~[junit-rt.jar:na]
	at com.intellij.rt.execution.junit.TestsRepeater.repeat(TestsRepeater.java:11) ~[idea_rt.jar:na]
	at com.intellij.rt.junit.IdeaTestRunner$Repeater.startRunnerWithArgs(IdeaTestRunner.java:35) ~[junit-rt.jar:na]
	at com.intellij.rt.junit.JUnitStarter.prepareStreamsAndStart(JUnitStarter.java:231) ~[junit-rt.jar:na]
	at com.intellij.rt.junit.JUnitStarter.main(JUnitStarter.java:55) ~[junit-rt.jar:na]
Caused by: org.h2.jdbc.JdbcSQLSyntaxErrorException: Table "BOOK_DETAILS" not found; SQL statement:
alter table book_details add constraint UKcj1y16bigff5oyvo049gj8vsi unique (book_id) [42102-232]
	at org.h2.message.DbException.getJdbcSQLException(DbException.java:514) ~[h2-2.3.232.jar:2.3.232]
	at org.h2.message.DbException.getJdbcSQLException(DbException.java:489) ~[h2-2.3.232.jar:2.3.232]
	at org.h2.message.DbException.get(DbException.java:223) ~[h2-2.3.232.jar:2.3.232]
	at org.h2.message.DbException.get(DbException.java:199) ~[h2-2.3.232.jar:2.3.232]
	at org.h2.command.ddl.AlterTable.update(AlterTable.java:43) ~[h2-2.3.232.jar:2.3.232]
	at org.h2.command.CommandContainer.update(CommandContainer.java:139) ~[h2-2.3.232.jar:2.3.232]
	at org.h2.command.Command.executeUpdate(Command.java:304) ~[h2-2.3.232.jar:2.3.232]
	at org.h2.command.Command.executeUpdate(Command.java:248) ~[h2-2.3.232.jar:2.3.232]
	at org.h2.jdbc.JdbcStatement.executeInternal(JdbcStatement.java:262) ~[h2-2.3.232.jar:2.3.232]
	at org.h2.jdbc.JdbcStatement.execute(JdbcStatement.java:231) ~[h2-2.3.232.jar:2.3.232]
	at org.hibernate.tool.schema.internal.exec.GenerationTargetToDatabase.accept(GenerationTargetToDatabase.java:80) ~[hibernate-core-6.6.22.Final.jar:6.6.22.Final]
	... 118 common frames omitted

2025-08-26T22:18:49.267+09:00  WARN 20776 --- [MySpringBootLab] [main] o.h.t.s.i.ExceptionHandlerLoggedImpl     : GenerationTarget encountered exception accepting command : Error executing DDL "alter table books add constraint UKkibbepcitr0a3cpk3rfr7nihn unique (isbn)" via JDBC [Table "BOOKS" not found;]

org.hibernate.tool.schema.spi.CommandAcceptanceException: Error executing DDL "alter table books add constraint UKkibbepcitr0a3cpk3rfr7nihn unique (isbn)" via JDBC [Table "BOOKS" not found;]
	at org.hibernate.tool.schema.internal.exec.GenerationTargetToDatabase.accept(GenerationTargetToDatabase.java:94) ~[hibernate-core-6.6.22.Final.jar:6.6.22.Final]
	at org.hibernate.tool.schema.internal.Helper.applySqlString(Helper.java:233) ~[hibernate-core-6.6.22.Final.jar:6.6.22.Final]
	at org.hibernate.tool.schema.internal.Helper.applySqlStrings(Helper.java:217) ~[hibernate-core-6.6.22.Final.jar:6.6.22.Final]
	at org.hibernate.tool.schema.internal.SchemaCreatorImpl.createTableConstraints(SchemaCreatorImpl.java:402) ~[hibernate-core-6.6.22.Final.jar:6.6.22.Final]
	at org.hibernate.tool.schema.internal.SchemaCreatorImpl.createSequencesTablesConstraints(SchemaCreatorImpl.java:358) ~[hibernate-core-6.6.22.Final.jar:6.6.22.Final]
	at org.hibernate.tool.schema.internal.SchemaCreatorImpl.createFromMetadata(SchemaCreatorImpl.java:241) ~[hibernate-core-6.6.22.Final.jar:6.6.22.Final]
	at org.hibernate.tool.schema.internal.SchemaCreatorImpl.performCreation(SchemaCreatorImpl.java:174) ~[hibernate-core-6.6.22.Final.jar:6.6.22.Final]
	at org.hibernate.tool.schema.internal.SchemaCreatorImpl.doCreation(SchemaCreatorImpl.java:144) ~[hibernate-core-6.6.22.Final.jar:6.6.22.Final]
	at org.hibernate.tool.schema.internal.SchemaCreatorImpl.doCreation(SchemaCreatorImpl.java:120) ~[hibernate-core-6.6.22.Final.jar:6.6.22.Final]
	at org.hibernate.tool.schema.spi.SchemaManagementToolCoordinator.performDatabaseAction(SchemaManagementToolCoordinator.java:250) ~[hibernate-core-6.6.22.Final.jar:6.6.22.Final]
	at org.hibernate.tool.schema.spi.SchemaManagementToolCoordinator.lambda$process$5(SchemaManagementToolCoordinator.java:144) ~[hibernate-core-6.6.22.Final.jar:6.6.22.Final]
	at java.base/java.util.HashMap.forEach(HashMap.java:1421) ~[na:na]
	at org.hibernate.tool.schema.spi.SchemaManagementToolCoordinator.process(SchemaManagementToolCoordinator.java:141) ~[hibernate-core-6.6.22.Final.jar:6.6.22.Final]
	at org.hibernate.boot.internal.SessionFactoryObserverForSchemaExport.sessionFactoryCreated(SessionFactoryObserverForSchemaExport.java:37) ~[hibernate-core-6.6.22.Final.jar:6.6.22.Final]
	at org.hibernate.internal.SessionFactoryObserverChain.sessionFactoryCreated(SessionFactoryObserverChain.java:35) ~[hibernate-core-6.6.22.Final.jar:6.6.22.Final]
	at org.hibernate.internal.SessionFactoryImpl.<init>(SessionFactoryImpl.java:324) ~[hibernate-core-6.6.22.Final.jar:6.6.22.Final]
	at org.hibernate.boot.internal.SessionFactoryBuilderImpl.build(SessionFactoryBuilderImpl.java:463) ~[hibernate-core-6.6.22.Final.jar:6.6.22.Final]
	at org.hibernate.jpa.boot.internal.EntityManagerFactoryBuilderImpl.build(EntityManagerFactoryBuilderImpl.java:1517) ~[hibernate-core-6.6.22.Final.jar:6.6.22.Final]
	at org.springframework.orm.jpa.vendor.SpringHibernateJpaPersistenceProvider.createContainerEntityManagerFactory(SpringHibernateJpaPersistenceProvider.java:66) ~[spring-orm-6.2.9.jar:6.2.9]
	at org.springframework.orm.jpa.LocalContainerEntityManagerFactoryBean.createNativeEntityManagerFactory(LocalContainerEntityManagerFactoryBean.java:390) ~[spring-orm-6.2.9.jar:6.2.9]
	at org.springframework.orm.jpa.AbstractEntityManagerFactoryBean.buildNativeEntityManagerFactory(AbstractEntityManagerFactoryBean.java:419) ~[spring-orm-6.2.9.jar:6.2.9]
	at org.springframework.orm.jpa.AbstractEntityManagerFactoryBean.afterPropertiesSet(AbstractEntityManagerFactoryBean.java:400) ~[spring-orm-6.2.9.jar:6.2.9]
	at org.springframework.orm.jpa.LocalContainerEntityManagerFactoryBean.afterPropertiesSet(LocalContainerEntityManagerFactoryBean.java:366) ~[spring-orm-6.2.9.jar:6.2.9]
	at org.springframework.beans.factory.support.AbstractAutowireCapableBeanFactory.invokeInitMethods(AbstractAutowireCapableBeanFactory.java:1873) ~[spring-beans-6.2.9.jar:6.2.9]
	at org.springframework.beans.factory.support.AbstractAutowireCapableBeanFactory.initializeBean(AbstractAutowireCapableBeanFactory.java:1822) ~[spring-beans-6.2.9.jar:6.2.9]
	at org.springframework.beans.factory.support.AbstractAutowireCapableBeanFactory.doCreateBean(AbstractAutowireCapableBeanFactory.java:607) ~[spring-beans-6.2.9.jar:6.2.9]
	at org.springframework.beans.factory.support.AbstractAutowireCapableBeanFactory.createBean(AbstractAutowireCapableBeanFactory.java:529) ~[spring-beans-6.2.9.jar:6.2.9]
	at org.springframework.beans.factory.support.AbstractBeanFactory.lambda$doGetBean$0(AbstractBeanFactory.java:339) ~[spring-beans-6.2.9.jar:6.2.9]
	at org.springframework.beans.factory.support.DefaultSingletonBeanRegistry.getSingleton(DefaultSingletonBeanRegistry.java:373) ~[spring-beans-6.2.9.jar:6.2.9]
	at org.springframework.beans.factory.support.AbstractBeanFactory.doGetBean(AbstractBeanFactory.java:337) ~[spring-beans-6.2.9.jar:6.2.9]
	at org.springframework.beans.factory.support.AbstractBeanFactory.getBean(AbstractBeanFactory.java:207) ~[spring-beans-6.2.9.jar:6.2.9]
	at org.springframework.context.support.AbstractApplicationContext.finishBeanFactoryInitialization(AbstractApplicationContext.java:970) ~[spring-context-6.2.9.jar:6.2.9]
	at org.springframework.context.support.AbstractApplicationContext.refresh(AbstractApplicationContext.java:627) ~[spring-context-6.2.9.jar:6.2.9]
	at org.springframework.boot.SpringApplication.refresh(SpringApplication.java:752) ~[spring-boot-3.4.8.jar:3.4.8]
	at org.springframework.boot.SpringApplication.refreshContext(SpringApplication.java:439) ~[spring-boot-3.4.8.jar:3.4.8]
	at org.springframework.boot.SpringApplication.run(SpringApplication.java:318) ~[spring-boot-3.4.8.jar:3.4.8]
	at org.springframework.boot.test.context.SpringBootContextLoader.lambda$loadContext$3(SpringBootContextLoader.java:144) ~[spring-boot-test-3.4.8.jar:3.4.8]
	at org.springframework.util.function.ThrowingSupplier.get(ThrowingSupplier.java:58) ~[spring-core-6.2.9.jar:6.2.9]
	at org.springframework.util.function.ThrowingSupplier.get(ThrowingSupplier.java:46) ~[spring-core-6.2.9.jar:6.2.9]
	at org.springframework.boot.SpringApplication.withHook(SpringApplication.java:1461) ~[spring-boot-3.4.8.jar:3.4.8]
	at org.springframework.boot.test.context.SpringBootContextLoader$ContextLoaderHook.run(SpringBootContextLoader.java:563) ~[spring-boot-test-3.4.8.jar:3.4.8]
	at org.springframework.boot.test.context.SpringBootContextLoader.loadContext(SpringBootContextLoader.java:144) ~[spring-boot-test-3.4.8.jar:3.4.8]
	at org.springframework.boot.test.context.SpringBootContextLoader.loadContext(SpringBootContextLoader.java:110) ~[spring-boot-test-3.4.8.jar:3.4.8]
	at org.springframework.test.context.cache.DefaultCacheAwareContextLoaderDelegate.loadContextInternal(DefaultCacheAwareContextLoaderDelegate.java:225) ~[spring-test-6.2.9.jar:6.2.9]
	at org.springframework.test.context.cache.DefaultCacheAwareContextLoaderDelegate.loadContext(DefaultCacheAwareContextLoaderDelegate.java:152) ~[spring-test-6.2.9.jar:6.2.9]
	at org.springframework.test.context.support.DefaultTestContext.getApplicationContext(DefaultTestContext.java:130) ~[spring-test-6.2.9.jar:6.2.9]
	at org.springframework.test.context.support.DependencyInjectionTestExecutionListener.injectDependencies(DependencyInjectionTestExecutionListener.java:155) ~[spring-test-6.2.9.jar:6.2.9]
	at org.springframework.test.context.support.DependencyInjectionTestExecutionListener.prepareTestInstance(DependencyInjectionTestExecutionListener.java:111) ~[spring-test-6.2.9.jar:6.2.9]
	at org.springframework.test.context.TestContextManager.prepareTestInstance(TestContextManager.java:260) ~[spring-test-6.2.9.jar:6.2.9]
	at org.springframework.test.context.junit.jupiter.SpringExtension.postProcessTestInstance(SpringExtension.java:159) ~[spring-test-6.2.9.jar:6.2.9]
	at org.junit.jupiter.engine.descriptor.ClassBasedTestDescriptor.lambda$invokeTestInstancePostProcessors$11(ClassBasedTestDescriptor.java:378) ~[junit-jupiter-engine-5.11.4.jar:5.11.4]
	at org.junit.jupiter.engine.descriptor.ClassBasedTestDescriptor.executeAndMaskThrowable(ClassBasedTestDescriptor.java:383) ~[junit-jupiter-engine-5.11.4.jar:5.11.4]
	at org.junit.jupiter.engine.descriptor.ClassBasedTestDescriptor.lambda$invokeTestInstancePostProcessors$12(ClassBasedTestDescriptor.java:378) ~[junit-jupiter-engine-5.11.4.jar:5.11.4]
	at java.base/java.util.stream.ForEachOps$ForEachOp$OfRef.accept(ForEachOps.java:183) ~[na:na]
	at java.base/java.util.stream.ReferencePipeline$3$1.accept(ReferencePipeline.java:197) ~[na:na]
	at java.base/java.util.stream.ReferencePipeline$2$1.accept(ReferencePipeline.java:179) ~[na:na]
	at java.base/java.util.stream.ReferencePipeline$3$1.accept(ReferencePipeline.java:197) ~[na:na]
	at java.base/java.util.ArrayList$ArrayListSpliterator.forEachRemaining(ArrayList.java:1625) ~[na:na]
	at java.base/java.util.stream.AbstractPipeline.copyInto(AbstractPipeline.java:509) ~[na:na]
	at java.base/java.util.stream.AbstractPipeline.wrapAndCopyInto(AbstractPipeline.java:499) ~[na:na]
	at java.base/java.util.stream.ForEachOps$ForEachOp.evaluateSequential(ForEachOps.java:150) ~[na:na]
	at java.base/java.util.stream.ForEachOps$ForEachOp$OfRef.evaluateSequential(ForEachOps.java:173) ~[na:na]
	at java.base/java.util.stream.AbstractPipeline.evaluate(AbstractPipeline.java:234) ~[na:na]
	at java.base/java.util.stream.ReferencePipeline.forEach(ReferencePipeline.java:596) ~[na:na]
	at org.junit.jupiter.engine.descriptor.ClassBasedTestDescriptor.invokeTestInstancePostProcessors(ClassBasedTestDescriptor.java:377) ~[junit-jupiter-engine-5.11.4.jar:5.11.4]
	at org.junit.jupiter.engine.descriptor.ClassBasedTestDescriptor.lambda$instantiateAndPostProcessTestInstance$7(ClassBasedTestDescriptor.java:290) ~[junit-jupiter-engine-5.11.4.jar:5.11.4]
	at org.junit.platform.engine.support.hierarchical.ThrowableCollector.execute(ThrowableCollector.java:73) ~[junit-platform-engine-1.11.4.jar:1.11.4]
	at org.junit.jupiter.engine.descriptor.ClassBasedTestDescriptor.instantiateAndPostProcessTestInstance(ClassBasedTestDescriptor.java:289) ~[junit-jupiter-engine-5.11.4.jar:5.11.4]
	at org.junit.jupiter.engine.descriptor.ClassBasedTestDescriptor.lambda$testInstancesProvider$5(ClassBasedTestDescriptor.java:279) ~[junit-jupiter-engine-5.11.4.jar:5.11.4]
	at java.base/java.util.Optional.orElseGet(Optional.java:364) ~[na:na]
	at org.junit.jupiter.engine.descriptor.ClassBasedTestDescriptor.lambda$testInstancesProvider$6(ClassBasedTestDescriptor.java:278) ~[junit-jupiter-engine-5.11.4.jar:5.11.4]
	at org.junit.jupiter.engine.execution.TestInstancesProvider.getTestInstances(TestInstancesProvider.java:31) ~[junit-jupiter-engine-5.11.4.jar:5.11.4]
	at org.junit.jupiter.engine.descriptor.TestMethodTestDescriptor.lambda$prepare$1(TestMethodTestDescriptor.java:105) ~[junit-jupiter-engine-5.11.4.jar:5.11.4]
	at org.junit.platform.engine.support.hierarchical.ThrowableCollector.execute(ThrowableCollector.java:73) ~[junit-platform-engine-1.11.4.jar:1.11.4]
	at org.junit.jupiter.engine.descriptor.TestMethodTestDescriptor.prepare(TestMethodTestDescriptor.java:104) ~[junit-jupiter-engine-5.11.4.jar:5.11.4]
	at org.junit.jupiter.engine.descriptor.TestMethodTestDescriptor.prepare(TestMethodTestDescriptor.java:68) ~[junit-jupiter-engine-5.11.4.jar:5.11.4]
	at org.junit.platform.engine.support.hierarchical.NodeTestTask.lambda$prepare$2(NodeTestTask.java:128) ~[junit-platform-engine-1.11.4.jar:1.11.4]
	at org.junit.platform.engine.support.hierarchical.ThrowableCollector.execute(ThrowableCollector.java:73) ~[junit-platform-engine-1.11.4.jar:1.11.4]
	at org.junit.platform.engine.support.hierarchical.NodeTestTask.prepare(NodeTestTask.java:128) ~[junit-platform-engine-1.11.4.jar:1.11.4]
	at org.junit.platform.engine.support.hierarchical.NodeTestTask.execute(NodeTestTask.java:95) ~[junit-platform-engine-1.11.4.jar:1.11.4]
	at java.base/java.util.ArrayList.forEach(ArrayList.java:1511) ~[na:na]
	at org.junit.platform.engine.support.hierarchical.SameThreadHierarchicalTestExecutorService.invokeAll(SameThreadHierarchicalTestExecutorService.java:41) ~[junit-platform-engine-1.11.4.jar:1.11.4]
	at org.junit.platform.engine.support.hierarchical.NodeTestTask.lambda$executeRecursively$6(NodeTestTask.java:160) ~[junit-platform-engine-1.11.4.jar:1.11.4]
	at org.junit.platform.engine.support.hierarchical.ThrowableCollector.execute(ThrowableCollector.java:73) ~[junit-platform-engine-1.11.4.jar:1.11.4]
	at org.junit.platform.engine.support.hierarchical.NodeTestTask.lambda$executeRecursively$8(NodeTestTask.java:146) ~[junit-platform-engine-1.11.4.jar:1.11.4]
	at org.junit.platform.engine.support.hierarchical.Node.around(Node.java:137) ~[junit-platform-engine-1.11.4.jar:1.11.4]
	at org.junit.platform.engine.support.hierarchical.NodeTestTask.lambda$executeRecursively$9(NodeTestTask.java:144) ~[junit-platform-engine-1.11.4.jar:1.11.4]
	at org.junit.platform.engine.support.hierarchical.ThrowableCollector.execute(ThrowableCollector.java:73) ~[junit-platform-engine-1.11.4.jar:1.11.4]
	at org.junit.platform.engine.support.hierarchical.NodeTestTask.executeRecursively(NodeTestTask.java:143) ~[junit-platform-engine-1.11.4.jar:1.11.4]
	at org.junit.platform.engine.support.hierarchical.NodeTestTask.execute(NodeTestTask.java:100) ~[junit-platform-engine-1.11.4.jar:1.11.4]
	at java.base/java.util.ArrayList.forEach(ArrayList.java:1511) ~[na:na]
	at org.junit.platform.engine.support.hierarchical.SameThreadHierarchicalTestExecutorService.invokeAll(SameThreadHierarchicalTestExecutorService.java:41) ~[junit-platform-engine-1.11.4.jar:1.11.4]
	at org.junit.platform.engine.support.hierarchical.NodeTestTask.lambda$executeRecursively$6(NodeTestTask.java:160) ~[junit-platform-engine-1.11.4.jar:1.11.4]
	at org.junit.platform.engine.support.hierarchical.ThrowableCollector.execute(ThrowableCollector.java:73) ~[junit-platform-engine-1.11.4.jar:1.11.4]
	at org.junit.platform.engine.support.hierarchical.NodeTestTask.lambda$executeRecursively$8(NodeTestTask.java:146) ~[junit-platform-engine-1.11.4.jar:1.11.4]
	at org.junit.platform.engine.support.hierarchical.Node.around(Node.java:137) ~[junit-platform-engine-1.11.4.jar:1.11.4]
	at org.junit.platform.engine.support.hierarchical.NodeTestTask.lambda$executeRecursively$9(NodeTestTask.java:144) ~[junit-platform-engine-1.11.4.jar:1.11.4]
	at org.junit.platform.engine.support.hierarchical.ThrowableCollector.execute(ThrowableCollector.java:73) ~[junit-platform-engine-1.11.4.jar:1.11.4]
	at org.junit.platform.engine.support.hierarchical.NodeTestTask.executeRecursively(NodeTestTask.java:143) ~[junit-platform-engine-1.11.4.jar:1.11.4]
	at org.junit.platform.engine.support.hierarchical.NodeTestTask.execute(NodeTestTask.java:100) ~[junit-platform-engine-1.11.4.jar:1.11.4]
	at org.junit.platform.engine.support.hierarchical.SameThreadHierarchicalTestExecutorService.submit(SameThreadHierarchicalTestExecutorService.java:35) ~[junit-platform-engine-1.11.4.jar:1.11.4]
	at org.junit.platform.engine.support.hierarchical.HierarchicalTestExecutor.execute(HierarchicalTestExecutor.java:57) ~[junit-platform-engine-1.11.4.jar:1.11.4]
	at org.junit.platform.engine.support.hierarchical.HierarchicalTestEngine.execute(HierarchicalTestEngine.java:54) ~[junit-platform-engine-1.11.4.jar:1.11.4]
	at org.junit.platform.launcher.core.EngineExecutionOrchestrator.execute(EngineExecutionOrchestrator.java:198) ~[junit-platform-launcher-1.11.4.jar:1.11.4]
	at org.junit.platform.launcher.core.EngineExecutionOrchestrator.execute(EngineExecutionOrchestrator.java:169) ~[junit-platform-launcher-1.11.4.jar:1.11.4]
	at org.junit.platform.launcher.core.EngineExecutionOrchestrator.execute(EngineExecutionOrchestrator.java:93) ~[junit-platform-launcher-1.11.4.jar:1.11.4]
	at org.junit.platform.launcher.core.EngineExecutionOrchestrator.lambda$execute$0(EngineExecutionOrchestrator.java:58) ~[junit-platform-launcher-1.11.4.jar:1.11.4]
	at org.junit.platform.launcher.core.EngineExecutionOrchestrator.withInterceptedStreams(EngineExecutionOrchestrator.java:141) ~[junit-platform-launcher-1.11.4.jar:1.11.4]
	at org.junit.platform.launcher.core.EngineExecutionOrchestrator.execute(EngineExecutionOrchestrator.java:57) ~[junit-platform-launcher-1.11.4.jar:1.11.4]
	at org.junit.platform.launcher.core.DefaultLauncher.execute(DefaultLauncher.java:103) ~[junit-platform-launcher-1.11.4.jar:1.11.4]
	at org.junit.platform.launcher.core.DefaultLauncher.execute(DefaultLauncher.java:85) ~[junit-platform-launcher-1.11.4.jar:1.11.4]
	at org.junit.platform.launcher.core.DelegatingLauncher.execute(DelegatingLauncher.java:47) ~[junit-platform-launcher-1.11.4.jar:1.11.4]
	at org.junit.platform.launcher.core.SessionPerRequestLauncher.execute(SessionPerRequestLauncher.java:63) ~[junit-platform-launcher-1.11.4.jar:1.11.4]
	at com.intellij.junit5.JUnit5IdeaTestRunner.startRunnerWithArgs(JUnit5IdeaTestRunner.java:66) ~[junit5-rt.jar:na]
	at com.intellij.rt.junit.IdeaTestRunner$Repeater$1.execute(IdeaTestRunner.java:38) ~[junit-rt.jar:na]
	at com.intellij.rt.execution.junit.TestsRepeater.repeat(TestsRepeater.java:11) ~[idea_rt.jar:na]
	at com.intellij.rt.junit.IdeaTestRunner$Repeater.startRunnerWithArgs(IdeaTestRunner.java:35) ~[junit-rt.jar:na]
	at com.intellij.rt.junit.JUnitStarter.prepareStreamsAndStart(JUnitStarter.java:231) ~[junit-rt.jar:na]
	at com.intellij.rt.junit.JUnitStarter.main(JUnitStarter.java:55) ~[junit-rt.jar:na]
Caused by: org.h2.jdbc.JdbcSQLSyntaxErrorException: Table "BOOKS" not found; SQL statement:
alter table books add constraint UKkibbepcitr0a3cpk3rfr7nihn unique (isbn) [42102-232]
	at org.h2.message.DbException.getJdbcSQLException(DbException.java:514) ~[h2-2.3.232.jar:2.3.232]
	at org.h2.message.DbException.getJdbcSQLException(DbException.java:489) ~[h2-2.3.232.jar:2.3.232]
	at org.h2.message.DbException.get(DbException.java:223) ~[h2-2.3.232.jar:2.3.232]
	at org.h2.message.DbException.get(DbException.java:199) ~[h2-2.3.232.jar:2.3.232]
	at org.h2.command.ddl.AlterTable.update(AlterTable.java:43) ~[h2-2.3.232.jar:2.3.232]
	at org.h2.command.CommandContainer.update(CommandContainer.java:139) ~[h2-2.3.232.jar:2.3.232]
	at org.h2.command.Command.executeUpdate(Command.java:304) ~[h2-2.3.232.jar:2.3.232]
	at org.h2.command.Command.executeUpdate(Command.java:248) ~[h2-2.3.232.jar:2.3.232]
	at org.h2.jdbc.JdbcStatement.executeInternal(JdbcStatement.java:262) ~[h2-2.3.232.jar:2.3.232]
	at org.h2.jdbc.JdbcStatement.execute(JdbcStatement.java:231) ~[h2-2.3.232.jar:2.3.232]
	at org.hibernate.tool.schema.internal.exec.GenerationTargetToDatabase.accept(GenerationTargetToDatabase.java:80) ~[hibernate-core-6.6.22.Final.jar:6.6.22.Final]
	... 118 common frames omitted

2025-08-26T22:18:49.267+09:00  WARN 20776 --- [MySpringBootLab] [main] o.h.t.s.i.ExceptionHandlerLoggedImpl     : GenerationTarget encountered exception accepting command : Error executing DDL "alter table book_details add constraint FKoa7sqrtgxwg066s9521udtvpv foreign key (book_id) references books (id)" via JDBC [Table "BOOK_DETAILS" not found;]

org.hibernate.tool.schema.spi.CommandAcceptanceException: Error executing DDL "alter table book_details add constraint FKoa7sqrtgxwg066s9521udtvpv foreign key (book_id) references books (id)" via JDBC [Table "BOOK_DETAILS" not found;]
	at org.hibernate.tool.schema.internal.exec.GenerationTargetToDatabase.accept(GenerationTargetToDatabase.java:94) ~[hibernate-core-6.6.22.Final.jar:6.6.22.Final]
	at org.hibernate.tool.schema.internal.Helper.applySqlString(Helper.java:233) ~[hibernate-core-6.6.22.Final.jar:6.6.22.Final]
	at org.hibernate.tool.schema.internal.Helper.applySqlStrings(Helper.java:217) ~[hibernate-core-6.6.22.Final.jar:6.6.22.Final]
	at org.hibernate.tool.schema.internal.SchemaCreatorImpl.createForeignKeys(SchemaCreatorImpl.java:307) ~[hibernate-core-6.6.22.Final.jar:6.6.22.Final]
	at org.hibernate.tool.schema.internal.SchemaCreatorImpl.createFromMetadata(SchemaCreatorImpl.java:253) ~[hibernate-core-6.6.22.Final.jar:6.6.22.Final]
	at org.hibernate.tool.schema.internal.SchemaCreatorImpl.performCreation(SchemaCreatorImpl.java:174) ~[hibernate-core-6.6.22.Final.jar:6.6.22.Final]
	at org.hibernate.tool.schema.internal.SchemaCreatorImpl.doCreation(SchemaCreatorImpl.java:144) ~[hibernate-core-6.6.22.Final.jar:6.6.22.Final]
	at org.hibernate.tool.schema.internal.SchemaCreatorImpl.doCreation(SchemaCreatorImpl.java:120) ~[hibernate-core-6.6.22.Final.jar:6.6.22.Final]
	at org.hibernate.tool.schema.spi.SchemaManagementToolCoordinator.performDatabaseAction(SchemaManagementToolCoordinator.java:250) ~[hibernate-core-6.6.22.Final.jar:6.6.22.Final]
	at org.hibernate.tool.schema.spi.SchemaManagementToolCoordinator.lambda$process$5(SchemaManagementToolCoordinator.java:144) ~[hibernate-core-6.6.22.Final.jar:6.6.22.Final]
	at java.base/java.util.HashMap.forEach(HashMap.java:1421) ~[na:na]
	at org.hibernate.tool.schema.spi.SchemaManagementToolCoordinator.process(SchemaManagementToolCoordinator.java:141) ~[hibernate-core-6.6.22.Final.jar:6.6.22.Final]
	at org.hibernate.boot.internal.SessionFactoryObserverForSchemaExport.sessionFactoryCreated(SessionFactoryObserverForSchemaExport.java:37) ~[hibernate-core-6.6.22.Final.jar:6.6.22.Final]
	at org.hibernate.internal.SessionFactoryObserverChain.sessionFactoryCreated(SessionFactoryObserverChain.java:35) ~[hibernate-core-6.6.22.Final.jar:6.6.22.Final]
	at org.hibernate.internal.SessionFactoryImpl.<init>(SessionFactoryImpl.java:324) ~[hibernate-core-6.6.22.Final.jar:6.6.22.Final]
	at org.hibernate.boot.internal.SessionFactoryBuilderImpl.build(SessionFactoryBuilderImpl.java:463) ~[hibernate-core-6.6.22.Final.jar:6.6.22.Final]
	at org.hibernate.jpa.boot.internal.EntityManagerFactoryBuilderImpl.build(EntityManagerFactoryBuilderImpl.java:1517) ~[hibernate-core-6.6.22.Final.jar:6.6.22.Final]
	at org.springframework.orm.jpa.vendor.SpringHibernateJpaPersistenceProvider.createContainerEntityManagerFactory(SpringHibernateJpaPersistenceProvider.java:66) ~[spring-orm-6.2.9.jar:6.2.9]
	at org.springframework.orm.jpa.LocalContainerEntityManagerFactoryBean.createNativeEntityManagerFactory(LocalContainerEntityManagerFactoryBean.java:390) ~[spring-orm-6.2.9.jar:6.2.9]
	at org.springframework.orm.jpa.AbstractEntityManagerFactoryBean.buildNativeEntityManagerFactory(AbstractEntityManagerFactoryBean.java:419) ~[spring-orm-6.2.9.jar:6.2.9]
	at org.springframework.orm.jpa.AbstractEntityManagerFactoryBean.afterPropertiesSet(AbstractEntityManagerFactoryBean.java:400) ~[spring-orm-6.2.9.jar:6.2.9]
	at org.springframework.orm.jpa.LocalContainerEntityManagerFactoryBean.afterPropertiesSet(LocalContainerEntityManagerFactoryBean.java:366) ~[spring-orm-6.2.9.jar:6.2.9]
	at org.springframework.beans.factory.support.AbstractAutowireCapableBeanFactory.invokeInitMethods(AbstractAutowireCapableBeanFactory.java:1873) ~[spring-beans-6.2.9.jar:6.2.9]
	at org.springframework.beans.factory.support.AbstractAutowireCapableBeanFactory.initializeBean(AbstractAutowireCapableBeanFactory.java:1822) ~[spring-beans-6.2.9.jar:6.2.9]
	at org.springframework.beans.factory.support.AbstractAutowireCapableBeanFactory.doCreateBean(AbstractAutowireCapableBeanFactory.java:607) ~[spring-beans-6.2.9.jar:6.2.9]
	at org.springframework.beans.factory.support.AbstractAutowireCapableBeanFactory.createBean(AbstractAutowireCapableBeanFactory.java:529) ~[spring-beans-6.2.9.jar:6.2.9]
	at org.springframework.beans.factory.support.AbstractBeanFactory.lambda$doGetBean$0(AbstractBeanFactory.java:339) ~[spring-beans-6.2.9.jar:6.2.9]
	at org.springframework.beans.factory.support.DefaultSingletonBeanRegistry.getSingleton(DefaultSingletonBeanRegistry.java:373) ~[spring-beans-6.2.9.jar:6.2.9]
	at org.springframework.beans.factory.support.AbstractBeanFactory.doGetBean(AbstractBeanFactory.java:337) ~[spring-beans-6.2.9.jar:6.2.9]
	at org.springframework.beans.factory.support.AbstractBeanFactory.getBean(AbstractBeanFactory.java:207) ~[spring-beans-6.2.9.jar:6.2.9]
	at org.springframework.context.support.AbstractApplicationContext.finishBeanFactoryInitialization(AbstractApplicationContext.java:970) ~[spring-context-6.2.9.jar:6.2.9]
	at org.springframework.context.support.AbstractApplicationContext.refresh(AbstractApplicationContext.java:627) ~[spring-context-6.2.9.jar:6.2.9]
	at org.springframework.boot.SpringApplication.refresh(SpringApplication.java:752) ~[spring-boot-3.4.8.jar:3.4.8]
	at org.springframework.boot.SpringApplication.refreshContext(SpringApplication.java:439) ~[spring-boot-3.4.8.jar:3.4.8]
	at org.springframework.boot.SpringApplication.run(SpringApplication.java:318) ~[spring-boot-3.4.8.jar:3.4.8]
	at org.springframework.boot.test.context.SpringBootContextLoader.lambda$loadContext$3(SpringBootContextLoader.java:144) ~[spring-boot-test-3.4.8.jar:3.4.8]
	at org.springframework.util.function.ThrowingSupplier.get(ThrowingSupplier.java:58) ~[spring-core-6.2.9.jar:6.2.9]
	at org.springframework.util.function.ThrowingSupplier.get(ThrowingSupplier.java:46) ~[spring-core-6.2.9.jar:6.2.9]
	at org.springframework.boot.SpringApplication.withHook(SpringApplication.java:1461) ~[spring-boot-3.4.8.jar:3.4.8]
	at org.springframework.boot.test.context.SpringBootContextLoader$ContextLoaderHook.run(SpringBootContextLoader.java:563) ~[spring-boot-test-3.4.8.jar:3.4.8]
	at org.springframework.boot.test.context.SpringBootContextLoader.loadContext(SpringBootContextLoader.java:144) ~[spring-boot-test-3.4.8.jar:3.4.8]
	at org.springframework.boot.test.context.SpringBootContextLoader.loadContext(SpringBootContextLoader.java:110) ~[spring-boot-test-3.4.8.jar:3.4.8]
	at org.springframework.test.context.cache.DefaultCacheAwareContextLoaderDelegate.loadContextInternal(DefaultCacheAwareContextLoaderDelegate.java:225) ~[spring-test-6.2.9.jar:6.2.9]
	at org.springframework.test.context.cache.DefaultCacheAwareContextLoaderDelegate.loadContext(DefaultCacheAwareContextLoaderDelegate.java:152) ~[spring-test-6.2.9.jar:6.2.9]
	at org.springframework.test.context.support.DefaultTestContext.getApplicationContext(DefaultTestContext.java:130) ~[spring-test-6.2.9.jar:6.2.9]
	at org.springframework.test.context.support.DependencyInjectionTestExecutionListener.injectDependencies(DependencyInjectionTestExecutionListener.java:155) ~[spring-test-6.2.9.jar:6.2.9]
	at org.springframework.test.context.support.DependencyInjectionTestExecutionListener.prepareTestInstance(DependencyInjectionTestExecutionListener.java:111) ~[spring-test-6.2.9.jar:6.2.9]
	at org.springframework.test.context.TestContextManager.prepareTestInstance(TestContextManager.java:260) ~[spring-test-6.2.9.jar:6.2.9]
	at org.springframework.test.context.junit.jupiter.SpringExtension.postProcessTestInstance(SpringExtension.java:159) ~[spring-test-6.2.9.jar:6.2.9]
	at org.junit.jupiter.engine.descriptor.ClassBasedTestDescriptor.lambda$invokeTestInstancePostProcessors$11(ClassBasedTestDescriptor.java:378) ~[junit-jupiter-engine-5.11.4.jar:5.11.4]
	at org.junit.jupiter.engine.descriptor.ClassBasedTestDescriptor.executeAndMaskThrowable(ClassBasedTestDescriptor.java:383) ~[junit-jupiter-engine-5.11.4.jar:5.11.4]
	at org.junit.jupiter.engine.descriptor.ClassBasedTestDescriptor.lambda$invokeTestInstancePostProcessors$12(ClassBasedTestDescriptor.java:378) ~[junit-jupiter-engine-5.11.4.jar:5.11.4]
	at java.base/java.util.stream.ForEachOps$ForEachOp$OfRef.accept(ForEachOps.java:183) ~[na:na]
	at java.base/java.util.stream.ReferencePipeline$3$1.accept(ReferencePipeline.java:197) ~[na:na]
	at java.base/java.util.stream.ReferencePipeline$2$1.accept(ReferencePipeline.java:179) ~[na:na]
	at java.base/java.util.stream.ReferencePipeline$3$1.accept(ReferencePipeline.java:197) ~[na:na]
	at java.base/java.util.ArrayList$ArrayListSpliterator.forEachRemaining(ArrayList.java:1625) ~[na:na]
	at java.base/java.util.stream.AbstractPipeline.copyInto(AbstractPipeline.java:509) ~[na:na]
	at java.base/java.util.stream.AbstractPipeline.wrapAndCopyInto(AbstractPipeline.java:499) ~[na:na]
	at java.base/java.util.stream.ForEachOps$ForEachOp.evaluateSequential(ForEachOps.java:150) ~[na:na]
	at java.base/java.util.stream.ForEachOps$ForEachOp$OfRef.evaluateSequential(ForEachOps.java:173) ~[na:na]
	at java.base/java.util.stream.AbstractPipeline.evaluate(AbstractPipeline.java:234) ~[na:na]
	at java.base/java.util.stream.ReferencePipeline.forEach(ReferencePipeline.java:596) ~[na:na]
	at org.junit.jupiter.engine.descriptor.ClassBasedTestDescriptor.invokeTestInstancePostProcessors(ClassBasedTestDescriptor.java:377) ~[junit-jupiter-engine-5.11.4.jar:5.11.4]
	at org.junit.jupiter.engine.descriptor.ClassBasedTestDescriptor.lambda$instantiateAndPostProcessTestInstance$7(ClassBasedTestDescriptor.java:290) ~[junit-jupiter-engine-5.11.4.jar:5.11.4]
	at org.junit.platform.engine.support.hierarchical.ThrowableCollector.execute(ThrowableCollector.java:73) ~[junit-platform-engine-1.11.4.jar:1.11.4]
	at org.junit.jupiter.engine.descriptor.ClassBasedTestDescriptor.instantiateAndPostProcessTestInstance(ClassBasedTestDescriptor.java:289) ~[junit-jupiter-engine-5.11.4.jar:5.11.4]
	at org.junit.jupiter.engine.descriptor.ClassBasedTestDescriptor.lambda$testInstancesProvider$5(ClassBasedTestDescriptor.java:279) ~[junit-jupiter-engine-5.11.4.jar:5.11.4]
	at java.base/java.util.Optional.orElseGet(Optional.java:364) ~[na:na]
	at org.junit.jupiter.engine.descriptor.ClassBasedTestDescriptor.lambda$testInstancesProvider$6(ClassBasedTestDescriptor.java:278) ~[junit-jupiter-engine-5.11.4.jar:5.11.4]
	at org.junit.jupiter.engine.execution.TestInstancesProvider.getTestInstances(TestInstancesProvider.java:31) ~[junit-jupiter-engine-5.11.4.jar:5.11.4]
	at org.junit.jupiter.engine.descriptor.TestMethodTestDescriptor.lambda$prepare$1(TestMethodTestDescriptor.java:105) ~[junit-jupiter-engine-5.11.4.jar:5.11.4]
	at org.junit.platform.engine.support.hierarchical.ThrowableCollector.execute(ThrowableCollector.java:73) ~[junit-platform-engine-1.11.4.jar:1.11.4]
	at org.junit.jupiter.engine.descriptor.TestMethodTestDescriptor.prepare(TestMethodTestDescriptor.java:104) ~[junit-jupiter-engine-5.11.4.jar:5.11.4]
	at org.junit.jupiter.engine.descriptor.TestMethodTestDescriptor.prepare(TestMethodTestDescriptor.java:68) ~[junit-jupiter-engine-5.11.4.jar:5.11.4]
	at org.junit.platform.engine.support.hierarchical.NodeTestTask.lambda$prepare$2(NodeTestTask.java:128) ~[junit-platform-engine-1.11.4.jar:1.11.4]
	at org.junit.platform.engine.support.hierarchical.ThrowableCollector.execute(ThrowableCollector.java:73) ~[junit-platform-engine-1.11.4.jar:1.11.4]
	at org.junit.platform.engine.support.hierarchical.NodeTestTask.prepare(NodeTestTask.java:128) ~[junit-platform-engine-1.11.4.jar:1.11.4]
	at org.junit.platform.engine.support.hierarchical.NodeTestTask.execute(NodeTestTask.java:95) ~[junit-platform-engine-1.11.4.jar:1.11.4]
	at java.base/java.util.ArrayList.forEach(ArrayList.java:1511) ~[na:na]
	at org.junit.platform.engine.support.hierarchical.SameThreadHierarchicalTestExecutorService.invokeAll(SameThreadHierarchicalTestExecutorService.java:41) ~[junit-platform-engine-1.11.4.jar:1.11.4]
	at org.junit.platform.engine.support.hierarchical.NodeTestTask.lambda$executeRecursively$6(NodeTestTask.java:160) ~[junit-platform-engine-1.11.4.jar:1.11.4]
	at org.junit.platform.engine.support.hierarchical.ThrowableCollector.execute(ThrowableCollector.java:73) ~[junit-platform-engine-1.11.4.jar:1.11.4]
	at org.junit.platform.engine.support.hierarchical.NodeTestTask.lambda$executeRecursively$8(NodeTestTask.java:146) ~[junit-platform-engine-1.11.4.jar:1.11.4]
	at org.junit.platform.engine.support.hierarchical.Node.around(Node.java:137) ~[junit-platform-engine-1.11.4.jar:1.11.4]
	at org.junit.platform.engine.support.hierarchical.NodeTestTask.lambda$executeRecursively$9(NodeTestTask.java:144) ~[junit-platform-engine-1.11.4.jar:1.11.4]
	at org.junit.platform.engine.support.hierarchical.ThrowableCollector.execute(ThrowableCollector.java:73) ~[junit-platform-engine-1.11.4.jar:1.11.4]
	at org.junit.platform.engine.support.hierarchical.NodeTestTask.executeRecursively(NodeTestTask.java:143) ~[junit-platform-engine-1.11.4.jar:1.11.4]
	at org.junit.platform.engine.support.hierarchical.NodeTestTask.execute(NodeTestTask.java:100) ~[junit-platform-engine-1.11.4.jar:1.11.4]
	at java.base/java.util.ArrayList.forEach(ArrayList.java:1511) ~[na:na]
	at org.junit.platform.engine.support.hierarchical.SameThreadHierarchicalTestExecutorService.invokeAll(SameThreadHierarchicalTestExecutorService.java:41) ~[junit-platform-engine-1.11.4.jar:1.11.4]
	at org.junit.platform.engine.support.hierarchical.NodeTestTask.lambda$executeRecursively$6(NodeTestTask.java:160) ~[junit-platform-engine-1.11.4.jar:1.11.4]
	at org.junit.platform.engine.support.hierarchical.ThrowableCollector.execute(ThrowableCollector.java:73) ~[junit-platform-engine-1.11.4.jar:1.11.4]
	at org.junit.platform.engine.support.hierarchical.NodeTestTask.lambda$executeRecursively$8(NodeTestTask.java:146) ~[junit-platform-engine-1.11.4.jar:1.11.4]
	at org.junit.platform.engine.support.hierarchical.Node.around(Node.java:137) ~[junit-platform-engine-1.11.4.jar:1.11.4]
	at org.junit.platform.engine.support.hierarchical.NodeTestTask.lambda$executeRecursively$9(NodeTestTask.java:144) ~[junit-platform-engine-1.11.4.jar:1.11.4]
	at org.junit.platform.engine.support.hierarchical.ThrowableCollector.execute(ThrowableCollector.java:73) ~[junit-platform-engine-1.11.4.jar:1.11.4]
	at org.junit.platform.engine.support.hierarchical.NodeTestTask.executeRecursively(NodeTestTask.java:143) ~[junit-platform-engine-1.11.4.jar:1.11.4]
	at org.junit.platform.engine.support.hierarchical.NodeTestTask.execute(NodeTestTask.java:100) ~[junit-platform-engine-1.11.4.jar:1.11.4]
	at org.junit.platform.engine.support.hierarchical.SameThreadHierarchicalTestExecutorService.submit(SameThreadHierarchicalTestExecutorService.java:35) ~[junit-platform-engine-1.11.4.jar:1.11.4]
	at org.junit.platform.engine.support.hierarchical.HierarchicalTestExecutor.execute(HierarchicalTestExecutor.java:57) ~[junit-platform-engine-1.11.4.jar:1.11.4]
	at org.junit.platform.engine.support.hierarchical.HierarchicalTestEngine.execute(HierarchicalTestEngine.java:54) ~[junit-platform-engine-1.11.4.jar:1.11.4]
	at org.junit.platform.launcher.core.EngineExecutionOrchestrator.execute(EngineExecutionOrchestrator.java:198) ~[junit-platform-launcher-1.11.4.jar:1.11.4]
	at org.junit.platform.launcher.core.EngineExecutionOrchestrator.execute(EngineExecutionOrchestrator.java:169) ~[junit-platform-launcher-1.11.4.jar:1.11.4]
	at org.junit.platform.launcher.core.EngineExecutionOrchestrator.execute(EngineExecutionOrchestrator.java:93) ~[junit-platform-launcher-1.11.4.jar:1.11.4]
	at org.junit.platform.launcher.core.EngineExecutionOrchestrator.lambda$execute$0(EngineExecutionOrchestrator.java:58) ~[junit-platform-launcher-1.11.4.jar:1.11.4]
	at org.junit.platform.launcher.core.EngineExecutionOrchestrator.withInterceptedStreams(EngineExecutionOrchestrator.java:141) ~[junit-platform-launcher-1.11.4.jar:1.11.4]
	at org.junit.platform.launcher.core.EngineExecutionOrchestrator.execute(EngineExecutionOrchestrator.java:57) ~[junit-platform-launcher-1.11.4.jar:1.11.4]
	at org.junit.platform.launcher.core.DefaultLauncher.execute(DefaultLauncher.java:103) ~[junit-platform-launcher-1.11.4.jar:1.11.4]
	at org.junit.platform.launcher.core.DefaultLauncher.execute(DefaultLauncher.java:85) ~[junit-platform-launcher-1.11.4.jar:1.11.4]
	at org.junit.platform.launcher.core.DelegatingLauncher.execute(DelegatingLauncher.java:47) ~[junit-platform-launcher-1.11.4.jar:1.11.4]
	at org.junit.platform.launcher.core.SessionPerRequestLauncher.execute(SessionPerRequestLauncher.java:63) ~[junit-platform-launcher-1.11.4.jar:1.11.4]
	at com.intellij.junit5.JUnit5IdeaTestRunner.startRunnerWithArgs(JUnit5IdeaTestRunner.java:66) ~[junit5-rt.jar:na]
	at com.intellij.rt.junit.IdeaTestRunner$Repeater$1.execute(IdeaTestRunner.java:38) ~[junit-rt.jar:na]
	at com.intellij.rt.execution.junit.TestsRepeater.repeat(TestsRepeater.java:11) ~[idea_rt.jar:na]
	at com.intellij.rt.junit.IdeaTestRunner$Repeater.startRunnerWithArgs(IdeaTestRunner.java:35) ~[junit-rt.jar:na]
	at com.intellij.rt.junit.JUnitStarter.prepareStreamsAndStart(JUnitStarter.java:231) ~[junit-rt.jar:na]
	at com.intellij.rt.junit.JUnitStarter.main(JUnitStarter.java:55) ~[junit-rt.jar:na]
Caused by: org.h2.jdbc.JdbcSQLSyntaxErrorException: Table "BOOK_DETAILS" not found; SQL statement:
alter table book_details add constraint FKoa7sqrtgxwg066s9521udtvpv foreign key (book_id) references books (id) [42102-232]
	at org.h2.message.DbException.getJdbcSQLException(DbException.java:514) ~[h2-2.3.232.jar:2.3.232]
	at org.h2.message.DbException.getJdbcSQLException(DbException.java:489) ~[h2-2.3.232.jar:2.3.232]
	at org.h2.message.DbException.get(DbException.java:223) ~[h2-2.3.232.jar:2.3.232]
	at org.h2.message.DbException.get(DbException.java:199) ~[h2-2.3.232.jar:2.3.232]
	at org.h2.command.ddl.AlterTable.update(AlterTable.java:43) ~[h2-2.3.232.jar:2.3.232]
	at org.h2.command.CommandContainer.update(CommandContainer.java:139) ~[h2-2.3.232.jar:2.3.232]
	at org.h2.command.Command.executeUpdate(Command.java:304) ~[h2-2.3.232.jar:2.3.232]
	at org.h2.command.Command.executeUpdate(Command.java:248) ~[h2-2.3.232.jar:2.3.232]
	at org.h2.jdbc.JdbcStatement.executeInternal(JdbcStatement.java:262) ~[h2-2.3.232.jar:2.3.232]
	at org.h2.jdbc.JdbcStatement.execute(JdbcStatement.java:231) ~[h2-2.3.232.jar:2.3.232]
	at org.hibernate.tool.schema.internal.exec.GenerationTargetToDatabase.accept(GenerationTargetToDatabase.java:80) ~[hibernate-core-6.6.22.Final.jar:6.6.22.Final]
	... 117 common frames omitted

2025-08-26T22:18:49.267+09:00  INFO 20776 --- [MySpringBootLab] [main] j.LocalContainerEntityManagerFactoryBean : Initialized JPA EntityManagerFactory for persistence unit 'default'
2025-08-26T22:18:49.625+09:00  INFO 20776 --- [MySpringBootLab] [main] o.s.d.j.r.query.QueryEnhancerFactory     : Hibernate is in classpath; If applicable, HQL parser will be used.
2025-08-26T22:18:49.981+09:00  INFO 20776 --- [MySpringBootLab] [main] c.r.m.repository.BookRepositoryTest      : Started BookRepositoryTest in 2.831 seconds (process running for 3.661)
2025-08-26T22:18:50.508+09:00  WARN 20776 --- [MySpringBootLab] [main] o.h.engine.jdbc.spi.SqlExceptionHelper   : SQL Error: 42104, SQLState: 42S04
2025-08-26T22:18:50.508+09:00 ERROR 20776 --- [MySpringBootLab] [main] o.h.engine.jdbc.spi.SqlExceptionHelper   : Table "BOOKS" not found (this database is empty); SQL statement:
insert into books (author,isbn,price,publish_date,title) values (?,?,?,?,?) [42104-232]
2025-08-26T22:18:50.533+09:00  WARN 20776 --- [MySpringBootLab] [main] o.h.engine.jdbc.spi.SqlExceptionHelper   : SQL Error: 42104, SQLState: 42S04
2025-08-26T22:18:50.533+09:00 ERROR 20776 --- [MySpringBootLab] [main] o.h.engine.jdbc.spi.SqlExceptionHelper   : Table "BOOKS" not found (this database is empty); SQL statement:
insert into books (author,isbn,price,publish_date,title) values (?,?,?,?,?) [42104-232]
2025-08-26T22:18:50.533+09:00  WARN 20776 --- [MySpringBootLab] [main] o.h.engine.jdbc.spi.SqlExceptionHelper   : SQL Error: 42104, SQLState: 42S04
2025-08-26T22:18:50.533+09:00 ERROR 20776 --- [MySpringBootLab] [main] o.h.engine.jdbc.spi.SqlExceptionHelper   : Table "BOOKS" not found (this database is empty); SQL statement:
insert into books (author,isbn,price,publish_date,title) values (?,?,?,?,?) [42104-232]
2025-08-26T22:18:50.554+09:00  WARN 20776 --- [MySpringBootLab] [main] o.h.engine.jdbc.spi.SqlExceptionHelper   : SQL Error: 42104, SQLState: 42S04
2025-08-26T22:18:50.554+09:00 ERROR 20776 --- [MySpringBootLab] [main] o.h.engine.jdbc.spi.SqlExceptionHelper   : Table "BOOKS" not found (this database is empty); SQL statement:
insert into books (author,isbn,price,publish_date,title) values (?,?,?,?,?) [42104-232]
2025-08-26T22:18:50.565+09:00  WARN 20776 --- [MySpringBootLab] [main] o.h.engine.jdbc.spi.SqlExceptionHelper   : SQL Error: 42104, SQLState: 42S04
2025-08-26T22:18:50.565+09:00 ERROR 20776 --- [MySpringBootLab] [main] o.h.engine.jdbc.spi.SqlExceptionHelper   : Table "BOOKS" not found (this database is empty); SQL statement:
insert into books (author,isbn,price,publish_date,title) values (?,?,?,?,?) [42104-232]
2025-08-26T22:18:50.576+09:00  INFO 20776 --- [MySpringBootLab] [SpringApplicationShutdownHook] j.LocalContainerEntityManagerFactoryBean : Closing JPA EntityManagerFactory for persistence unit 'default'
2025-08-26T22:21:43.890+09:00  INFO 21112 --- [MySpringBootLab] [main] c.r.m.repository.BookRepositoryTest      : Starting BookRepositoryTest using Java 17.0.2 with PID 21112 (started by user in C:\mybackend\springBoot\MySpringbootLab)
2025-08-26T22:21:43.890+09:00  INFO 21112 --- [MySpringBootLab] [main] c.r.m.repository.BookRepositoryTest      : The following 1 profile is active: "prod"
2025-08-26T22:21:44.223+09:00  INFO 21112 --- [MySpringBootLab] [main] .s.d.r.c.RepositoryConfigurationDelegate : Bootstrapping Spring Data JPA repositories in DEFAULT mode.
2025-08-26T22:21:44.267+09:00  INFO 21112 --- [MySpringBootLab] [main] .s.d.r.c.RepositoryConfigurationDelegate : Finished Spring Data repository scanning in 35 ms. Found 2 JPA repository interfaces.
2025-08-26T22:21:44.315+09:00  INFO 21112 --- [MySpringBootLab] [main] beddedDataSourceBeanFactoryPostProcessor : Replacing 'dataSource' DataSource bean with embedded version
2025-08-26T22:21:44.442+09:00  INFO 21112 --- [MySpringBootLab] [main] o.s.j.d.e.EmbeddedDatabaseFactory        : Starting embedded database: url='jdbc:h2:mem:f2761206-9426-4054-b87d-83b4b2ede1ae;DB_CLOSE_DELAY=-1;DB_CLOSE_ON_EXIT=false', username='sa'
2025-08-26T22:21:44.617+09:00  INFO 21112 --- [MySpringBootLab] [main] o.hibernate.jpa.internal.util.LogHelper  : HHH000204: Processing PersistenceUnitInfo [name: default]
2025-08-26T22:21:44.668+09:00  INFO 21112 --- [MySpringBootLab] [main] org.hibernate.Version                    : HHH000412: Hibernate ORM core version 6.6.22.Final
2025-08-26T22:21:44.681+09:00  INFO 21112 --- [MySpringBootLab] [main] o.h.c.internal.RegionFactoryInitiator    : HHH000026: Second-level cache disabled
2025-08-26T22:21:44.920+09:00  INFO 21112 --- [MySpringBootLab] [main] o.s.o.j.p.SpringPersistenceUnitInfo      : No LoadTimeWeaver setup: ignoring JPA class transformer
2025-08-26T22:21:44.968+09:00  WARN 21112 --- [MySpringBootLab] [main] org.hibernate.dialect.Dialect            : HHH000511: The 2.3.232 version for [org.hibernate.dialect.MariaDBDialect] is no longer supported, hence certain features may not work properly. The minimum supported version is 10.4.0. Check the community dialects project for available legacy versions.
2025-08-26T22:21:44.979+09:00  WARN 21112 --- [MySpringBootLab] [main] org.hibernate.orm.deprecation            : HHH90000025: MariaDBDialect does not need to be specified explicitly using 'hibernate.dialect' (remove the property setting and it will be selected by default)
2025-08-26T22:21:45.000+09:00  INFO 21112 --- [MySpringBootLab] [main] org.hibernate.orm.connections.pooling    : HHH10001005: Database info:
	Database JDBC URL [Connecting through datasource 'org.springframework.jdbc.datasource.embedded.EmbeddedDatabaseFactory$EmbeddedDataSourceProxy@781dac73']
	Database driver: undefined/unknown
	Database version: 2.3.232
	Autocommit mode: undefined/unknown
	Isolation level: undefined/unknown
	Minimum pool size: undefined/unknown
	Maximum pool size: undefined/unknown
2025-08-26T22:21:45.588+09:00  INFO 21112 --- [MySpringBootLab] [main] o.h.e.t.j.p.i.JtaPlatformInitiator       : HHH000489: No JTA platform available (set 'hibernate.transaction.jta.platform' to enable JTA platform integration)
2025-08-26T22:21:45.603+09:00  WARN 21112 --- [MySpringBootLab] [main] o.h.t.s.i.ExceptionHandlerLoggedImpl     : GenerationTarget encountered exception accepting command : Error executing DDL "alter table book_details drop foreign key if exists FKoa7sqrtgxwg066s9521udtvpv" via JDBC [Table "BOOK_DETAILS" not found (this database is empty);]

org.hibernate.tool.schema.spi.CommandAcceptanceException: Error executing DDL "alter table book_details drop foreign key if exists FKoa7sqrtgxwg066s9521udtvpv" via JDBC [Table "BOOK_DETAILS" not found (this database is empty);]
	at org.hibernate.tool.schema.internal.exec.GenerationTargetToDatabase.accept(GenerationTargetToDatabase.java:94) ~[hibernate-core-6.6.22.Final.jar:6.6.22.Final]
	at org.hibernate.tool.schema.internal.Helper.applySqlString(Helper.java:233) ~[hibernate-core-6.6.22.Final.jar:6.6.22.Final]
	at org.hibernate.tool.schema.internal.Helper.applySqlStrings(Helper.java:217) ~[hibernate-core-6.6.22.Final.jar:6.6.22.Final]
	at org.hibernate.tool.schema.internal.SchemaDropperImpl.applyConstraintDropping(SchemaDropperImpl.java:479) ~[hibernate-core-6.6.22.Final.jar:6.6.22.Final]
	at org.hibernate.tool.schema.internal.SchemaDropperImpl.dropConstraintsTablesSequences(SchemaDropperImpl.java:245) ~[hibernate-core-6.6.22.Final.jar:6.6.22.Final]
	at org.hibernate.tool.schema.internal.SchemaDropperImpl.dropFromMetadata(SchemaDropperImpl.java:218) ~[hibernate-core-6.6.22.Final.jar:6.6.22.Final]
	at org.hibernate.tool.schema.internal.SchemaDropperImpl.performDrop(SchemaDropperImpl.java:186) ~[hibernate-core-6.6.22.Final.jar:6.6.22.Final]
	at org.hibernate.tool.schema.internal.SchemaDropperImpl.doDrop(SchemaDropperImpl.java:156) ~[hibernate-core-6.6.22.Final.jar:6.6.22.Final]
	at org.hibernate.tool.schema.internal.SchemaDropperImpl.doDrop(SchemaDropperImpl.java:116) ~[hibernate-core-6.6.22.Final.jar:6.6.22.Final]
	at org.hibernate.tool.schema.spi.SchemaManagementToolCoordinator.performDatabaseAction(SchemaManagementToolCoordinator.java:238) ~[hibernate-core-6.6.22.Final.jar:6.6.22.Final]
	at org.hibernate.tool.schema.spi.SchemaManagementToolCoordinator.lambda$process$5(SchemaManagementToolCoordinator.java:144) ~[hibernate-core-6.6.22.Final.jar:6.6.22.Final]
	at java.base/java.util.HashMap.forEach(HashMap.java:1421) ~[na:na]
	at org.hibernate.tool.schema.spi.SchemaManagementToolCoordinator.process(SchemaManagementToolCoordinator.java:141) ~[hibernate-core-6.6.22.Final.jar:6.6.22.Final]
	at org.hibernate.boot.internal.SessionFactoryObserverForSchemaExport.sessionFactoryCreated(SessionFactoryObserverForSchemaExport.java:37) ~[hibernate-core-6.6.22.Final.jar:6.6.22.Final]
	at org.hibernate.internal.SessionFactoryObserverChain.sessionFactoryCreated(SessionFactoryObserverChain.java:35) ~[hibernate-core-6.6.22.Final.jar:6.6.22.Final]
	at org.hibernate.internal.SessionFactoryImpl.<init>(SessionFactoryImpl.java:324) ~[hibernate-core-6.6.22.Final.jar:6.6.22.Final]
	at org.hibernate.boot.internal.SessionFactoryBuilderImpl.build(SessionFactoryBuilderImpl.java:463) ~[hibernate-core-6.6.22.Final.jar:6.6.22.Final]
	at org.hibernate.jpa.boot.internal.EntityManagerFactoryBuilderImpl.build(EntityManagerFactoryBuilderImpl.java:1517) ~[hibernate-core-6.6.22.Final.jar:6.6.22.Final]
	at org.springframework.orm.jpa.vendor.SpringHibernateJpaPersistenceProvider.createContainerEntityManagerFactory(SpringHibernateJpaPersistenceProvider.java:66) ~[spring-orm-6.2.9.jar:6.2.9]
	at org.springframework.orm.jpa.LocalContainerEntityManagerFactoryBean.createNativeEntityManagerFactory(LocalContainerEntityManagerFactoryBean.java:390) ~[spring-orm-6.2.9.jar:6.2.9]
	at org.springframework.orm.jpa.AbstractEntityManagerFactoryBean.buildNativeEntityManagerFactory(AbstractEntityManagerFactoryBean.java:419) ~[spring-orm-6.2.9.jar:6.2.9]
	at org.springframework.orm.jpa.AbstractEntityManagerFactoryBean.afterPropertiesSet(AbstractEntityManagerFactoryBean.java:400) ~[spring-orm-6.2.9.jar:6.2.9]
	at org.springframework.orm.jpa.LocalContainerEntityManagerFactoryBean.afterPropertiesSet(LocalContainerEntityManagerFactoryBean.java:366) ~[spring-orm-6.2.9.jar:6.2.9]
	at org.springframework.beans.factory.support.AbstractAutowireCapableBeanFactory.invokeInitMethods(AbstractAutowireCapableBeanFactory.java:1873) ~[spring-beans-6.2.9.jar:6.2.9]
	at org.springframework.beans.factory.support.AbstractAutowireCapableBeanFactory.initializeBean(AbstractAutowireCapableBeanFactory.java:1822) ~[spring-beans-6.2.9.jar:6.2.9]
	at org.springframework.beans.factory.support.AbstractAutowireCapableBeanFactory.doCreateBean(AbstractAutowireCapableBeanFactory.java:607) ~[spring-beans-6.2.9.jar:6.2.9]
	at org.springframework.beans.factory.support.AbstractAutowireCapableBeanFactory.createBean(AbstractAutowireCapableBeanFactory.java:529) ~[spring-beans-6.2.9.jar:6.2.9]
	at org.springframework.beans.factory.support.AbstractBeanFactory.lambda$doGetBean$0(AbstractBeanFactory.java:339) ~[spring-beans-6.2.9.jar:6.2.9]
	at org.springframework.beans.factory.support.DefaultSingletonBeanRegistry.getSingleton(DefaultSingletonBeanRegistry.java:373) ~[spring-beans-6.2.9.jar:6.2.9]
	at org.springframework.beans.factory.support.AbstractBeanFactory.doGetBean(AbstractBeanFactory.java:337) ~[spring-beans-6.2.9.jar:6.2.9]
	at org.springframework.beans.factory.support.AbstractBeanFactory.getBean(AbstractBeanFactory.java:207) ~[spring-beans-6.2.9.jar:6.2.9]
	at org.springframework.context.support.AbstractApplicationContext.finishBeanFactoryInitialization(AbstractApplicationContext.java:970) ~[spring-context-6.2.9.jar:6.2.9]
	at org.springframework.context.support.AbstractApplicationContext.refresh(AbstractApplicationContext.java:627) ~[spring-context-6.2.9.jar:6.2.9]
	at org.springframework.boot.SpringApplication.refresh(SpringApplication.java:752) ~[spring-boot-3.4.8.jar:3.4.8]
	at org.springframework.boot.SpringApplication.refreshContext(SpringApplication.java:439) ~[spring-boot-3.4.8.jar:3.4.8]
	at org.springframework.boot.SpringApplication.run(SpringApplication.java:318) ~[spring-boot-3.4.8.jar:3.4.8]
	at org.springframework.boot.test.context.SpringBootContextLoader.lambda$loadContext$3(SpringBootContextLoader.java:144) ~[spring-boot-test-3.4.8.jar:3.4.8]
	at org.springframework.util.function.ThrowingSupplier.get(ThrowingSupplier.java:58) ~[spring-core-6.2.9.jar:6.2.9]
	at org.springframework.util.function.ThrowingSupplier.get(ThrowingSupplier.java:46) ~[spring-core-6.2.9.jar:6.2.9]
	at org.springframework.boot.SpringApplication.withHook(SpringApplication.java:1461) ~[spring-boot-3.4.8.jar:3.4.8]
	at org.springframework.boot.test.context.SpringBootContextLoader$ContextLoaderHook.run(SpringBootContextLoader.java:563) ~[spring-boot-test-3.4.8.jar:3.4.8]
	at org.springframework.boot.test.context.SpringBootContextLoader.loadContext(SpringBootContextLoader.java:144) ~[spring-boot-test-3.4.8.jar:3.4.8]
	at org.springframework.boot.test.context.SpringBootContextLoader.loadContext(SpringBootContextLoader.java:110) ~[spring-boot-test-3.4.8.jar:3.4.8]
	at org.springframework.test.context.cache.DefaultCacheAwareContextLoaderDelegate.loadContextInternal(DefaultCacheAwareContextLoaderDelegate.java:225) ~[spring-test-6.2.9.jar:6.2.9]
	at org.springframework.test.context.cache.DefaultCacheAwareContextLoaderDelegate.loadContext(DefaultCacheAwareContextLoaderDelegate.java:152) ~[spring-test-6.2.9.jar:6.2.9]
	at org.springframework.test.context.support.DefaultTestContext.getApplicationContext(DefaultTestContext.java:130) ~[spring-test-6.2.9.jar:6.2.9]
	at org.springframework.test.context.support.DependencyInjectionTestExecutionListener.injectDependencies(DependencyInjectionTestExecutionListener.java:155) ~[spring-test-6.2.9.jar:6.2.9]
	at org.springframework.test.context.support.DependencyInjectionTestExecutionListener.prepareTestInstance(DependencyInjectionTestExecutionListener.java:111) ~[spring-test-6.2.9.jar:6.2.9]
	at org.springframework.test.context.TestContextManager.prepareTestInstance(TestContextManager.java:260) ~[spring-test-6.2.9.jar:6.2.9]
	at org.springframework.test.context.junit.jupiter.SpringExtension.postProcessTestInstance(SpringExtension.java:159) ~[spring-test-6.2.9.jar:6.2.9]
	at org.junit.jupiter.engine.descriptor.ClassBasedTestDescriptor.lambda$invokeTestInstancePostProcessors$11(ClassBasedTestDescriptor.java:378) ~[junit-jupiter-engine-5.11.4.jar:5.11.4]
	at org.junit.jupiter.engine.descriptor.ClassBasedTestDescriptor.executeAndMaskThrowable(ClassBasedTestDescriptor.java:383) ~[junit-jupiter-engine-5.11.4.jar:5.11.4]
	at org.junit.jupiter.engine.descriptor.ClassBasedTestDescriptor.lambda$invokeTestInstancePostProcessors$12(ClassBasedTestDescriptor.java:378) ~[junit-jupiter-engine-5.11.4.jar:5.11.4]
	at java.base/java.util.stream.ForEachOps$ForEachOp$OfRef.accept(ForEachOps.java:183) ~[na:na]
	at java.base/java.util.stream.ReferencePipeline$3$1.accept(ReferencePipeline.java:197) ~[na:na]
	at java.base/java.util.stream.ReferencePipeline$2$1.accept(ReferencePipeline.java:179) ~[na:na]
	at java.base/java.util.stream.ReferencePipeline$3$1.accept(ReferencePipeline.java:197) ~[na:na]
	at java.base/java.util.ArrayList$ArrayListSpliterator.forEachRemaining(ArrayList.java:1625) ~[na:na]
	at java.base/java.util.stream.AbstractPipeline.copyInto(AbstractPipeline.java:509) ~[na:na]
	at java.base/java.util.stream.AbstractPipeline.wrapAndCopyInto(AbstractPipeline.java:499) ~[na:na]
	at java.base/java.util.stream.ForEachOps$ForEachOp.evaluateSequential(ForEachOps.java:150) ~[na:na]
	at java.base/java.util.stream.ForEachOps$ForEachOp$OfRef.evaluateSequential(ForEachOps.java:173) ~[na:na]
	at java.base/java.util.stream.AbstractPipeline.evaluate(AbstractPipeline.java:234) ~[na:na]
	at java.base/java.util.stream.ReferencePipeline.forEach(ReferencePipeline.java:596) ~[na:na]
	at org.junit.jupiter.engine.descriptor.ClassBasedTestDescriptor.invokeTestInstancePostProcessors(ClassBasedTestDescriptor.java:377) ~[junit-jupiter-engine-5.11.4.jar:5.11.4]
	at org.junit.jupiter.engine.descriptor.ClassBasedTestDescriptor.lambda$instantiateAndPostProcessTestInstance$7(ClassBasedTestDescriptor.java:290) ~[junit-jupiter-engine-5.11.4.jar:5.11.4]
	at org.junit.platform.engine.support.hierarchical.ThrowableCollector.execute(ThrowableCollector.java:73) ~[junit-platform-engine-1.11.4.jar:1.11.4]
	at org.junit.jupiter.engine.descriptor.ClassBasedTestDescriptor.instantiateAndPostProcessTestInstance(ClassBasedTestDescriptor.java:289) ~[junit-jupiter-engine-5.11.4.jar:5.11.4]
	at org.junit.jupiter.engine.descriptor.ClassBasedTestDescriptor.lambda$testInstancesProvider$5(ClassBasedTestDescriptor.java:279) ~[junit-jupiter-engine-5.11.4.jar:5.11.4]
	at java.base/java.util.Optional.orElseGet(Optional.java:364) ~[na:na]
	at org.junit.jupiter.engine.descriptor.ClassBasedTestDescriptor.lambda$testInstancesProvider$6(ClassBasedTestDescriptor.java:278) ~[junit-jupiter-engine-5.11.4.jar:5.11.4]
	at org.junit.jupiter.engine.execution.TestInstancesProvider.getTestInstances(TestInstancesProvider.java:31) ~[junit-jupiter-engine-5.11.4.jar:5.11.4]
	at org.junit.jupiter.engine.descriptor.TestMethodTestDescriptor.lambda$prepare$1(TestMethodTestDescriptor.java:105) ~[junit-jupiter-engine-5.11.4.jar:5.11.4]
	at org.junit.platform.engine.support.hierarchical.ThrowableCollector.execute(ThrowableCollector.java:73) ~[junit-platform-engine-1.11.4.jar:1.11.4]
	at org.junit.jupiter.engine.descriptor.TestMethodTestDescriptor.prepare(TestMethodTestDescriptor.java:104) ~[junit-jupiter-engine-5.11.4.jar:5.11.4]
	at org.junit.jupiter.engine.descriptor.TestMethodTestDescriptor.prepare(TestMethodTestDescriptor.java:68) ~[junit-jupiter-engine-5.11.4.jar:5.11.4]
	at org.junit.platform.engine.support.hierarchical.NodeTestTask.lambda$prepare$2(NodeTestTask.java:128) ~[junit-platform-engine-1.11.4.jar:1.11.4]
	at org.junit.platform.engine.support.hierarchical.ThrowableCollector.execute(ThrowableCollector.java:73) ~[junit-platform-engine-1.11.4.jar:1.11.4]
	at org.junit.platform.engine.support.hierarchical.NodeTestTask.prepare(NodeTestTask.java:128) ~[junit-platform-engine-1.11.4.jar:1.11.4]
	at org.junit.platform.engine.support.hierarchical.NodeTestTask.execute(NodeTestTask.java:95) ~[junit-platform-engine-1.11.4.jar:1.11.4]
	at java.base/java.util.ArrayList.forEach(ArrayList.java:1511) ~[na:na]
	at org.junit.platform.engine.support.hierarchical.SameThreadHierarchicalTestExecutorService.invokeAll(SameThreadHierarchicalTestExecutorService.java:41) ~[junit-platform-engine-1.11.4.jar:1.11.4]
	at org.junit.platform.engine.support.hierarchical.NodeTestTask.lambda$executeRecursively$6(NodeTestTask.java:160) ~[junit-platform-engine-1.11.4.jar:1.11.4]
	at org.junit.platform.engine.support.hierarchical.ThrowableCollector.execute(ThrowableCollector.java:73) ~[junit-platform-engine-1.11.4.jar:1.11.4]
	at org.junit.platform.engine.support.hierarchical.NodeTestTask.lambda$executeRecursively$8(NodeTestTask.java:146) ~[junit-platform-engine-1.11.4.jar:1.11.4]
	at org.junit.platform.engine.support.hierarchical.Node.around(Node.java:137) ~[junit-platform-engine-1.11.4.jar:1.11.4]
	at org.junit.platform.engine.support.hierarchical.NodeTestTask.lambda$executeRecursively$9(NodeTestTask.java:144) ~[junit-platform-engine-1.11.4.jar:1.11.4]
	at org.junit.platform.engine.support.hierarchical.ThrowableCollector.execute(ThrowableCollector.java:73) ~[junit-platform-engine-1.11.4.jar:1.11.4]
	at org.junit.platform.engine.support.hierarchical.NodeTestTask.executeRecursively(NodeTestTask.java:143) ~[junit-platform-engine-1.11.4.jar:1.11.4]
	at org.junit.platform.engine.support.hierarchical.NodeTestTask.execute(NodeTestTask.java:100) ~[junit-platform-engine-1.11.4.jar:1.11.4]
	at java.base/java.util.ArrayList.forEach(ArrayList.java:1511) ~[na:na]
	at org.junit.platform.engine.support.hierarchical.SameThreadHierarchicalTestExecutorService.invokeAll(SameThreadHierarchicalTestExecutorService.java:41) ~[junit-platform-engine-1.11.4.jar:1.11.4]
	at org.junit.platform.engine.support.hierarchical.NodeTestTask.lambda$executeRecursively$6(NodeTestTask.java:160) ~[junit-platform-engine-1.11.4.jar:1.11.4]
	at org.junit.platform.engine.support.hierarchical.ThrowableCollector.execute(ThrowableCollector.java:73) ~[junit-platform-engine-1.11.4.jar:1.11.4]
	at org.junit.platform.engine.support.hierarchical.NodeTestTask.lambda$executeRecursively$8(NodeTestTask.java:146) ~[junit-platform-engine-1.11.4.jar:1.11.4]
	at org.junit.platform.engine.support.hierarchical.Node.around(Node.java:137) ~[junit-platform-engine-1.11.4.jar:1.11.4]
	at org.junit.platform.engine.support.hierarchical.NodeTestTask.lambda$executeRecursively$9(NodeTestTask.java:144) ~[junit-platform-engine-1.11.4.jar:1.11.4]
	at org.junit.platform.engine.support.hierarchical.ThrowableCollector.execute(ThrowableCollector.java:73) ~[junit-platform-engine-1.11.4.jar:1.11.4]
	at org.junit.platform.engine.support.hierarchical.NodeTestTask.executeRecursively(NodeTestTask.java:143) ~[junit-platform-engine-1.11.4.jar:1.11.4]
	at org.junit.platform.engine.support.hierarchical.NodeTestTask.execute(NodeTestTask.java:100) ~[junit-platform-engine-1.11.4.jar:1.11.4]
	at org.junit.platform.engine.support.hierarchical.SameThreadHierarchicalTestExecutorService.submit(SameThreadHierarchicalTestExecutorService.java:35) ~[junit-platform-engine-1.11.4.jar:1.11.4]
	at org.junit.platform.engine.support.hierarchical.HierarchicalTestExecutor.execute(HierarchicalTestExecutor.java:57) ~[junit-platform-engine-1.11.4.jar:1.11.4]
	at org.junit.platform.engine.support.hierarchical.HierarchicalTestEngine.execute(HierarchicalTestEngine.java:54) ~[junit-platform-engine-1.11.4.jar:1.11.4]
	at org.junit.platform.launcher.core.EngineExecutionOrchestrator.execute(EngineExecutionOrchestrator.java:198) ~[junit-platform-launcher-1.11.4.jar:1.11.4]
	at org.junit.platform.launcher.core.EngineExecutionOrchestrator.execute(EngineExecutionOrchestrator.java:169) ~[junit-platform-launcher-1.11.4.jar:1.11.4]
	at org.junit.platform.launcher.core.EngineExecutionOrchestrator.execute(EngineExecutionOrchestrator.java:93) ~[junit-platform-launcher-1.11.4.jar:1.11.4]
	at org.junit.platform.launcher.core.EngineExecutionOrchestrator.lambda$execute$0(EngineExecutionOrchestrator.java:58) ~[junit-platform-launcher-1.11.4.jar:1.11.4]
	at org.junit.platform.launcher.core.EngineExecutionOrchestrator.withInterceptedStreams(EngineExecutionOrchestrator.java:141) ~[junit-platform-launcher-1.11.4.jar:1.11.4]
	at org.junit.platform.launcher.core.EngineExecutionOrchestrator.execute(EngineExecutionOrchestrator.java:57) ~[junit-platform-launcher-1.11.4.jar:1.11.4]
	at org.junit.platform.launcher.core.DefaultLauncher.execute(DefaultLauncher.java:103) ~[junit-platform-launcher-1.11.4.jar:1.11.4]
	at org.junit.platform.launcher.core.DefaultLauncher.execute(DefaultLauncher.java:85) ~[junit-platform-launcher-1.11.4.jar:1.11.4]
	at org.junit.platform.launcher.core.DelegatingLauncher.execute(DelegatingLauncher.java:47) ~[junit-platform-launcher-1.11.4.jar:1.11.4]
	at org.junit.platform.launcher.core.SessionPerRequestLauncher.execute(SessionPerRequestLauncher.java:63) ~[junit-platform-launcher-1.11.4.jar:1.11.4]
	at com.intellij.junit5.JUnit5IdeaTestRunner.startRunnerWithArgs(JUnit5IdeaTestRunner.java:66) ~[junit5-rt.jar:na]
	at com.intellij.rt.junit.IdeaTestRunner$Repeater$1.execute(IdeaTestRunner.java:38) ~[junit-rt.jar:na]
	at com.intellij.rt.execution.junit.TestsRepeater.repeat(TestsRepeater.java:11) ~[idea_rt.jar:na]
	at com.intellij.rt.junit.IdeaTestRunner$Repeater.startRunnerWithArgs(IdeaTestRunner.java:35) ~[junit-rt.jar:na]
	at com.intellij.rt.junit.JUnitStarter.prepareStreamsAndStart(JUnitStarter.java:231) ~[junit-rt.jar:na]
	at com.intellij.rt.junit.JUnitStarter.main(JUnitStarter.java:55) ~[junit-rt.jar:na]
Caused by: org.h2.jdbc.JdbcSQLSyntaxErrorException: Table "BOOK_DETAILS" not found (this database is empty); SQL statement:
alter table book_details drop foreign key if exists FKoa7sqrtgxwg066s9521udtvpv [42104-232]
	at org.h2.message.DbException.getJdbcSQLException(DbException.java:514) ~[h2-2.3.232.jar:2.3.232]
	at org.h2.message.DbException.getJdbcSQLException(DbException.java:489) ~[h2-2.3.232.jar:2.3.232]
	at org.h2.message.DbException.get(DbException.java:223) ~[h2-2.3.232.jar:2.3.232]
	at org.h2.message.DbException.get(DbException.java:199) ~[h2-2.3.232.jar:2.3.232]
	at org.h2.command.Parser.getTableOrViewNotFoundDbException(Parser.java:7932) ~[h2-2.3.232.jar:2.3.232]
	at org.h2.command.Parser.getTableOrViewNotFoundDbException(Parser.java:7926) ~[h2-2.3.232.jar:2.3.232]
	at org.h2.command.Parser.tableIfTableExists(Parser.java:8454) ~[h2-2.3.232.jar:2.3.232]
	at org.h2.command.Parser.parseAlterTableDrop(Parser.java:8253) ~[h2-2.3.232.jar:2.3.232]
	at org.h2.command.Parser.parseAlterTable(Parser.java:8036) ~[h2-2.3.232.jar:2.3.232]
	at org.h2.command.Parser.parseAlter(Parser.java:7078) ~[h2-2.3.232.jar:2.3.232]
	at org.h2.command.Parser.parsePrepared(Parser.java:629) ~[h2-2.3.232.jar:2.3.232]
	at org.h2.command.Parser.parse(Parser.java:581) ~[h2-2.3.232.jar:2.3.232]
	at org.h2.command.Parser.parse(Parser.java:556) ~[h2-2.3.232.jar:2.3.232]
	at org.h2.command.Parser.prepareCommand(Parser.java:484) ~[h2-2.3.232.jar:2.3.232]
	at org.h2.engine.SessionLocal.prepareLocal(SessionLocal.java:645) ~[h2-2.3.232.jar:2.3.232]
	at org.h2.engine.SessionLocal.prepareCommand(SessionLocal.java:561) ~[h2-2.3.232.jar:2.3.232]
	at org.h2.jdbc.JdbcConnection.prepareCommand(JdbcConnection.java:1164) ~[h2-2.3.232.jar:2.3.232]
	at org.h2.jdbc.JdbcStatement.executeInternal(JdbcStatement.java:245) ~[h2-2.3.232.jar:2.3.232]
	at org.h2.jdbc.JdbcStatement.execute(JdbcStatement.java:231) ~[h2-2.3.232.jar:2.3.232]
	at org.hibernate.tool.schema.internal.exec.GenerationTargetToDatabase.accept(GenerationTargetToDatabase.java:80) ~[hibernate-core-6.6.22.Final.jar:6.6.22.Final]
	... 118 common frames omitted

2025-08-26T22:21:45.614+09:00  WARN 21112 --- [MySpringBootLab] [main] o.h.t.s.i.ExceptionHandlerLoggedImpl     : GenerationTarget encountered exception accepting command : Error executing DDL "create table book_details (page_count integer, book_id bigint, id bigint not null auto_increment, cover_image_url varchar(255), description varchar(255), edition varchar(255), language varchar(255), publisher varchar(255), primary key (id)) engine=InnoDB" via JDBC [Syntax error in SQL statement "create table book_details (page_count integer, book_id bigint, id bigint not null auto_increment, cover_image_url varchar(255), description varchar(255), edition varchar(255), language varchar(255), publisher varchar(255), primary key (id)) engine[*]=InnoDB"; expected "identifier";]

org.hibernate.tool.schema.spi.CommandAcceptanceException: Error executing DDL "create table book_details (page_count integer, book_id bigint, id bigint not null auto_increment, cover_image_url varchar(255), description varchar(255), edition varchar(255), language varchar(255), publisher varchar(255), primary key (id)) engine=InnoDB" via JDBC [Syntax error in SQL statement "create table book_details (page_count integer, book_id bigint, id bigint not null auto_increment, cover_image_url varchar(255), description varchar(255), edition varchar(255), language varchar(255), publisher varchar(255), primary key (id)) engine[*]=InnoDB"; expected "identifier";]
	at org.hibernate.tool.schema.internal.exec.GenerationTargetToDatabase.accept(GenerationTargetToDatabase.java:94) ~[hibernate-core-6.6.22.Final.jar:6.6.22.Final]
	at org.hibernate.tool.schema.internal.Helper.applySqlString(Helper.java:233) ~[hibernate-core-6.6.22.Final.jar:6.6.22.Final]
	at org.hibernate.tool.schema.internal.Helper.applySqlStrings(Helper.java:217) ~[hibernate-core-6.6.22.Final.jar:6.6.22.Final]
	at org.hibernate.tool.schema.internal.SchemaCreatorImpl.createTables(SchemaCreatorImpl.java:430) ~[hibernate-core-6.6.22.Final.jar:6.6.22.Final]
	at org.hibernate.tool.schema.internal.SchemaCreatorImpl.createSequencesTablesConstraints(SchemaCreatorImpl.java:346) ~[hibernate-core-6.6.22.Final.jar:6.6.22.Final]
	at org.hibernate.tool.schema.internal.SchemaCreatorImpl.createFromMetadata(SchemaCreatorImpl.java:241) ~[hibernate-core-6.6.22.Final.jar:6.6.22.Final]
	at org.hibernate.tool.schema.internal.SchemaCreatorImpl.performCreation(SchemaCreatorImpl.java:174) ~[hibernate-core-6.6.22.Final.jar:6.6.22.Final]
	at org.hibernate.tool.schema.internal.SchemaCreatorImpl.doCreation(SchemaCreatorImpl.java:144) ~[hibernate-core-6.6.22.Final.jar:6.6.22.Final]
	at org.hibernate.tool.schema.internal.SchemaCreatorImpl.doCreation(SchemaCreatorImpl.java:120) ~[hibernate-core-6.6.22.Final.jar:6.6.22.Final]
	at org.hibernate.tool.schema.spi.SchemaManagementToolCoordinator.performDatabaseAction(SchemaManagementToolCoordinator.java:250) ~[hibernate-core-6.6.22.Final.jar:6.6.22.Final]
	at org.hibernate.tool.schema.spi.SchemaManagementToolCoordinator.lambda$process$5(SchemaManagementToolCoordinator.java:144) ~[hibernate-core-6.6.22.Final.jar:6.6.22.Final]
	at java.base/java.util.HashMap.forEach(HashMap.java:1421) ~[na:na]
	at org.hibernate.tool.schema.spi.SchemaManagementToolCoordinator.process(SchemaManagementToolCoordinator.java:141) ~[hibernate-core-6.6.22.Final.jar:6.6.22.Final]
	at org.hibernate.boot.internal.SessionFactoryObserverForSchemaExport.sessionFactoryCreated(SessionFactoryObserverForSchemaExport.java:37) ~[hibernate-core-6.6.22.Final.jar:6.6.22.Final]
	at org.hibernate.internal.SessionFactoryObserverChain.sessionFactoryCreated(SessionFactoryObserverChain.java:35) ~[hibernate-core-6.6.22.Final.jar:6.6.22.Final]
	at org.hibernate.internal.SessionFactoryImpl.<init>(SessionFactoryImpl.java:324) ~[hibernate-core-6.6.22.Final.jar:6.6.22.Final]
	at org.hibernate.boot.internal.SessionFactoryBuilderImpl.build(SessionFactoryBuilderImpl.java:463) ~[hibernate-core-6.6.22.Final.jar:6.6.22.Final]
	at org.hibernate.jpa.boot.internal.EntityManagerFactoryBuilderImpl.build(EntityManagerFactoryBuilderImpl.java:1517) ~[hibernate-core-6.6.22.Final.jar:6.6.22.Final]
	at org.springframework.orm.jpa.vendor.SpringHibernateJpaPersistenceProvider.createContainerEntityManagerFactory(SpringHibernateJpaPersistenceProvider.java:66) ~[spring-orm-6.2.9.jar:6.2.9]
	at org.springframework.orm.jpa.LocalContainerEntityManagerFactoryBean.createNativeEntityManagerFactory(LocalContainerEntityManagerFactoryBean.java:390) ~[spring-orm-6.2.9.jar:6.2.9]
	at org.springframework.orm.jpa.AbstractEntityManagerFactoryBean.buildNativeEntityManagerFactory(AbstractEntityManagerFactoryBean.java:419) ~[spring-orm-6.2.9.jar:6.2.9]
	at org.springframework.orm.jpa.AbstractEntityManagerFactoryBean.afterPropertiesSet(AbstractEntityManagerFactoryBean.java:400) ~[spring-orm-6.2.9.jar:6.2.9]
	at org.springframework.orm.jpa.LocalContainerEntityManagerFactoryBean.afterPropertiesSet(LocalContainerEntityManagerFactoryBean.java:366) ~[spring-orm-6.2.9.jar:6.2.9]
	at org.springframework.beans.factory.support.AbstractAutowireCapableBeanFactory.invokeInitMethods(AbstractAutowireCapableBeanFactory.java:1873) ~[spring-beans-6.2.9.jar:6.2.9]
	at org.springframework.beans.factory.support.AbstractAutowireCapableBeanFactory.initializeBean(AbstractAutowireCapableBeanFactory.java:1822) ~[spring-beans-6.2.9.jar:6.2.9]
	at org.springframework.beans.factory.support.AbstractAutowireCapableBeanFactory.doCreateBean(AbstractAutowireCapableBeanFactory.java:607) ~[spring-beans-6.2.9.jar:6.2.9]
	at org.springframework.beans.factory.support.AbstractAutowireCapableBeanFactory.createBean(AbstractAutowireCapableBeanFactory.java:529) ~[spring-beans-6.2.9.jar:6.2.9]
	at org.springframework.beans.factory.support.AbstractBeanFactory.lambda$doGetBean$0(AbstractBeanFactory.java:339) ~[spring-beans-6.2.9.jar:6.2.9]
	at org.springframework.beans.factory.support.DefaultSingletonBeanRegistry.getSingleton(DefaultSingletonBeanRegistry.java:373) ~[spring-beans-6.2.9.jar:6.2.9]
	at org.springframework.beans.factory.support.AbstractBeanFactory.doGetBean(AbstractBeanFactory.java:337) ~[spring-beans-6.2.9.jar:6.2.9]
	at org.springframework.beans.factory.support.AbstractBeanFactory.getBean(AbstractBeanFactory.java:207) ~[spring-beans-6.2.9.jar:6.2.9]
	at org.springframework.context.support.AbstractApplicationContext.finishBeanFactoryInitialization(AbstractApplicationContext.java:970) ~[spring-context-6.2.9.jar:6.2.9]
	at org.springframework.context.support.AbstractApplicationContext.refresh(AbstractApplicationContext.java:627) ~[spring-context-6.2.9.jar:6.2.9]
	at org.springframework.boot.SpringApplication.refresh(SpringApplication.java:752) ~[spring-boot-3.4.8.jar:3.4.8]
	at org.springframework.boot.SpringApplication.refreshContext(SpringApplication.java:439) ~[spring-boot-3.4.8.jar:3.4.8]
	at org.springframework.boot.SpringApplication.run(SpringApplication.java:318) ~[spring-boot-3.4.8.jar:3.4.8]
	at org.springframework.boot.test.context.SpringBootContextLoader.lambda$loadContext$3(SpringBootContextLoader.java:144) ~[spring-boot-test-3.4.8.jar:3.4.8]
	at org.springframework.util.function.ThrowingSupplier.get(ThrowingSupplier.java:58) ~[spring-core-6.2.9.jar:6.2.9]
	at org.springframework.util.function.ThrowingSupplier.get(ThrowingSupplier.java:46) ~[spring-core-6.2.9.jar:6.2.9]
	at org.springframework.boot.SpringApplication.withHook(SpringApplication.java:1461) ~[spring-boot-3.4.8.jar:3.4.8]
	at org.springframework.boot.test.context.SpringBootContextLoader$ContextLoaderHook.run(SpringBootContextLoader.java:563) ~[spring-boot-test-3.4.8.jar:3.4.8]
	at org.springframework.boot.test.context.SpringBootContextLoader.loadContext(SpringBootContextLoader.java:144) ~[spring-boot-test-3.4.8.jar:3.4.8]
	at org.springframework.boot.test.context.SpringBootContextLoader.loadContext(SpringBootContextLoader.java:110) ~[spring-boot-test-3.4.8.jar:3.4.8]
	at org.springframework.test.context.cache.DefaultCacheAwareContextLoaderDelegate.loadContextInternal(DefaultCacheAwareContextLoaderDelegate.java:225) ~[spring-test-6.2.9.jar:6.2.9]
	at org.springframework.test.context.cache.DefaultCacheAwareContextLoaderDelegate.loadContext(DefaultCacheAwareContextLoaderDelegate.java:152) ~[spring-test-6.2.9.jar:6.2.9]
	at org.springframework.test.context.support.DefaultTestContext.getApplicationContext(DefaultTestContext.java:130) ~[spring-test-6.2.9.jar:6.2.9]
	at org.springframework.test.context.support.DependencyInjectionTestExecutionListener.injectDependencies(DependencyInjectionTestExecutionListener.java:155) ~[spring-test-6.2.9.jar:6.2.9]
	at org.springframework.test.context.support.DependencyInjectionTestExecutionListener.prepareTestInstance(DependencyInjectionTestExecutionListener.java:111) ~[spring-test-6.2.9.jar:6.2.9]
	at org.springframework.test.context.TestContextManager.prepareTestInstance(TestContextManager.java:260) ~[spring-test-6.2.9.jar:6.2.9]
	at org.springframework.test.context.junit.jupiter.SpringExtension.postProcessTestInstance(SpringExtension.java:159) ~[spring-test-6.2.9.jar:6.2.9]
	at org.junit.jupiter.engine.descriptor.ClassBasedTestDescriptor.lambda$invokeTestInstancePostProcessors$11(ClassBasedTestDescriptor.java:378) ~[junit-jupiter-engine-5.11.4.jar:5.11.4]
	at org.junit.jupiter.engine.descriptor.ClassBasedTestDescriptor.executeAndMaskThrowable(ClassBasedTestDescriptor.java:383) ~[junit-jupiter-engine-5.11.4.jar:5.11.4]
	at org.junit.jupiter.engine.descriptor.ClassBasedTestDescriptor.lambda$invokeTestInstancePostProcessors$12(ClassBasedTestDescriptor.java:378) ~[junit-jupiter-engine-5.11.4.jar:5.11.4]
	at java.base/java.util.stream.ForEachOps$ForEachOp$OfRef.accept(ForEachOps.java:183) ~[na:na]
	at java.base/java.util.stream.ReferencePipeline$3$1.accept(ReferencePipeline.java:197) ~[na:na]
	at java.base/java.util.stream.ReferencePipeline$2$1.accept(ReferencePipeline.java:179) ~[na:na]
	at java.base/java.util.stream.ReferencePipeline$3$1.accept(ReferencePipeline.java:197) ~[na:na]
	at java.base/java.util.ArrayList$ArrayListSpliterator.forEachRemaining(ArrayList.java:1625) ~[na:na]
	at java.base/java.util.stream.AbstractPipeline.copyInto(AbstractPipeline.java:509) ~[na:na]
	at java.base/java.util.stream.AbstractPipeline.wrapAndCopyInto(AbstractPipeline.java:499) ~[na:na]
	at java.base/java.util.stream.ForEachOps$ForEachOp.evaluateSequential(ForEachOps.java:150) ~[na:na]
	at java.base/java.util.stream.ForEachOps$ForEachOp$OfRef.evaluateSequential(ForEachOps.java:173) ~[na:na]
	at java.base/java.util.stream.AbstractPipeline.evaluate(AbstractPipeline.java:234) ~[na:na]
	at java.base/java.util.stream.ReferencePipeline.forEach(ReferencePipeline.java:596) ~[na:na]
	at org.junit.jupiter.engine.descriptor.ClassBasedTestDescriptor.invokeTestInstancePostProcessors(ClassBasedTestDescriptor.java:377) ~[junit-jupiter-engine-5.11.4.jar:5.11.4]
	at org.junit.jupiter.engine.descriptor.ClassBasedTestDescriptor.lambda$instantiateAndPostProcessTestInstance$7(ClassBasedTestDescriptor.java:290) ~[junit-jupiter-engine-5.11.4.jar:5.11.4]
	at org.junit.platform.engine.support.hierarchical.ThrowableCollector.execute(ThrowableCollector.java:73) ~[junit-platform-engine-1.11.4.jar:1.11.4]
	at org.junit.jupiter.engine.descriptor.ClassBasedTestDescriptor.instantiateAndPostProcessTestInstance(ClassBasedTestDescriptor.java:289) ~[junit-jupiter-engine-5.11.4.jar:5.11.4]
	at org.junit.jupiter.engine.descriptor.ClassBasedTestDescriptor.lambda$testInstancesProvider$5(ClassBasedTestDescriptor.java:279) ~[junit-jupiter-engine-5.11.4.jar:5.11.4]
	at java.base/java.util.Optional.orElseGet(Optional.java:364) ~[na:na]
	at org.junit.jupiter.engine.descriptor.ClassBasedTestDescriptor.lambda$testInstancesProvider$6(ClassBasedTestDescriptor.java:278) ~[junit-jupiter-engine-5.11.4.jar:5.11.4]
	at org.junit.jupiter.engine.execution.TestInstancesProvider.getTestInstances(TestInstancesProvider.java:31) ~[junit-jupiter-engine-5.11.4.jar:5.11.4]
	at org.junit.jupiter.engine.descriptor.TestMethodTestDescriptor.lambda$prepare$1(TestMethodTestDescriptor.java:105) ~[junit-jupiter-engine-5.11.4.jar:5.11.4]
	at org.junit.platform.engine.support.hierarchical.ThrowableCollector.execute(ThrowableCollector.java:73) ~[junit-platform-engine-1.11.4.jar:1.11.4]
	at org.junit.jupiter.engine.descriptor.TestMethodTestDescriptor.prepare(TestMethodTestDescriptor.java:104) ~[junit-jupiter-engine-5.11.4.jar:5.11.4]
	at org.junit.jupiter.engine.descriptor.TestMethodTestDescriptor.prepare(TestMethodTestDescriptor.java:68) ~[junit-jupiter-engine-5.11.4.jar:5.11.4]
	at org.junit.platform.engine.support.hierarchical.NodeTestTask.lambda$prepare$2(NodeTestTask.java:128) ~[junit-platform-engine-1.11.4.jar:1.11.4]
	at org.junit.platform.engine.support.hierarchical.ThrowableCollector.execute(ThrowableCollector.java:73) ~[junit-platform-engine-1.11.4.jar:1.11.4]
	at org.junit.platform.engine.support.hierarchical.NodeTestTask.prepare(NodeTestTask.java:128) ~[junit-platform-engine-1.11.4.jar:1.11.4]
	at org.junit.platform.engine.support.hierarchical.NodeTestTask.execute(NodeTestTask.java:95) ~[junit-platform-engine-1.11.4.jar:1.11.4]
	at java.base/java.util.ArrayList.forEach(ArrayList.java:1511) ~[na:na]
	at org.junit.platform.engine.support.hierarchical.SameThreadHierarchicalTestExecutorService.invokeAll(SameThreadHierarchicalTestExecutorService.java:41) ~[junit-platform-engine-1.11.4.jar:1.11.4]
	at org.junit.platform.engine.support.hierarchical.NodeTestTask.lambda$executeRecursively$6(NodeTestTask.java:160) ~[junit-platform-engine-1.11.4.jar:1.11.4]
	at org.junit.platform.engine.support.hierarchical.ThrowableCollector.execute(ThrowableCollector.java:73) ~[junit-platform-engine-1.11.4.jar:1.11.4]
	at org.junit.platform.engine.support.hierarchical.NodeTestTask.lambda$executeRecursively$8(NodeTestTask.java:146) ~[junit-platform-engine-1.11.4.jar:1.11.4]
	at org.junit.platform.engine.support.hierarchical.Node.around(Node.java:137) ~[junit-platform-engine-1.11.4.jar:1.11.4]
	at org.junit.platform.engine.support.hierarchical.NodeTestTask.lambda$executeRecursively$9(NodeTestTask.java:144) ~[junit-platform-engine-1.11.4.jar:1.11.4]
	at org.junit.platform.engine.support.hierarchical.ThrowableCollector.execute(ThrowableCollector.java:73) ~[junit-platform-engine-1.11.4.jar:1.11.4]
	at org.junit.platform.engine.support.hierarchical.NodeTestTask.executeRecursively(NodeTestTask.java:143) ~[junit-platform-engine-1.11.4.jar:1.11.4]
	at org.junit.platform.engine.support.hierarchical.NodeTestTask.execute(NodeTestTask.java:100) ~[junit-platform-engine-1.11.4.jar:1.11.4]
	at java.base/java.util.ArrayList.forEach(ArrayList.java:1511) ~[na:na]
	at org.junit.platform.engine.support.hierarchical.SameThreadHierarchicalTestExecutorService.invokeAll(SameThreadHierarchicalTestExecutorService.java:41) ~[junit-platform-engine-1.11.4.jar:1.11.4]
	at org.junit.platform.engine.support.hierarchical.NodeTestTask.lambda$executeRecursively$6(NodeTestTask.java:160) ~[junit-platform-engine-1.11.4.jar:1.11.4]
	at org.junit.platform.engine.support.hierarchical.ThrowableCollector.execute(ThrowableCollector.java:73) ~[junit-platform-engine-1.11.4.jar:1.11.4]
	at org.junit.platform.engine.support.hierarchical.NodeTestTask.lambda$executeRecursively$8(NodeTestTask.java:146) ~[junit-platform-engine-1.11.4.jar:1.11.4]
	at org.junit.platform.engine.support.hierarchical.Node.around(Node.java:137) ~[junit-platform-engine-1.11.4.jar:1.11.4]
	at org.junit.platform.engine.support.hierarchical.NodeTestTask.lambda$executeRecursively$9(NodeTestTask.java:144) ~[junit-platform-engine-1.11.4.jar:1.11.4]
	at org.junit.platform.engine.support.hierarchical.ThrowableCollector.execute(ThrowableCollector.java:73) ~[junit-platform-engine-1.11.4.jar:1.11.4]
	at org.junit.platform.engine.support.hierarchical.NodeTestTask.executeRecursively(NodeTestTask.java:143) ~[junit-platform-engine-1.11.4.jar:1.11.4]
	at org.junit.platform.engine.support.hierarchical.NodeTestTask.execute(NodeTestTask.java:100) ~[junit-platform-engine-1.11.4.jar:1.11.4]
	at org.junit.platform.engine.support.hierarchical.SameThreadHierarchicalTestExecutorService.submit(SameThreadHierarchicalTestExecutorService.java:35) ~[junit-platform-engine-1.11.4.jar:1.11.4]
	at org.junit.platform.engine.support.hierarchical.HierarchicalTestExecutor.execute(HierarchicalTestExecutor.java:57) ~[junit-platform-engine-1.11.4.jar:1.11.4]
	at org.junit.platform.engine.support.hierarchical.HierarchicalTestEngine.execute(HierarchicalTestEngine.java:54) ~[junit-platform-engine-1.11.4.jar:1.11.4]
	at org.junit.platform.launcher.core.EngineExecutionOrchestrator.execute(EngineExecutionOrchestrator.java:198) ~[junit-platform-launcher-1.11.4.jar:1.11.4]
	at org.junit.platform.launcher.core.EngineExecutionOrchestrator.execute(EngineExecutionOrchestrator.java:169) ~[junit-platform-launcher-1.11.4.jar:1.11.4]
	at org.junit.platform.launcher.core.EngineExecutionOrchestrator.execute(EngineExecutionOrchestrator.java:93) ~[junit-platform-launcher-1.11.4.jar:1.11.4]
	at org.junit.platform.launcher.core.EngineExecutionOrchestrator.lambda$execute$0(EngineExecutionOrchestrator.java:58) ~[junit-platform-launcher-1.11.4.jar:1.11.4]
	at org.junit.platform.launcher.core.EngineExecutionOrchestrator.withInterceptedStreams(EngineExecutionOrchestrator.java:141) ~[junit-platform-launcher-1.11.4.jar:1.11.4]
	at org.junit.platform.launcher.core.EngineExecutionOrchestrator.execute(EngineExecutionOrchestrator.java:57) ~[junit-platform-launcher-1.11.4.jar:1.11.4]
	at org.junit.platform.launcher.core.DefaultLauncher.execute(DefaultLauncher.java:103) ~[junit-platform-launcher-1.11.4.jar:1.11.4]
	at org.junit.platform.launcher.core.DefaultLauncher.execute(DefaultLauncher.java:85) ~[junit-platform-launcher-1.11.4.jar:1.11.4]
	at org.junit.platform.launcher.core.DelegatingLauncher.execute(DelegatingLauncher.java:47) ~[junit-platform-launcher-1.11.4.jar:1.11.4]
	at org.junit.platform.launcher.core.SessionPerRequestLauncher.execute(SessionPerRequestLauncher.java:63) ~[junit-platform-launcher-1.11.4.jar:1.11.4]
	at com.intellij.junit5.JUnit5IdeaTestRunner.startRunnerWithArgs(JUnit5IdeaTestRunner.java:66) ~[junit5-rt.jar:na]
	at com.intellij.rt.junit.IdeaTestRunner$Repeater$1.execute(IdeaTestRunner.java:38) ~[junit-rt.jar:na]
	at com.intellij.rt.execution.junit.TestsRepeater.repeat(TestsRepeater.java:11) ~[idea_rt.jar:na]
	at com.intellij.rt.junit.IdeaTestRunner$Repeater.startRunnerWithArgs(IdeaTestRunner.java:35) ~[junit-rt.jar:na]
	at com.intellij.rt.junit.JUnitStarter.prepareStreamsAndStart(JUnitStarter.java:231) ~[junit-rt.jar:na]
	at com.intellij.rt.junit.JUnitStarter.main(JUnitStarter.java:55) ~[junit-rt.jar:na]
Caused by: org.h2.jdbc.JdbcSQLSyntaxErrorException: Syntax error in SQL statement "create table book_details (page_count integer, book_id bigint, id bigint not null auto_increment, cover_image_url varchar(255), description varchar(255), edition varchar(255), language varchar(255), publisher varchar(255), primary key (id)) engine[*]=InnoDB"; expected "identifier"; SQL statement:
create table book_details (page_count integer, book_id bigint, id bigint not null auto_increment, cover_image_url varchar(255), description varchar(255), edition varchar(255), language varchar(255), publisher varchar(255), primary key (id)) engine=InnoDB [42001-232]
	at org.h2.message.DbException.getJdbcSQLException(DbException.java:514) ~[h2-2.3.232.jar:2.3.232]
	at org.h2.message.DbException.getJdbcSQLException(DbException.java:489) ~[h2-2.3.232.jar:2.3.232]
	at org.h2.message.DbException.getSyntaxError(DbException.java:261) ~[h2-2.3.232.jar:2.3.232]
	at org.h2.command.Parser.readIdentifier(Parser.java:5527) ~[h2-2.3.232.jar:2.3.232]
	at org.h2.command.Parser.parseCreateTable(Parser.java:8827) ~[h2-2.3.232.jar:2.3.232]
	at org.h2.command.Parser.parseCreate(Parser.java:6398) ~[h2-2.3.232.jar:2.3.232]
	at org.h2.command.Parser.parsePrepared(Parser.java:645) ~[h2-2.3.232.jar:2.3.232]
	at org.h2.command.Parser.parse(Parser.java:581) ~[h2-2.3.232.jar:2.3.232]
	at org.h2.command.Parser.parse(Parser.java:556) ~[h2-2.3.232.jar:2.3.232]
	at org.h2.command.Parser.prepareCommand(Parser.java:484) ~[h2-2.3.232.jar:2.3.232]
	at org.h2.engine.SessionLocal.prepareLocal(SessionLocal.java:645) ~[h2-2.3.232.jar:2.3.232]
	at org.h2.engine.SessionLocal.prepareCommand(SessionLocal.java:561) ~[h2-2.3.232.jar:2.3.232]
	at org.h2.jdbc.JdbcConnection.prepareCommand(JdbcConnection.java:1164) ~[h2-2.3.232.jar:2.3.232]
	at org.h2.jdbc.JdbcStatement.executeInternal(JdbcStatement.java:245) ~[h2-2.3.232.jar:2.3.232]
	at org.h2.jdbc.JdbcStatement.execute(JdbcStatement.java:231) ~[h2-2.3.232.jar:2.3.232]
	at org.hibernate.tool.schema.internal.exec.GenerationTargetToDatabase.accept(GenerationTargetToDatabase.java:80) ~[hibernate-core-6.6.22.Final.jar:6.6.22.Final]
	... 118 common frames omitted

2025-08-26T22:21:45.620+09:00  WARN 21112 --- [MySpringBootLab] [main] o.h.t.s.i.ExceptionHandlerLoggedImpl     : GenerationTarget encountered exception accepting command : Error executing DDL "create table books (price integer, publish_date date, id bigint not null auto_increment, author varchar(255) not null, isbn varchar(255) not null, title varchar(255) not null, primary key (id)) engine=InnoDB" via JDBC [Syntax error in SQL statement "create table books (price integer, publish_date date, id bigint not null auto_increment, author varchar(255) not null, isbn varchar(255) not null, title varchar(255) not null, primary key (id)) engine[*]=InnoDB"; expected "identifier";]

org.hibernate.tool.schema.spi.CommandAcceptanceException: Error executing DDL "create table books (price integer, publish_date date, id bigint not null auto_increment, author varchar(255) not null, isbn varchar(255) not null, title varchar(255) not null, primary key (id)) engine=InnoDB" via JDBC [Syntax error in SQL statement "create table books (price integer, publish_date date, id bigint not null auto_increment, author varchar(255) not null, isbn varchar(255) not null, title varchar(255) not null, primary key (id)) engine[*]=InnoDB"; expected "identifier";]
	at org.hibernate.tool.schema.internal.exec.GenerationTargetToDatabase.accept(GenerationTargetToDatabase.java:94) ~[hibernate-core-6.6.22.Final.jar:6.6.22.Final]
	at org.hibernate.tool.schema.internal.Helper.applySqlString(Helper.java:233) ~[hibernate-core-6.6.22.Final.jar:6.6.22.Final]
	at org.hibernate.tool.schema.internal.Helper.applySqlStrings(Helper.java:217) ~[hibernate-core-6.6.22.Final.jar:6.6.22.Final]
	at org.hibernate.tool.schema.internal.SchemaCreatorImpl.createTables(SchemaCreatorImpl.java:430) ~[hibernate-core-6.6.22.Final.jar:6.6.22.Final]
	at org.hibernate.tool.schema.internal.SchemaCreatorImpl.createSequencesTablesConstraints(SchemaCreatorImpl.java:346) ~[hibernate-core-6.6.22.Final.jar:6.6.22.Final]
	at org.hibernate.tool.schema.internal.SchemaCreatorImpl.createFromMetadata(SchemaCreatorImpl.java:241) ~[hibernate-core-6.6.22.Final.jar:6.6.22.Final]
	at org.hibernate.tool.schema.internal.SchemaCreatorImpl.performCreation(SchemaCreatorImpl.java:174) ~[hibernate-core-6.6.22.Final.jar:6.6.22.Final]
	at org.hibernate.tool.schema.internal.SchemaCreatorImpl.doCreation(SchemaCreatorImpl.java:144) ~[hibernate-core-6.6.22.Final.jar:6.6.22.Final]
	at org.hibernate.tool.schema.internal.SchemaCreatorImpl.doCreation(SchemaCreatorImpl.java:120) ~[hibernate-core-6.6.22.Final.jar:6.6.22.Final]
	at org.hibernate.tool.schema.spi.SchemaManagementToolCoordinator.performDatabaseAction(SchemaManagementToolCoordinator.java:250) ~[hibernate-core-6.6.22.Final.jar:6.6.22.Final]
	at org.hibernate.tool.schema.spi.SchemaManagementToolCoordinator.lambda$process$5(SchemaManagementToolCoordinator.java:144) ~[hibernate-core-6.6.22.Final.jar:6.6.22.Final]
	at java.base/java.util.HashMap.forEach(HashMap.java:1421) ~[na:na]
	at org.hibernate.tool.schema.spi.SchemaManagementToolCoordinator.process(SchemaManagementToolCoordinator.java:141) ~[hibernate-core-6.6.22.Final.jar:6.6.22.Final]
	at org.hibernate.boot.internal.SessionFactoryObserverForSchemaExport.sessionFactoryCreated(SessionFactoryObserverForSchemaExport.java:37) ~[hibernate-core-6.6.22.Final.jar:6.6.22.Final]
	at org.hibernate.internal.SessionFactoryObserverChain.sessionFactoryCreated(SessionFactoryObserverChain.java:35) ~[hibernate-core-6.6.22.Final.jar:6.6.22.Final]
	at org.hibernate.internal.SessionFactoryImpl.<init>(SessionFactoryImpl.java:324) ~[hibernate-core-6.6.22.Final.jar:6.6.22.Final]
	at org.hibernate.boot.internal.SessionFactoryBuilderImpl.build(SessionFactoryBuilderImpl.java:463) ~[hibernate-core-6.6.22.Final.jar:6.6.22.Final]
	at org.hibernate.jpa.boot.internal.EntityManagerFactoryBuilderImpl.build(EntityManagerFactoryBuilderImpl.java:1517) ~[hibernate-core-6.6.22.Final.jar:6.6.22.Final]
	at org.springframework.orm.jpa.vendor.SpringHibernateJpaPersistenceProvider.createContainerEntityManagerFactory(SpringHibernateJpaPersistenceProvider.java:66) ~[spring-orm-6.2.9.jar:6.2.9]
	at org.springframework.orm.jpa.LocalContainerEntityManagerFactoryBean.createNativeEntityManagerFactory(LocalContainerEntityManagerFactoryBean.java:390) ~[spring-orm-6.2.9.jar:6.2.9]
	at org.springframework.orm.jpa.AbstractEntityManagerFactoryBean.buildNativeEntityManagerFactory(AbstractEntityManagerFactoryBean.java:419) ~[spring-orm-6.2.9.jar:6.2.9]
	at org.springframework.orm.jpa.AbstractEntityManagerFactoryBean.afterPropertiesSet(AbstractEntityManagerFactoryBean.java:400) ~[spring-orm-6.2.9.jar:6.2.9]
	at org.springframework.orm.jpa.LocalContainerEntityManagerFactoryBean.afterPropertiesSet(LocalContainerEntityManagerFactoryBean.java:366) ~[spring-orm-6.2.9.jar:6.2.9]
	at org.springframework.beans.factory.support.AbstractAutowireCapableBeanFactory.invokeInitMethods(AbstractAutowireCapableBeanFactory.java:1873) ~[spring-beans-6.2.9.jar:6.2.9]
	at org.springframework.beans.factory.support.AbstractAutowireCapableBeanFactory.initializeBean(AbstractAutowireCapableBeanFactory.java:1822) ~[spring-beans-6.2.9.jar:6.2.9]
	at org.springframework.beans.factory.support.AbstractAutowireCapableBeanFactory.doCreateBean(AbstractAutowireCapableBeanFactory.java:607) ~[spring-beans-6.2.9.jar:6.2.9]
	at org.springframework.beans.factory.support.AbstractAutowireCapableBeanFactory.createBean(AbstractAutowireCapableBeanFactory.java:529) ~[spring-beans-6.2.9.jar:6.2.9]
	at org.springframework.beans.factory.support.AbstractBeanFactory.lambda$doGetBean$0(AbstractBeanFactory.java:339) ~[spring-beans-6.2.9.jar:6.2.9]
	at org.springframework.beans.factory.support.DefaultSingletonBeanRegistry.getSingleton(DefaultSingletonBeanRegistry.java:373) ~[spring-beans-6.2.9.jar:6.2.9]
	at org.springframework.beans.factory.support.AbstractBeanFactory.doGetBean(AbstractBeanFactory.java:337) ~[spring-beans-6.2.9.jar:6.2.9]
	at org.springframework.beans.factory.support.AbstractBeanFactory.getBean(AbstractBeanFactory.java:207) ~[spring-beans-6.2.9.jar:6.2.9]
	at org.springframework.context.support.AbstractApplicationContext.finishBeanFactoryInitialization(AbstractApplicationContext.java:970) ~[spring-context-6.2.9.jar:6.2.9]
	at org.springframework.context.support.AbstractApplicationContext.refresh(AbstractApplicationContext.java:627) ~[spring-context-6.2.9.jar:6.2.9]
	at org.springframework.boot.SpringApplication.refresh(SpringApplication.java:752) ~[spring-boot-3.4.8.jar:3.4.8]
	at org.springframework.boot.SpringApplication.refreshContext(SpringApplication.java:439) ~[spring-boot-3.4.8.jar:3.4.8]
	at org.springframework.boot.SpringApplication.run(SpringApplication.java:318) ~[spring-boot-3.4.8.jar:3.4.8]
	at org.springframework.boot.test.context.SpringBootContextLoader.lambda$loadContext$3(SpringBootContextLoader.java:144) ~[spring-boot-test-3.4.8.jar:3.4.8]
	at org.springframework.util.function.ThrowingSupplier.get(ThrowingSupplier.java:58) ~[spring-core-6.2.9.jar:6.2.9]
	at org.springframework.util.function.ThrowingSupplier.get(ThrowingSupplier.java:46) ~[spring-core-6.2.9.jar:6.2.9]
	at org.springframework.boot.SpringApplication.withHook(SpringApplication.java:1461) ~[spring-boot-3.4.8.jar:3.4.8]
	at org.springframework.boot.test.context.SpringBootContextLoader$ContextLoaderHook.run(SpringBootContextLoader.java:563) ~[spring-boot-test-3.4.8.jar:3.4.8]
	at org.springframework.boot.test.context.SpringBootContextLoader.loadContext(SpringBootContextLoader.java:144) ~[spring-boot-test-3.4.8.jar:3.4.8]
	at org.springframework.boot.test.context.SpringBootContextLoader.loadContext(SpringBootContextLoader.java:110) ~[spring-boot-test-3.4.8.jar:3.4.8]
	at org.springframework.test.context.cache.DefaultCacheAwareContextLoaderDelegate.loadContextInternal(DefaultCacheAwareContextLoaderDelegate.java:225) ~[spring-test-6.2.9.jar:6.2.9]
	at org.springframework.test.context.cache.DefaultCacheAwareContextLoaderDelegate.loadContext(DefaultCacheAwareContextLoaderDelegate.java:152) ~[spring-test-6.2.9.jar:6.2.9]
	at org.springframework.test.context.support.DefaultTestContext.getApplicationContext(DefaultTestContext.java:130) ~[spring-test-6.2.9.jar:6.2.9]
	at org.springframework.test.context.support.DependencyInjectionTestExecutionListener.injectDependencies(DependencyInjectionTestExecutionListener.java:155) ~[spring-test-6.2.9.jar:6.2.9]
	at org.springframework.test.context.support.DependencyInjectionTestExecutionListener.prepareTestInstance(DependencyInjectionTestExecutionListener.java:111) ~[spring-test-6.2.9.jar:6.2.9]
	at org.springframework.test.context.TestContextManager.prepareTestInstance(TestContextManager.java:260) ~[spring-test-6.2.9.jar:6.2.9]
	at org.springframework.test.context.junit.jupiter.SpringExtension.postProcessTestInstance(SpringExtension.java:159) ~[spring-test-6.2.9.jar:6.2.9]
	at org.junit.jupiter.engine.descriptor.ClassBasedTestDescriptor.lambda$invokeTestInstancePostProcessors$11(ClassBasedTestDescriptor.java:378) ~[junit-jupiter-engine-5.11.4.jar:5.11.4]
	at org.junit.jupiter.engine.descriptor.ClassBasedTestDescriptor.executeAndMaskThrowable(ClassBasedTestDescriptor.java:383) ~[junit-jupiter-engine-5.11.4.jar:5.11.4]
	at org.junit.jupiter.engine.descriptor.ClassBasedTestDescriptor.lambda$invokeTestInstancePostProcessors$12(ClassBasedTestDescriptor.java:378) ~[junit-jupiter-engine-5.11.4.jar:5.11.4]
	at java.base/java.util.stream.ForEachOps$ForEachOp$OfRef.accept(ForEachOps.java:183) ~[na:na]
	at java.base/java.util.stream.ReferencePipeline$3$1.accept(ReferencePipeline.java:197) ~[na:na]
	at java.base/java.util.stream.ReferencePipeline$2$1.accept(ReferencePipeline.java:179) ~[na:na]
	at java.base/java.util.stream.ReferencePipeline$3$1.accept(ReferencePipeline.java:197) ~[na:na]
	at java.base/java.util.ArrayList$ArrayListSpliterator.forEachRemaining(ArrayList.java:1625) ~[na:na]
	at java.base/java.util.stream.AbstractPipeline.copyInto(AbstractPipeline.java:509) ~[na:na]
	at java.base/java.util.stream.AbstractPipeline.wrapAndCopyInto(AbstractPipeline.java:499) ~[na:na]
	at java.base/java.util.stream.ForEachOps$ForEachOp.evaluateSequential(ForEachOps.java:150) ~[na:na]
	at java.base/java.util.stream.ForEachOps$ForEachOp$OfRef.evaluateSequential(ForEachOps.java:173) ~[na:na]
	at java.base/java.util.stream.AbstractPipeline.evaluate(AbstractPipeline.java:234) ~[na:na]
	at java.base/java.util.stream.ReferencePipeline.forEach(ReferencePipeline.java:596) ~[na:na]
	at org.junit.jupiter.engine.descriptor.ClassBasedTestDescriptor.invokeTestInstancePostProcessors(ClassBasedTestDescriptor.java:377) ~[junit-jupiter-engine-5.11.4.jar:5.11.4]
	at org.junit.jupiter.engine.descriptor.ClassBasedTestDescriptor.lambda$instantiateAndPostProcessTestInstance$7(ClassBasedTestDescriptor.java:290) ~[junit-jupiter-engine-5.11.4.jar:5.11.4]
	at org.junit.platform.engine.support.hierarchical.ThrowableCollector.execute(ThrowableCollector.java:73) ~[junit-platform-engine-1.11.4.jar:1.11.4]
	at org.junit.jupiter.engine.descriptor.ClassBasedTestDescriptor.instantiateAndPostProcessTestInstance(ClassBasedTestDescriptor.java:289) ~[junit-jupiter-engine-5.11.4.jar:5.11.4]
	at org.junit.jupiter.engine.descriptor.ClassBasedTestDescriptor.lambda$testInstancesProvider$5(ClassBasedTestDescriptor.java:279) ~[junit-jupiter-engine-5.11.4.jar:5.11.4]
	at java.base/java.util.Optional.orElseGet(Optional.java:364) ~[na:na]
	at org.junit.jupiter.engine.descriptor.ClassBasedTestDescriptor.lambda$testInstancesProvider$6(ClassBasedTestDescriptor.java:278) ~[junit-jupiter-engine-5.11.4.jar:5.11.4]
	at org.junit.jupiter.engine.execution.TestInstancesProvider.getTestInstances(TestInstancesProvider.java:31) ~[junit-jupiter-engine-5.11.4.jar:5.11.4]
	at org.junit.jupiter.engine.descriptor.TestMethodTestDescriptor.lambda$prepare$1(TestMethodTestDescriptor.java:105) ~[junit-jupiter-engine-5.11.4.jar:5.11.4]
	at org.junit.platform.engine.support.hierarchical.ThrowableCollector.execute(ThrowableCollector.java:73) ~[junit-platform-engine-1.11.4.jar:1.11.4]
	at org.junit.jupiter.engine.descriptor.TestMethodTestDescriptor.prepare(TestMethodTestDescriptor.java:104) ~[junit-jupiter-engine-5.11.4.jar:5.11.4]
	at org.junit.jupiter.engine.descriptor.TestMethodTestDescriptor.prepare(TestMethodTestDescriptor.java:68) ~[junit-jupiter-engine-5.11.4.jar:5.11.4]
	at org.junit.platform.engine.support.hierarchical.NodeTestTask.lambda$prepare$2(NodeTestTask.java:128) ~[junit-platform-engine-1.11.4.jar:1.11.4]
	at org.junit.platform.engine.support.hierarchical.ThrowableCollector.execute(ThrowableCollector.java:73) ~[junit-platform-engine-1.11.4.jar:1.11.4]
	at org.junit.platform.engine.support.hierarchical.NodeTestTask.prepare(NodeTestTask.java:128) ~[junit-platform-engine-1.11.4.jar:1.11.4]
	at org.junit.platform.engine.support.hierarchical.NodeTestTask.execute(NodeTestTask.java:95) ~[junit-platform-engine-1.11.4.jar:1.11.4]
	at java.base/java.util.ArrayList.forEach(ArrayList.java:1511) ~[na:na]
	at org.junit.platform.engine.support.hierarchical.SameThreadHierarchicalTestExecutorService.invokeAll(SameThreadHierarchicalTestExecutorService.java:41) ~[junit-platform-engine-1.11.4.jar:1.11.4]
	at org.junit.platform.engine.support.hierarchical.NodeTestTask.lambda$executeRecursively$6(NodeTestTask.java:160) ~[junit-platform-engine-1.11.4.jar:1.11.4]
	at org.junit.platform.engine.support.hierarchical.ThrowableCollector.execute(ThrowableCollector.java:73) ~[junit-platform-engine-1.11.4.jar:1.11.4]
	at org.junit.platform.engine.support.hierarchical.NodeTestTask.lambda$executeRecursively$8(NodeTestTask.java:146) ~[junit-platform-engine-1.11.4.jar:1.11.4]
	at org.junit.platform.engine.support.hierarchical.Node.around(Node.java:137) ~[junit-platform-engine-1.11.4.jar:1.11.4]
	at org.junit.platform.engine.support.hierarchical.NodeTestTask.lambda$executeRecursively$9(NodeTestTask.java:144) ~[junit-platform-engine-1.11.4.jar:1.11.4]
	at org.junit.platform.engine.support.hierarchical.ThrowableCollector.execute(ThrowableCollector.java:73) ~[junit-platform-engine-1.11.4.jar:1.11.4]
	at org.junit.platform.engine.support.hierarchical.NodeTestTask.executeRecursively(NodeTestTask.java:143) ~[junit-platform-engine-1.11.4.jar:1.11.4]
	at org.junit.platform.engine.support.hierarchical.NodeTestTask.execute(NodeTestTask.java:100) ~[junit-platform-engine-1.11.4.jar:1.11.4]
	at java.base/java.util.ArrayList.forEach(ArrayList.java:1511) ~[na:na]
	at org.junit.platform.engine.support.hierarchical.SameThreadHierarchicalTestExecutorService.invokeAll(SameThreadHierarchicalTestExecutorService.java:41) ~[junit-platform-engine-1.11.4.jar:1.11.4]
	at org.junit.platform.engine.support.hierarchical.NodeTestTask.lambda$executeRecursively$6(NodeTestTask.java:160) ~[junit-platform-engine-1.11.4.jar:1.11.4]
	at org.junit.platform.engine.support.hierarchical.ThrowableCollector.execute(ThrowableCollector.java:73) ~[junit-platform-engine-1.11.4.jar:1.11.4]
	at org.junit.platform.engine.support.hierarchical.NodeTestTask.lambda$executeRecursively$8(NodeTestTask.java:146) ~[junit-platform-engine-1.11.4.jar:1.11.4]
	at org.junit.platform.engine.support.hierarchical.Node.around(Node.java:137) ~[junit-platform-engine-1.11.4.jar:1.11.4]
	at org.junit.platform.engine.support.hierarchical.NodeTestTask.lambda$executeRecursively$9(NodeTestTask.java:144) ~[junit-platform-engine-1.11.4.jar:1.11.4]
	at org.junit.platform.engine.support.hierarchical.ThrowableCollector.execute(ThrowableCollector.java:73) ~[junit-platform-engine-1.11.4.jar:1.11.4]
	at org.junit.platform.engine.support.hierarchical.NodeTestTask.executeRecursively(NodeTestTask.java:143) ~[junit-platform-engine-1.11.4.jar:1.11.4]
	at org.junit.platform.engine.support.hierarchical.NodeTestTask.execute(NodeTestTask.java:100) ~[junit-platform-engine-1.11.4.jar:1.11.4]
	at org.junit.platform.engine.support.hierarchical.SameThreadHierarchicalTestExecutorService.submit(SameThreadHierarchicalTestExecutorService.java:35) ~[junit-platform-engine-1.11.4.jar:1.11.4]
	at org.junit.platform.engine.support.hierarchical.HierarchicalTestExecutor.execute(HierarchicalTestExecutor.java:57) ~[junit-platform-engine-1.11.4.jar:1.11.4]
	at org.junit.platform.engine.support.hierarchical.HierarchicalTestEngine.execute(HierarchicalTestEngine.java:54) ~[junit-platform-engine-1.11.4.jar:1.11.4]
	at org.junit.platform.launcher.core.EngineExecutionOrchestrator.execute(EngineExecutionOrchestrator.java:198) ~[junit-platform-launcher-1.11.4.jar:1.11.4]
	at org.junit.platform.launcher.core.EngineExecutionOrchestrator.execute(EngineExecutionOrchestrator.java:169) ~[junit-platform-launcher-1.11.4.jar:1.11.4]
	at org.junit.platform.launcher.core.EngineExecutionOrchestrator.execute(EngineExecutionOrchestrator.java:93) ~[junit-platform-launcher-1.11.4.jar:1.11.4]
	at org.junit.platform.launcher.core.EngineExecutionOrchestrator.lambda$execute$0(EngineExecutionOrchestrator.java:58) ~[junit-platform-launcher-1.11.4.jar:1.11.4]
	at org.junit.platform.launcher.core.EngineExecutionOrchestrator.withInterceptedStreams(EngineExecutionOrchestrator.java:141) ~[junit-platform-launcher-1.11.4.jar:1.11.4]
	at org.junit.platform.launcher.core.EngineExecutionOrchestrator.execute(EngineExecutionOrchestrator.java:57) ~[junit-platform-launcher-1.11.4.jar:1.11.4]
	at org.junit.platform.launcher.core.DefaultLauncher.execute(DefaultLauncher.java:103) ~[junit-platform-launcher-1.11.4.jar:1.11.4]
	at org.junit.platform.launcher.core.DefaultLauncher.execute(DefaultLauncher.java:85) ~[junit-platform-launcher-1.11.4.jar:1.11.4]
	at org.junit.platform.launcher.core.DelegatingLauncher.execute(DelegatingLauncher.java:47) ~[junit-platform-launcher-1.11.4.jar:1.11.4]
	at org.junit.platform.launcher.core.SessionPerRequestLauncher.execute(SessionPerRequestLauncher.java:63) ~[junit-platform-launcher-1.11.4.jar:1.11.4]
	at com.intellij.junit5.JUnit5IdeaTestRunner.startRunnerWithArgs(JUnit5IdeaTestRunner.java:66) ~[junit5-rt.jar:na]
	at com.intellij.rt.junit.IdeaTestRunner$Repeater$1.execute(IdeaTestRunner.java:38) ~[junit-rt.jar:na]
	at com.intellij.rt.execution.junit.TestsRepeater.repeat(TestsRepeater.java:11) ~[idea_rt.jar:na]
	at com.intellij.rt.junit.IdeaTestRunner$Repeater.startRunnerWithArgs(IdeaTestRunner.java:35) ~[junit-rt.jar:na]
	at com.intellij.rt.junit.JUnitStarter.prepareStreamsAndStart(JUnitStarter.java:231) ~[junit-rt.jar:na]
	at com.intellij.rt.junit.JUnitStarter.main(JUnitStarter.java:55) ~[junit-rt.jar:na]
Caused by: org.h2.jdbc.JdbcSQLSyntaxErrorException: Syntax error in SQL statement "create table books (price integer, publish_date date, id bigint not null auto_increment, author varchar(255) not null, isbn varchar(255) not null, title varchar(255) not null, primary key (id)) engine[*]=InnoDB"; expected "identifier"; SQL statement:
create table books (price integer, publish_date date, id bigint not null auto_increment, author varchar(255) not null, isbn varchar(255) not null, title varchar(255) not null, primary key (id)) engine=InnoDB [42001-232]
	at org.h2.message.DbException.getJdbcSQLException(DbException.java:514) ~[h2-2.3.232.jar:2.3.232]
	at org.h2.message.DbException.getJdbcSQLException(DbException.java:489) ~[h2-2.3.232.jar:2.3.232]
	at org.h2.message.DbException.getSyntaxError(DbException.java:261) ~[h2-2.3.232.jar:2.3.232]
	at org.h2.command.Parser.readIdentifier(Parser.java:5527) ~[h2-2.3.232.jar:2.3.232]
	at org.h2.command.Parser.parseCreateTable(Parser.java:8827) ~[h2-2.3.232.jar:2.3.232]
	at org.h2.command.Parser.parseCreate(Parser.java:6398) ~[h2-2.3.232.jar:2.3.232]
	at org.h2.command.Parser.parsePrepared(Parser.java:645) ~[h2-2.3.232.jar:2.3.232]
	at org.h2.command.Parser.parse(Parser.java:581) ~[h2-2.3.232.jar:2.3.232]
	at org.h2.command.Parser.parse(Parser.java:556) ~[h2-2.3.232.jar:2.3.232]
	at org.h2.command.Parser.prepareCommand(Parser.java:484) ~[h2-2.3.232.jar:2.3.232]
	at org.h2.engine.SessionLocal.prepareLocal(SessionLocal.java:645) ~[h2-2.3.232.jar:2.3.232]
	at org.h2.engine.SessionLocal.prepareCommand(SessionLocal.java:561) ~[h2-2.3.232.jar:2.3.232]
	at org.h2.jdbc.JdbcConnection.prepareCommand(JdbcConnection.java:1164) ~[h2-2.3.232.jar:2.3.232]
	at org.h2.jdbc.JdbcStatement.executeInternal(JdbcStatement.java:245) ~[h2-2.3.232.jar:2.3.232]
	at org.h2.jdbc.JdbcStatement.execute(JdbcStatement.java:231) ~[h2-2.3.232.jar:2.3.232]
	at org.hibernate.tool.schema.internal.exec.GenerationTargetToDatabase.accept(GenerationTargetToDatabase.java:80) ~[hibernate-core-6.6.22.Final.jar:6.6.22.Final]
	... 118 common frames omitted

2025-08-26T22:21:45.620+09:00  WARN 21112 --- [MySpringBootLab] [main] o.h.t.s.i.ExceptionHandlerLoggedImpl     : GenerationTarget encountered exception accepting command : Error executing DDL "alter table book_details add constraint UKcj1y16bigff5oyvo049gj8vsi unique (book_id)" via JDBC [Table "BOOK_DETAILS" not found;]

org.hibernate.tool.schema.spi.CommandAcceptanceException: Error executing DDL "alter table book_details add constraint UKcj1y16bigff5oyvo049gj8vsi unique (book_id)" via JDBC [Table "BOOK_DETAILS" not found;]
	at org.hibernate.tool.schema.internal.exec.GenerationTargetToDatabase.accept(GenerationTargetToDatabase.java:94) ~[hibernate-core-6.6.22.Final.jar:6.6.22.Final]
	at org.hibernate.tool.schema.internal.Helper.applySqlString(Helper.java:233) ~[hibernate-core-6.6.22.Final.jar:6.6.22.Final]
	at org.hibernate.tool.schema.internal.Helper.applySqlStrings(Helper.java:217) ~[hibernate-core-6.6.22.Final.jar:6.6.22.Final]
	at org.hibernate.tool.schema.internal.SchemaCreatorImpl.createTableConstraints(SchemaCreatorImpl.java:402) ~[hibernate-core-6.6.22.Final.jar:6.6.22.Final]
	at org.hibernate.tool.schema.internal.SchemaCreatorImpl.createSequencesTablesConstraints(SchemaCreatorImpl.java:358) ~[hibernate-core-6.6.22.Final.jar:6.6.22.Final]
	at org.hibernate.tool.schema.internal.SchemaCreatorImpl.createFromMetadata(SchemaCreatorImpl.java:241) ~[hibernate-core-6.6.22.Final.jar:6.6.22.Final]
	at org.hibernate.tool.schema.internal.SchemaCreatorImpl.performCreation(SchemaCreatorImpl.java:174) ~[hibernate-core-6.6.22.Final.jar:6.6.22.Final]
	at org.hibernate.tool.schema.internal.SchemaCreatorImpl.doCreation(SchemaCreatorImpl.java:144) ~[hibernate-core-6.6.22.Final.jar:6.6.22.Final]
	at org.hibernate.tool.schema.internal.SchemaCreatorImpl.doCreation(SchemaCreatorImpl.java:120) ~[hibernate-core-6.6.22.Final.jar:6.6.22.Final]
	at org.hibernate.tool.schema.spi.SchemaManagementToolCoordinator.performDatabaseAction(SchemaManagementToolCoordinator.java:250) ~[hibernate-core-6.6.22.Final.jar:6.6.22.Final]
	at org.hibernate.tool.schema.spi.SchemaManagementToolCoordinator.lambda$process$5(SchemaManagementToolCoordinator.java:144) ~[hibernate-core-6.6.22.Final.jar:6.6.22.Final]
	at java.base/java.util.HashMap.forEach(HashMap.java:1421) ~[na:na]
	at org.hibernate.tool.schema.spi.SchemaManagementToolCoordinator.process(SchemaManagementToolCoordinator.java:141) ~[hibernate-core-6.6.22.Final.jar:6.6.22.Final]
	at org.hibernate.boot.internal.SessionFactoryObserverForSchemaExport.sessionFactoryCreated(SessionFactoryObserverForSchemaExport.java:37) ~[hibernate-core-6.6.22.Final.jar:6.6.22.Final]
	at org.hibernate.internal.SessionFactoryObserverChain.sessionFactoryCreated(SessionFactoryObserverChain.java:35) ~[hibernate-core-6.6.22.Final.jar:6.6.22.Final]
	at org.hibernate.internal.SessionFactoryImpl.<init>(SessionFactoryImpl.java:324) ~[hibernate-core-6.6.22.Final.jar:6.6.22.Final]
	at org.hibernate.boot.internal.SessionFactoryBuilderImpl.build(SessionFactoryBuilderImpl.java:463) ~[hibernate-core-6.6.22.Final.jar:6.6.22.Final]
	at org.hibernate.jpa.boot.internal.EntityManagerFactoryBuilderImpl.build(EntityManagerFactoryBuilderImpl.java:1517) ~[hibernate-core-6.6.22.Final.jar:6.6.22.Final]
	at org.springframework.orm.jpa.vendor.SpringHibernateJpaPersistenceProvider.createContainerEntityManagerFactory(SpringHibernateJpaPersistenceProvider.java:66) ~[spring-orm-6.2.9.jar:6.2.9]
	at org.springframework.orm.jpa.LocalContainerEntityManagerFactoryBean.createNativeEntityManagerFactory(LocalContainerEntityManagerFactoryBean.java:390) ~[spring-orm-6.2.9.jar:6.2.9]
	at org.springframework.orm.jpa.AbstractEntityManagerFactoryBean.buildNativeEntityManagerFactory(AbstractEntityManagerFactoryBean.java:419) ~[spring-orm-6.2.9.jar:6.2.9]
	at org.springframework.orm.jpa.AbstractEntityManagerFactoryBean.afterPropertiesSet(AbstractEntityManagerFactoryBean.java:400) ~[spring-orm-6.2.9.jar:6.2.9]
	at org.springframework.orm.jpa.LocalContainerEntityManagerFactoryBean.afterPropertiesSet(LocalContainerEntityManagerFactoryBean.java:366) ~[spring-orm-6.2.9.jar:6.2.9]
	at org.springframework.beans.factory.support.AbstractAutowireCapableBeanFactory.invokeInitMethods(AbstractAutowireCapableBeanFactory.java:1873) ~[spring-beans-6.2.9.jar:6.2.9]
	at org.springframework.beans.factory.support.AbstractAutowireCapableBeanFactory.initializeBean(AbstractAutowireCapableBeanFactory.java:1822) ~[spring-beans-6.2.9.jar:6.2.9]
	at org.springframework.beans.factory.support.AbstractAutowireCapableBeanFactory.doCreateBean(AbstractAutowireCapableBeanFactory.java:607) ~[spring-beans-6.2.9.jar:6.2.9]
	at org.springframework.beans.factory.support.AbstractAutowireCapableBeanFactory.createBean(AbstractAutowireCapableBeanFactory.java:529) ~[spring-beans-6.2.9.jar:6.2.9]
	at org.springframework.beans.factory.support.AbstractBeanFactory.lambda$doGetBean$0(AbstractBeanFactory.java:339) ~[spring-beans-6.2.9.jar:6.2.9]
	at org.springframework.beans.factory.support.DefaultSingletonBeanRegistry.getSingleton(DefaultSingletonBeanRegistry.java:373) ~[spring-beans-6.2.9.jar:6.2.9]
	at org.springframework.beans.factory.support.AbstractBeanFactory.doGetBean(AbstractBeanFactory.java:337) ~[spring-beans-6.2.9.jar:6.2.9]
	at org.springframework.beans.factory.support.AbstractBeanFactory.getBean(AbstractBeanFactory.java:207) ~[spring-beans-6.2.9.jar:6.2.9]
	at org.springframework.context.support.AbstractApplicationContext.finishBeanFactoryInitialization(AbstractApplicationContext.java:970) ~[spring-context-6.2.9.jar:6.2.9]
	at org.springframework.context.support.AbstractApplicationContext.refresh(AbstractApplicationContext.java:627) ~[spring-context-6.2.9.jar:6.2.9]
	at org.springframework.boot.SpringApplication.refresh(SpringApplication.java:752) ~[spring-boot-3.4.8.jar:3.4.8]
	at org.springframework.boot.SpringApplication.refreshContext(SpringApplication.java:439) ~[spring-boot-3.4.8.jar:3.4.8]
	at org.springframework.boot.SpringApplication.run(SpringApplication.java:318) ~[spring-boot-3.4.8.jar:3.4.8]
	at org.springframework.boot.test.context.SpringBootContextLoader.lambda$loadContext$3(SpringBootContextLoader.java:144) ~[spring-boot-test-3.4.8.jar:3.4.8]
	at org.springframework.util.function.ThrowingSupplier.get(ThrowingSupplier.java:58) ~[spring-core-6.2.9.jar:6.2.9]
	at org.springframework.util.function.ThrowingSupplier.get(ThrowingSupplier.java:46) ~[spring-core-6.2.9.jar:6.2.9]
	at org.springframework.boot.SpringApplication.withHook(SpringApplication.java:1461) ~[spring-boot-3.4.8.jar:3.4.8]
	at org.springframework.boot.test.context.SpringBootContextLoader$ContextLoaderHook.run(SpringBootContextLoader.java:563) ~[spring-boot-test-3.4.8.jar:3.4.8]
	at org.springframework.boot.test.context.SpringBootContextLoader.loadContext(SpringBootContextLoader.java:144) ~[spring-boot-test-3.4.8.jar:3.4.8]
	at org.springframework.boot.test.context.SpringBootContextLoader.loadContext(SpringBootContextLoader.java:110) ~[spring-boot-test-3.4.8.jar:3.4.8]
	at org.springframework.test.context.cache.DefaultCacheAwareContextLoaderDelegate.loadContextInternal(DefaultCacheAwareContextLoaderDelegate.java:225) ~[spring-test-6.2.9.jar:6.2.9]
	at org.springframework.test.context.cache.DefaultCacheAwareContextLoaderDelegate.loadContext(DefaultCacheAwareContextLoaderDelegate.java:152) ~[spring-test-6.2.9.jar:6.2.9]
	at org.springframework.test.context.support.DefaultTestContext.getApplicationContext(DefaultTestContext.java:130) ~[spring-test-6.2.9.jar:6.2.9]
	at org.springframework.test.context.support.DependencyInjectionTestExecutionListener.injectDependencies(DependencyInjectionTestExecutionListener.java:155) ~[spring-test-6.2.9.jar:6.2.9]
	at org.springframework.test.context.support.DependencyInjectionTestExecutionListener.prepareTestInstance(DependencyInjectionTestExecutionListener.java:111) ~[spring-test-6.2.9.jar:6.2.9]
	at org.springframework.test.context.TestContextManager.prepareTestInstance(TestContextManager.java:260) ~[spring-test-6.2.9.jar:6.2.9]
	at org.springframework.test.context.junit.jupiter.SpringExtension.postProcessTestInstance(SpringExtension.java:159) ~[spring-test-6.2.9.jar:6.2.9]
	at org.junit.jupiter.engine.descriptor.ClassBasedTestDescriptor.lambda$invokeTestInstancePostProcessors$11(ClassBasedTestDescriptor.java:378) ~[junit-jupiter-engine-5.11.4.jar:5.11.4]
	at org.junit.jupiter.engine.descriptor.ClassBasedTestDescriptor.executeAndMaskThrowable(ClassBasedTestDescriptor.java:383) ~[junit-jupiter-engine-5.11.4.jar:5.11.4]
	at org.junit.jupiter.engine.descriptor.ClassBasedTestDescriptor.lambda$invokeTestInstancePostProcessors$12(ClassBasedTestDescriptor.java:378) ~[junit-jupiter-engine-5.11.4.jar:5.11.4]
	at java.base/java.util.stream.ForEachOps$ForEachOp$OfRef.accept(ForEachOps.java:183) ~[na:na]
	at java.base/java.util.stream.ReferencePipeline$3$1.accept(ReferencePipeline.java:197) ~[na:na]
	at java.base/java.util.stream.ReferencePipeline$2$1.accept(ReferencePipeline.java:179) ~[na:na]
	at java.base/java.util.stream.ReferencePipeline$3$1.accept(ReferencePipeline.java:197) ~[na:na]
	at java.base/java.util.ArrayList$ArrayListSpliterator.forEachRemaining(ArrayList.java:1625) ~[na:na]
	at java.base/java.util.stream.AbstractPipeline.copyInto(AbstractPipeline.java:509) ~[na:na]
	at java.base/java.util.stream.AbstractPipeline.wrapAndCopyInto(AbstractPipeline.java:499) ~[na:na]
	at java.base/java.util.stream.ForEachOps$ForEachOp.evaluateSequential(ForEachOps.java:150) ~[na:na]
	at java.base/java.util.stream.ForEachOps$ForEachOp$OfRef.evaluateSequential(ForEachOps.java:173) ~[na:na]
	at java.base/java.util.stream.AbstractPipeline.evaluate(AbstractPipeline.java:234) ~[na:na]
	at java.base/java.util.stream.ReferencePipeline.forEach(ReferencePipeline.java:596) ~[na:na]
	at org.junit.jupiter.engine.descriptor.ClassBasedTestDescriptor.invokeTestInstancePostProcessors(ClassBasedTestDescriptor.java:377) ~[junit-jupiter-engine-5.11.4.jar:5.11.4]
	at org.junit.jupiter.engine.descriptor.ClassBasedTestDescriptor.lambda$instantiateAndPostProcessTestInstance$7(ClassBasedTestDescriptor.java:290) ~[junit-jupiter-engine-5.11.4.jar:5.11.4]
	at org.junit.platform.engine.support.hierarchical.ThrowableCollector.execute(ThrowableCollector.java:73) ~[junit-platform-engine-1.11.4.jar:1.11.4]
	at org.junit.jupiter.engine.descriptor.ClassBasedTestDescriptor.instantiateAndPostProcessTestInstance(ClassBasedTestDescriptor.java:289) ~[junit-jupiter-engine-5.11.4.jar:5.11.4]
	at org.junit.jupiter.engine.descriptor.ClassBasedTestDescriptor.lambda$testInstancesProvider$5(ClassBasedTestDescriptor.java:279) ~[junit-jupiter-engine-5.11.4.jar:5.11.4]
	at java.base/java.util.Optional.orElseGet(Optional.java:364) ~[na:na]
	at org.junit.jupiter.engine.descriptor.ClassBasedTestDescriptor.lambda$testInstancesProvider$6(ClassBasedTestDescriptor.java:278) ~[junit-jupiter-engine-5.11.4.jar:5.11.4]
	at org.junit.jupiter.engine.execution.TestInstancesProvider.getTestInstances(TestInstancesProvider.java:31) ~[junit-jupiter-engine-5.11.4.jar:5.11.4]
	at org.junit.jupiter.engine.descriptor.TestMethodTestDescriptor.lambda$prepare$1(TestMethodTestDescriptor.java:105) ~[junit-jupiter-engine-5.11.4.jar:5.11.4]
	at org.junit.platform.engine.support.hierarchical.ThrowableCollector.execute(ThrowableCollector.java:73) ~[junit-platform-engine-1.11.4.jar:1.11.4]
	at org.junit.jupiter.engine.descriptor.TestMethodTestDescriptor.prepare(TestMethodTestDescriptor.java:104) ~[junit-jupiter-engine-5.11.4.jar:5.11.4]
	at org.junit.jupiter.engine.descriptor.TestMethodTestDescriptor.prepare(TestMethodTestDescriptor.java:68) ~[junit-jupiter-engine-5.11.4.jar:5.11.4]
	at org.junit.platform.engine.support.hierarchical.NodeTestTask.lambda$prepare$2(NodeTestTask.java:128) ~[junit-platform-engine-1.11.4.jar:1.11.4]
	at org.junit.platform.engine.support.hierarchical.ThrowableCollector.execute(ThrowableCollector.java:73) ~[junit-platform-engine-1.11.4.jar:1.11.4]
	at org.junit.platform.engine.support.hierarchical.NodeTestTask.prepare(NodeTestTask.java:128) ~[junit-platform-engine-1.11.4.jar:1.11.4]
	at org.junit.platform.engine.support.hierarchical.NodeTestTask.execute(NodeTestTask.java:95) ~[junit-platform-engine-1.11.4.jar:1.11.4]
	at java.base/java.util.ArrayList.forEach(ArrayList.java:1511) ~[na:na]
	at org.junit.platform.engine.support.hierarchical.SameThreadHierarchicalTestExecutorService.invokeAll(SameThreadHierarchicalTestExecutorService.java:41) ~[junit-platform-engine-1.11.4.jar:1.11.4]
	at org.junit.platform.engine.support.hierarchical.NodeTestTask.lambda$executeRecursively$6(NodeTestTask.java:160) ~[junit-platform-engine-1.11.4.jar:1.11.4]
	at org.junit.platform.engine.support.hierarchical.ThrowableCollector.execute(ThrowableCollector.java:73) ~[junit-platform-engine-1.11.4.jar:1.11.4]
	at org.junit.platform.engine.support.hierarchical.NodeTestTask.lambda$executeRecursively$8(NodeTestTask.java:146) ~[junit-platform-engine-1.11.4.jar:1.11.4]
	at org.junit.platform.engine.support.hierarchical.Node.around(Node.java:137) ~[junit-platform-engine-1.11.4.jar:1.11.4]
	at org.junit.platform.engine.support.hierarchical.NodeTestTask.lambda$executeRecursively$9(NodeTestTask.java:144) ~[junit-platform-engine-1.11.4.jar:1.11.4]
	at org.junit.platform.engine.support.hierarchical.ThrowableCollector.execute(ThrowableCollector.java:73) ~[junit-platform-engine-1.11.4.jar:1.11.4]
	at org.junit.platform.engine.support.hierarchical.NodeTestTask.executeRecursively(NodeTestTask.java:143) ~[junit-platform-engine-1.11.4.jar:1.11.4]
	at org.junit.platform.engine.support.hierarchical.NodeTestTask.execute(NodeTestTask.java:100) ~[junit-platform-engine-1.11.4.jar:1.11.4]
	at java.base/java.util.ArrayList.forEach(ArrayList.java:1511) ~[na:na]
	at org.junit.platform.engine.support.hierarchical.SameThreadHierarchicalTestExecutorService.invokeAll(SameThreadHierarchicalTestExecutorService.java:41) ~[junit-platform-engine-1.11.4.jar:1.11.4]
	at org.junit.platform.engine.support.hierarchical.NodeTestTask.lambda$executeRecursively$6(NodeTestTask.java:160) ~[junit-platform-engine-1.11.4.jar:1.11.4]
	at org.junit.platform.engine.support.hierarchical.ThrowableCollector.execute(ThrowableCollector.java:73) ~[junit-platform-engine-1.11.4.jar:1.11.4]
	at org.junit.platform.engine.support.hierarchical.NodeTestTask.lambda$executeRecursively$8(NodeTestTask.java:146) ~[junit-platform-engine-1.11.4.jar:1.11.4]
	at org.junit.platform.engine.support.hierarchical.Node.around(Node.java:137) ~[junit-platform-engine-1.11.4.jar:1.11.4]
	at org.junit.platform.engine.support.hierarchical.NodeTestTask.lambda$executeRecursively$9(NodeTestTask.java:144) ~[junit-platform-engine-1.11.4.jar:1.11.4]
	at org.junit.platform.engine.support.hierarchical.ThrowableCollector.execute(ThrowableCollector.java:73) ~[junit-platform-engine-1.11.4.jar:1.11.4]
	at org.junit.platform.engine.support.hierarchical.NodeTestTask.executeRecursively(NodeTestTask.java:143) ~[junit-platform-engine-1.11.4.jar:1.11.4]
	at org.junit.platform.engine.support.hierarchical.NodeTestTask.execute(NodeTestTask.java:100) ~[junit-platform-engine-1.11.4.jar:1.11.4]
	at org.junit.platform.engine.support.hierarchical.SameThreadHierarchicalTestExecutorService.submit(SameThreadHierarchicalTestExecutorService.java:35) ~[junit-platform-engine-1.11.4.jar:1.11.4]
	at org.junit.platform.engine.support.hierarchical.HierarchicalTestExecutor.execute(HierarchicalTestExecutor.java:57) ~[junit-platform-engine-1.11.4.jar:1.11.4]
	at org.junit.platform.engine.support.hierarchical.HierarchicalTestEngine.execute(HierarchicalTestEngine.java:54) ~[junit-platform-engine-1.11.4.jar:1.11.4]
	at org.junit.platform.launcher.core.EngineExecutionOrchestrator.execute(EngineExecutionOrchestrator.java:198) ~[junit-platform-launcher-1.11.4.jar:1.11.4]
	at org.junit.platform.launcher.core.EngineExecutionOrchestrator.execute(EngineExecutionOrchestrator.java:169) ~[junit-platform-launcher-1.11.4.jar:1.11.4]
	at org.junit.platform.launcher.core.EngineExecutionOrchestrator.execute(EngineExecutionOrchestrator.java:93) ~[junit-platform-launcher-1.11.4.jar:1.11.4]
	at org.junit.platform.launcher.core.EngineExecutionOrchestrator.lambda$execute$0(EngineExecutionOrchestrator.java:58) ~[junit-platform-launcher-1.11.4.jar:1.11.4]
	at org.junit.platform.launcher.core.EngineExecutionOrchestrator.withInterceptedStreams(EngineExecutionOrchestrator.java:141) ~[junit-platform-launcher-1.11.4.jar:1.11.4]
	at org.junit.platform.launcher.core.EngineExecutionOrchestrator.execute(EngineExecutionOrchestrator.java:57) ~[junit-platform-launcher-1.11.4.jar:1.11.4]
	at org.junit.platform.launcher.core.DefaultLauncher.execute(DefaultLauncher.java:103) ~[junit-platform-launcher-1.11.4.jar:1.11.4]
	at org.junit.platform.launcher.core.DefaultLauncher.execute(DefaultLauncher.java:85) ~[junit-platform-launcher-1.11.4.jar:1.11.4]
	at org.junit.platform.launcher.core.DelegatingLauncher.execute(DelegatingLauncher.java:47) ~[junit-platform-launcher-1.11.4.jar:1.11.4]
	at org.junit.platform.launcher.core.SessionPerRequestLauncher.execute(SessionPerRequestLauncher.java:63) ~[junit-platform-launcher-1.11.4.jar:1.11.4]
	at com.intellij.junit5.JUnit5IdeaTestRunner.startRunnerWithArgs(JUnit5IdeaTestRunner.java:66) ~[junit5-rt.jar:na]
	at com.intellij.rt.junit.IdeaTestRunner$Repeater$1.execute(IdeaTestRunner.java:38) ~[junit-rt.jar:na]
	at com.intellij.rt.execution.junit.TestsRepeater.repeat(TestsRepeater.java:11) ~[idea_rt.jar:na]
	at com.intellij.rt.junit.IdeaTestRunner$Repeater.startRunnerWithArgs(IdeaTestRunner.java:35) ~[junit-rt.jar:na]
	at com.intellij.rt.junit.JUnitStarter.prepareStreamsAndStart(JUnitStarter.java:231) ~[junit-rt.jar:na]
	at com.intellij.rt.junit.JUnitStarter.main(JUnitStarter.java:55) ~[junit-rt.jar:na]
Caused by: org.h2.jdbc.JdbcSQLSyntaxErrorException: Table "BOOK_DETAILS" not found; SQL statement:
alter table book_details add constraint UKcj1y16bigff5oyvo049gj8vsi unique (book_id) [42102-232]
	at org.h2.message.DbException.getJdbcSQLException(DbException.java:514) ~[h2-2.3.232.jar:2.3.232]
	at org.h2.message.DbException.getJdbcSQLException(DbException.java:489) ~[h2-2.3.232.jar:2.3.232]
	at org.h2.message.DbException.get(DbException.java:223) ~[h2-2.3.232.jar:2.3.232]
	at org.h2.message.DbException.get(DbException.java:199) ~[h2-2.3.232.jar:2.3.232]
	at org.h2.command.ddl.AlterTable.update(AlterTable.java:43) ~[h2-2.3.232.jar:2.3.232]
	at org.h2.command.CommandContainer.update(CommandContainer.java:139) ~[h2-2.3.232.jar:2.3.232]
	at org.h2.command.Command.executeUpdate(Command.java:304) ~[h2-2.3.232.jar:2.3.232]
	at org.h2.command.Command.executeUpdate(Command.java:248) ~[h2-2.3.232.jar:2.3.232]
	at org.h2.jdbc.JdbcStatement.executeInternal(JdbcStatement.java:262) ~[h2-2.3.232.jar:2.3.232]
	at org.h2.jdbc.JdbcStatement.execute(JdbcStatement.java:231) ~[h2-2.3.232.jar:2.3.232]
	at org.hibernate.tool.schema.internal.exec.GenerationTargetToDatabase.accept(GenerationTargetToDatabase.java:80) ~[hibernate-core-6.6.22.Final.jar:6.6.22.Final]
	... 118 common frames omitted

2025-08-26T22:21:45.620+09:00  WARN 21112 --- [MySpringBootLab] [main] o.h.t.s.i.ExceptionHandlerLoggedImpl     : GenerationTarget encountered exception accepting command : Error executing DDL "alter table books add constraint UKkibbepcitr0a3cpk3rfr7nihn unique (isbn)" via JDBC [Table "BOOKS" not found;]

org.hibernate.tool.schema.spi.CommandAcceptanceException: Error executing DDL "alter table books add constraint UKkibbepcitr0a3cpk3rfr7nihn unique (isbn)" via JDBC [Table "BOOKS" not found;]
	at org.hibernate.tool.schema.internal.exec.GenerationTargetToDatabase.accept(GenerationTargetToDatabase.java:94) ~[hibernate-core-6.6.22.Final.jar:6.6.22.Final]
	at org.hibernate.tool.schema.internal.Helper.applySqlString(Helper.java:233) ~[hibernate-core-6.6.22.Final.jar:6.6.22.Final]
	at org.hibernate.tool.schema.internal.Helper.applySqlStrings(Helper.java:217) ~[hibernate-core-6.6.22.Final.jar:6.6.22.Final]
	at org.hibernate.tool.schema.internal.SchemaCreatorImpl.createTableConstraints(SchemaCreatorImpl.java:402) ~[hibernate-core-6.6.22.Final.jar:6.6.22.Final]
	at org.hibernate.tool.schema.internal.SchemaCreatorImpl.createSequencesTablesConstraints(SchemaCreatorImpl.java:358) ~[hibernate-core-6.6.22.Final.jar:6.6.22.Final]
	at org.hibernate.tool.schema.internal.SchemaCreatorImpl.createFromMetadata(SchemaCreatorImpl.java:241) ~[hibernate-core-6.6.22.Final.jar:6.6.22.Final]
	at org.hibernate.tool.schema.internal.SchemaCreatorImpl.performCreation(SchemaCreatorImpl.java:174) ~[hibernate-core-6.6.22.Final.jar:6.6.22.Final]
	at org.hibernate.tool.schema.internal.SchemaCreatorImpl.doCreation(SchemaCreatorImpl.java:144) ~[hibernate-core-6.6.22.Final.jar:6.6.22.Final]
	at org.hibernate.tool.schema.internal.SchemaCreatorImpl.doCreation(SchemaCreatorImpl.java:120) ~[hibernate-core-6.6.22.Final.jar:6.6.22.Final]
	at org.hibernate.tool.schema.spi.SchemaManagementToolCoordinator.performDatabaseAction(SchemaManagementToolCoordinator.java:250) ~[hibernate-core-6.6.22.Final.jar:6.6.22.Final]
	at org.hibernate.tool.schema.spi.SchemaManagementToolCoordinator.lambda$process$5(SchemaManagementToolCoordinator.java:144) ~[hibernate-core-6.6.22.Final.jar:6.6.22.Final]
	at java.base/java.util.HashMap.forEach(HashMap.java:1421) ~[na:na]
	at org.hibernate.tool.schema.spi.SchemaManagementToolCoordinator.process(SchemaManagementToolCoordinator.java:141) ~[hibernate-core-6.6.22.Final.jar:6.6.22.Final]
	at org.hibernate.boot.internal.SessionFactoryObserverForSchemaExport.sessionFactoryCreated(SessionFactoryObserverForSchemaExport.java:37) ~[hibernate-core-6.6.22.Final.jar:6.6.22.Final]
	at org.hibernate.internal.SessionFactoryObserverChain.sessionFactoryCreated(SessionFactoryObserverChain.java:35) ~[hibernate-core-6.6.22.Final.jar:6.6.22.Final]
	at org.hibernate.internal.SessionFactoryImpl.<init>(SessionFactoryImpl.java:324) ~[hibernate-core-6.6.22.Final.jar:6.6.22.Final]
	at org.hibernate.boot.internal.SessionFactoryBuilderImpl.build(SessionFactoryBuilderImpl.java:463) ~[hibernate-core-6.6.22.Final.jar:6.6.22.Final]
	at org.hibernate.jpa.boot.internal.EntityManagerFactoryBuilderImpl.build(EntityManagerFactoryBuilderImpl.java:1517) ~[hibernate-core-6.6.22.Final.jar:6.6.22.Final]
	at org.springframework.orm.jpa.vendor.SpringHibernateJpaPersistenceProvider.createContainerEntityManagerFactory(SpringHibernateJpaPersistenceProvider.java:66) ~[spring-orm-6.2.9.jar:6.2.9]
	at org.springframework.orm.jpa.LocalContainerEntityManagerFactoryBean.createNativeEntityManagerFactory(LocalContainerEntityManagerFactoryBean.java:390) ~[spring-orm-6.2.9.jar:6.2.9]
	at org.springframework.orm.jpa.AbstractEntityManagerFactoryBean.buildNativeEntityManagerFactory(AbstractEntityManagerFactoryBean.java:419) ~[spring-orm-6.2.9.jar:6.2.9]
	at org.springframework.orm.jpa.AbstractEntityManagerFactoryBean.afterPropertiesSet(AbstractEntityManagerFactoryBean.java:400) ~[spring-orm-6.2.9.jar:6.2.9]
	at org.springframework.orm.jpa.LocalContainerEntityManagerFactoryBean.afterPropertiesSet(LocalContainerEntityManagerFactoryBean.java:366) ~[spring-orm-6.2.9.jar:6.2.9]
	at org.springframework.beans.factory.support.AbstractAutowireCapableBeanFactory.invokeInitMethods(AbstractAutowireCapableBeanFactory.java:1873) ~[spring-beans-6.2.9.jar:6.2.9]
	at org.springframework.beans.factory.support.AbstractAutowireCapableBeanFactory.initializeBean(AbstractAutowireCapableBeanFactory.java:1822) ~[spring-beans-6.2.9.jar:6.2.9]
	at org.springframework.beans.factory.support.AbstractAutowireCapableBeanFactory.doCreateBean(AbstractAutowireCapableBeanFactory.java:607) ~[spring-beans-6.2.9.jar:6.2.9]
	at org.springframework.beans.factory.support.AbstractAutowireCapableBeanFactory.createBean(AbstractAutowireCapableBeanFactory.java:529) ~[spring-beans-6.2.9.jar:6.2.9]
	at org.springframework.beans.factory.support.AbstractBeanFactory.lambda$doGetBean$0(AbstractBeanFactory.java:339) ~[spring-beans-6.2.9.jar:6.2.9]
	at org.springframework.beans.factory.support.DefaultSingletonBeanRegistry.getSingleton(DefaultSingletonBeanRegistry.java:373) ~[spring-beans-6.2.9.jar:6.2.9]
	at org.springframework.beans.factory.support.AbstractBeanFactory.doGetBean(AbstractBeanFactory.java:337) ~[spring-beans-6.2.9.jar:6.2.9]
	at org.springframework.beans.factory.support.AbstractBeanFactory.getBean(AbstractBeanFactory.java:207) ~[spring-beans-6.2.9.jar:6.2.9]
	at org.springframework.context.support.AbstractApplicationContext.finishBeanFactoryInitialization(AbstractApplicationContext.java:970) ~[spring-context-6.2.9.jar:6.2.9]
	at org.springframework.context.support.AbstractApplicationContext.refresh(AbstractApplicationContext.java:627) ~[spring-context-6.2.9.jar:6.2.9]
	at org.springframework.boot.SpringApplication.refresh(SpringApplication.java:752) ~[spring-boot-3.4.8.jar:3.4.8]
	at org.springframework.boot.SpringApplication.refreshContext(SpringApplication.java:439) ~[spring-boot-3.4.8.jar:3.4.8]
	at org.springframework.boot.SpringApplication.run(SpringApplication.java:318) ~[spring-boot-3.4.8.jar:3.4.8]
	at org.springframework.boot.test.context.SpringBootContextLoader.lambda$loadContext$3(SpringBootContextLoader.java:144) ~[spring-boot-test-3.4.8.jar:3.4.8]
	at org.springframework.util.function.ThrowingSupplier.get(ThrowingSupplier.java:58) ~[spring-core-6.2.9.jar:6.2.9]
	at org.springframework.util.function.ThrowingSupplier.get(ThrowingSupplier.java:46) ~[spring-core-6.2.9.jar:6.2.9]
	at org.springframework.boot.SpringApplication.withHook(SpringApplication.java:1461) ~[spring-boot-3.4.8.jar:3.4.8]
	at org.springframework.boot.test.context.SpringBootContextLoader$ContextLoaderHook.run(SpringBootContextLoader.java:563) ~[spring-boot-test-3.4.8.jar:3.4.8]
	at org.springframework.boot.test.context.SpringBootContextLoader.loadContext(SpringBootContextLoader.java:144) ~[spring-boot-test-3.4.8.jar:3.4.8]
	at org.springframework.boot.test.context.SpringBootContextLoader.loadContext(SpringBootContextLoader.java:110) ~[spring-boot-test-3.4.8.jar:3.4.8]
	at org.springframework.test.context.cache.DefaultCacheAwareContextLoaderDelegate.loadContextInternal(DefaultCacheAwareContextLoaderDelegate.java:225) ~[spring-test-6.2.9.jar:6.2.9]
	at org.springframework.test.context.cache.DefaultCacheAwareContextLoaderDelegate.loadContext(DefaultCacheAwareContextLoaderDelegate.java:152) ~[spring-test-6.2.9.jar:6.2.9]
	at org.springframework.test.context.support.DefaultTestContext.getApplicationContext(DefaultTestContext.java:130) ~[spring-test-6.2.9.jar:6.2.9]
	at org.springframework.test.context.support.DependencyInjectionTestExecutionListener.injectDependencies(DependencyInjectionTestExecutionListener.java:155) ~[spring-test-6.2.9.jar:6.2.9]
	at org.springframework.test.context.support.DependencyInjectionTestExecutionListener.prepareTestInstance(DependencyInjectionTestExecutionListener.java:111) ~[spring-test-6.2.9.jar:6.2.9]
	at org.springframework.test.context.TestContextManager.prepareTestInstance(TestContextManager.java:260) ~[spring-test-6.2.9.jar:6.2.9]
	at org.springframework.test.context.junit.jupiter.SpringExtension.postProcessTestInstance(SpringExtension.java:159) ~[spring-test-6.2.9.jar:6.2.9]
	at org.junit.jupiter.engine.descriptor.ClassBasedTestDescriptor.lambda$invokeTestInstancePostProcessors$11(ClassBasedTestDescriptor.java:378) ~[junit-jupiter-engine-5.11.4.jar:5.11.4]
	at org.junit.jupiter.engine.descriptor.ClassBasedTestDescriptor.executeAndMaskThrowable(ClassBasedTestDescriptor.java:383) ~[junit-jupiter-engine-5.11.4.jar:5.11.4]
	at org.junit.jupiter.engine.descriptor.ClassBasedTestDescriptor.lambda$invokeTestInstancePostProcessors$12(ClassBasedTestDescriptor.java:378) ~[junit-jupiter-engine-5.11.4.jar:5.11.4]
	at java.base/java.util.stream.ForEachOps$ForEachOp$OfRef.accept(ForEachOps.java:183) ~[na:na]
	at java.base/java.util.stream.ReferencePipeline$3$1.accept(ReferencePipeline.java:197) ~[na:na]
	at java.base/java.util.stream.ReferencePipeline$2$1.accept(ReferencePipeline.java:179) ~[na:na]
	at java.base/java.util.stream.ReferencePipeline$3$1.accept(ReferencePipeline.java:197) ~[na:na]
	at java.base/java.util.ArrayList$ArrayListSpliterator.forEachRemaining(ArrayList.java:1625) ~[na:na]
	at java.base/java.util.stream.AbstractPipeline.copyInto(AbstractPipeline.java:509) ~[na:na]
	at java.base/java.util.stream.AbstractPipeline.wrapAndCopyInto(AbstractPipeline.java:499) ~[na:na]
	at java.base/java.util.stream.ForEachOps$ForEachOp.evaluateSequential(ForEachOps.java:150) ~[na:na]
	at java.base/java.util.stream.ForEachOps$ForEachOp$OfRef.evaluateSequential(ForEachOps.java:173) ~[na:na]
	at java.base/java.util.stream.AbstractPipeline.evaluate(AbstractPipeline.java:234) ~[na:na]
	at java.base/java.util.stream.ReferencePipeline.forEach(ReferencePipeline.java:596) ~[na:na]
	at org.junit.jupiter.engine.descriptor.ClassBasedTestDescriptor.invokeTestInstancePostProcessors(ClassBasedTestDescriptor.java:377) ~[junit-jupiter-engine-5.11.4.jar:5.11.4]
	at org.junit.jupiter.engine.descriptor.ClassBasedTestDescriptor.lambda$instantiateAndPostProcessTestInstance$7(ClassBasedTestDescriptor.java:290) ~[junit-jupiter-engine-5.11.4.jar:5.11.4]
	at org.junit.platform.engine.support.hierarchical.ThrowableCollector.execute(ThrowableCollector.java:73) ~[junit-platform-engine-1.11.4.jar:1.11.4]
	at org.junit.jupiter.engine.descriptor.ClassBasedTestDescriptor.instantiateAndPostProcessTestInstance(ClassBasedTestDescriptor.java:289) ~[junit-jupiter-engine-5.11.4.jar:5.11.4]
	at org.junit.jupiter.engine.descriptor.ClassBasedTestDescriptor.lambda$testInstancesProvider$5(ClassBasedTestDescriptor.java:279) ~[junit-jupiter-engine-5.11.4.jar:5.11.4]
	at java.base/java.util.Optional.orElseGet(Optional.java:364) ~[na:na]
	at org.junit.jupiter.engine.descriptor.ClassBasedTestDescriptor.lambda$testInstancesProvider$6(ClassBasedTestDescriptor.java:278) ~[junit-jupiter-engine-5.11.4.jar:5.11.4]
	at org.junit.jupiter.engine.execution.TestInstancesProvider.getTestInstances(TestInstancesProvider.java:31) ~[junit-jupiter-engine-5.11.4.jar:5.11.4]
	at org.junit.jupiter.engine.descriptor.TestMethodTestDescriptor.lambda$prepare$1(TestMethodTestDescriptor.java:105) ~[junit-jupiter-engine-5.11.4.jar:5.11.4]
	at org.junit.platform.engine.support.hierarchical.ThrowableCollector.execute(ThrowableCollector.java:73) ~[junit-platform-engine-1.11.4.jar:1.11.4]
	at org.junit.jupiter.engine.descriptor.TestMethodTestDescriptor.prepare(TestMethodTestDescriptor.java:104) ~[junit-jupiter-engine-5.11.4.jar:5.11.4]
	at org.junit.jupiter.engine.descriptor.TestMethodTestDescriptor.prepare(TestMethodTestDescriptor.java:68) ~[junit-jupiter-engine-5.11.4.jar:5.11.4]
	at org.junit.platform.engine.support.hierarchical.NodeTestTask.lambda$prepare$2(NodeTestTask.java:128) ~[junit-platform-engine-1.11.4.jar:1.11.4]
	at org.junit.platform.engine.support.hierarchical.ThrowableCollector.execute(ThrowableCollector.java:73) ~[junit-platform-engine-1.11.4.jar:1.11.4]
	at org.junit.platform.engine.support.hierarchical.NodeTestTask.prepare(NodeTestTask.java:128) ~[junit-platform-engine-1.11.4.jar:1.11.4]
	at org.junit.platform.engine.support.hierarchical.NodeTestTask.execute(NodeTestTask.java:95) ~[junit-platform-engine-1.11.4.jar:1.11.4]
	at java.base/java.util.ArrayList.forEach(ArrayList.java:1511) ~[na:na]
	at org.junit.platform.engine.support.hierarchical.SameThreadHierarchicalTestExecutorService.invokeAll(SameThreadHierarchicalTestExecutorService.java:41) ~[junit-platform-engine-1.11.4.jar:1.11.4]
	at org.junit.platform.engine.support.hierarchical.NodeTestTask.lambda$executeRecursively$6(NodeTestTask.java:160) ~[junit-platform-engine-1.11.4.jar:1.11.4]
	at org.junit.platform.engine.support.hierarchical.ThrowableCollector.execute(ThrowableCollector.java:73) ~[junit-platform-engine-1.11.4.jar:1.11.4]
	at org.junit.platform.engine.support.hierarchical.NodeTestTask.lambda$executeRecursively$8(NodeTestTask.java:146) ~[junit-platform-engine-1.11.4.jar:1.11.4]
	at org.junit.platform.engine.support.hierarchical.Node.around(Node.java:137) ~[junit-platform-engine-1.11.4.jar:1.11.4]
	at org.junit.platform.engine.support.hierarchical.NodeTestTask.lambda$executeRecursively$9(NodeTestTask.java:144) ~[junit-platform-engine-1.11.4.jar:1.11.4]
	at org.junit.platform.engine.support.hierarchical.ThrowableCollector.execute(ThrowableCollector.java:73) ~[junit-platform-engine-1.11.4.jar:1.11.4]
	at org.junit.platform.engine.support.hierarchical.NodeTestTask.executeRecursively(NodeTestTask.java:143) ~[junit-platform-engine-1.11.4.jar:1.11.4]
	at org.junit.platform.engine.support.hierarchical.NodeTestTask.execute(NodeTestTask.java:100) ~[junit-platform-engine-1.11.4.jar:1.11.4]
	at java.base/java.util.ArrayList.forEach(ArrayList.java:1511) ~[na:na]
	at org.junit.platform.engine.support.hierarchical.SameThreadHierarchicalTestExecutorService.invokeAll(SameThreadHierarchicalTestExecutorService.java:41) ~[junit-platform-engine-1.11.4.jar:1.11.4]
	at org.junit.platform.engine.support.hierarchical.NodeTestTask.lambda$executeRecursively$6(NodeTestTask.java:160) ~[junit-platform-engine-1.11.4.jar:1.11.4]
	at org.junit.platform.engine.support.hierarchical.ThrowableCollector.execute(ThrowableCollector.java:73) ~[junit-platform-engine-1.11.4.jar:1.11.4]
	at org.junit.platform.engine.support.hierarchical.NodeTestTask.lambda$executeRecursively$8(NodeTestTask.java:146) ~[junit-platform-engine-1.11.4.jar:1.11.4]
	at org.junit.platform.engine.support.hierarchical.Node.around(Node.java:137) ~[junit-platform-engine-1.11.4.jar:1.11.4]
	at org.junit.platform.engine.support.hierarchical.NodeTestTask.lambda$executeRecursively$9(NodeTestTask.java:144) ~[junit-platform-engine-1.11.4.jar:1.11.4]
	at org.junit.platform.engine.support.hierarchical.ThrowableCollector.execute(ThrowableCollector.java:73) ~[junit-platform-engine-1.11.4.jar:1.11.4]
	at org.junit.platform.engine.support.hierarchical.NodeTestTask.executeRecursively(NodeTestTask.java:143) ~[junit-platform-engine-1.11.4.jar:1.11.4]
	at org.junit.platform.engine.support.hierarchical.NodeTestTask.execute(NodeTestTask.java:100) ~[junit-platform-engine-1.11.4.jar:1.11.4]
	at org.junit.platform.engine.support.hierarchical.SameThreadHierarchicalTestExecutorService.submit(SameThreadHierarchicalTestExecutorService.java:35) ~[junit-platform-engine-1.11.4.jar:1.11.4]
	at org.junit.platform.engine.support.hierarchical.HierarchicalTestExecutor.execute(HierarchicalTestExecutor.java:57) ~[junit-platform-engine-1.11.4.jar:1.11.4]
	at org.junit.platform.engine.support.hierarchical.HierarchicalTestEngine.execute(HierarchicalTestEngine.java:54) ~[junit-platform-engine-1.11.4.jar:1.11.4]
	at org.junit.platform.launcher.core.EngineExecutionOrchestrator.execute(EngineExecutionOrchestrator.java:198) ~[junit-platform-launcher-1.11.4.jar:1.11.4]
	at org.junit.platform.launcher.core.EngineExecutionOrchestrator.execute(EngineExecutionOrchestrator.java:169) ~[junit-platform-launcher-1.11.4.jar:1.11.4]
	at org.junit.platform.launcher.core.EngineExecutionOrchestrator.execute(EngineExecutionOrchestrator.java:93) ~[junit-platform-launcher-1.11.4.jar:1.11.4]
	at org.junit.platform.launcher.core.EngineExecutionOrchestrator.lambda$execute$0(EngineExecutionOrchestrator.java:58) ~[junit-platform-launcher-1.11.4.jar:1.11.4]
	at org.junit.platform.launcher.core.EngineExecutionOrchestrator.withInterceptedStreams(EngineExecutionOrchestrator.java:141) ~[junit-platform-launcher-1.11.4.jar:1.11.4]
	at org.junit.platform.launcher.core.EngineExecutionOrchestrator.execute(EngineExecutionOrchestrator.java:57) ~[junit-platform-launcher-1.11.4.jar:1.11.4]
	at org.junit.platform.launcher.core.DefaultLauncher.execute(DefaultLauncher.java:103) ~[junit-platform-launcher-1.11.4.jar:1.11.4]
	at org.junit.platform.launcher.core.DefaultLauncher.execute(DefaultLauncher.java:85) ~[junit-platform-launcher-1.11.4.jar:1.11.4]
	at org.junit.platform.launcher.core.DelegatingLauncher.execute(DelegatingLauncher.java:47) ~[junit-platform-launcher-1.11.4.jar:1.11.4]
	at org.junit.platform.launcher.core.SessionPerRequestLauncher.execute(SessionPerRequestLauncher.java:63) ~[junit-platform-launcher-1.11.4.jar:1.11.4]
	at com.intellij.junit5.JUnit5IdeaTestRunner.startRunnerWithArgs(JUnit5IdeaTestRunner.java:66) ~[junit5-rt.jar:na]
	at com.intellij.rt.junit.IdeaTestRunner$Repeater$1.execute(IdeaTestRunner.java:38) ~[junit-rt.jar:na]
	at com.intellij.rt.execution.junit.TestsRepeater.repeat(TestsRepeater.java:11) ~[idea_rt.jar:na]
	at com.intellij.rt.junit.IdeaTestRunner$Repeater.startRunnerWithArgs(IdeaTestRunner.java:35) ~[junit-rt.jar:na]
	at com.intellij.rt.junit.JUnitStarter.prepareStreamsAndStart(JUnitStarter.java:231) ~[junit-rt.jar:na]
	at com.intellij.rt.junit.JUnitStarter.main(JUnitStarter.java:55) ~[junit-rt.jar:na]
Caused by: org.h2.jdbc.JdbcSQLSyntaxErrorException: Table "BOOKS" not found; SQL statement:
alter table books add constraint UKkibbepcitr0a3cpk3rfr7nihn unique (isbn) [42102-232]
	at org.h2.message.DbException.getJdbcSQLException(DbException.java:514) ~[h2-2.3.232.jar:2.3.232]
	at org.h2.message.DbException.getJdbcSQLException(DbException.java:489) ~[h2-2.3.232.jar:2.3.232]
	at org.h2.message.DbException.get(DbException.java:223) ~[h2-2.3.232.jar:2.3.232]
	at org.h2.message.DbException.get(DbException.java:199) ~[h2-2.3.232.jar:2.3.232]
	at org.h2.command.ddl.AlterTable.update(AlterTable.java:43) ~[h2-2.3.232.jar:2.3.232]
	at org.h2.command.CommandContainer.update(CommandContainer.java:139) ~[h2-2.3.232.jar:2.3.232]
	at org.h2.command.Command.executeUpdate(Command.java:304) ~[h2-2.3.232.jar:2.3.232]
	at org.h2.command.Command.executeUpdate(Command.java:248) ~[h2-2.3.232.jar:2.3.232]
	at org.h2.jdbc.JdbcStatement.executeInternal(JdbcStatement.java:262) ~[h2-2.3.232.jar:2.3.232]
	at org.h2.jdbc.JdbcStatement.execute(JdbcStatement.java:231) ~[h2-2.3.232.jar:2.3.232]
	at org.hibernate.tool.schema.internal.exec.GenerationTargetToDatabase.accept(GenerationTargetToDatabase.java:80) ~[hibernate-core-6.6.22.Final.jar:6.6.22.Final]
	... 118 common frames omitted

2025-08-26T22:21:45.620+09:00  WARN 21112 --- [MySpringBootLab] [main] o.h.t.s.i.ExceptionHandlerLoggedImpl     : GenerationTarget encountered exception accepting command : Error executing DDL "alter table book_details add constraint FKoa7sqrtgxwg066s9521udtvpv foreign key (book_id) references books (id)" via JDBC [Table "BOOK_DETAILS" not found;]

org.hibernate.tool.schema.spi.CommandAcceptanceException: Error executing DDL "alter table book_details add constraint FKoa7sqrtgxwg066s9521udtvpv foreign key (book_id) references books (id)" via JDBC [Table "BOOK_DETAILS" not found;]
	at org.hibernate.tool.schema.internal.exec.GenerationTargetToDatabase.accept(GenerationTargetToDatabase.java:94) ~[hibernate-core-6.6.22.Final.jar:6.6.22.Final]
	at org.hibernate.tool.schema.internal.Helper.applySqlString(Helper.java:233) ~[hibernate-core-6.6.22.Final.jar:6.6.22.Final]
	at org.hibernate.tool.schema.internal.Helper.applySqlStrings(Helper.java:217) ~[hibernate-core-6.6.22.Final.jar:6.6.22.Final]
	at org.hibernate.tool.schema.internal.SchemaCreatorImpl.createForeignKeys(SchemaCreatorImpl.java:307) ~[hibernate-core-6.6.22.Final.jar:6.6.22.Final]
	at org.hibernate.tool.schema.internal.SchemaCreatorImpl.createFromMetadata(SchemaCreatorImpl.java:253) ~[hibernate-core-6.6.22.Final.jar:6.6.22.Final]
	at org.hibernate.tool.schema.internal.SchemaCreatorImpl.performCreation(SchemaCreatorImpl.java:174) ~[hibernate-core-6.6.22.Final.jar:6.6.22.Final]
	at org.hibernate.tool.schema.internal.SchemaCreatorImpl.doCreation(SchemaCreatorImpl.java:144) ~[hibernate-core-6.6.22.Final.jar:6.6.22.Final]
	at org.hibernate.tool.schema.internal.SchemaCreatorImpl.doCreation(SchemaCreatorImpl.java:120) ~[hibernate-core-6.6.22.Final.jar:6.6.22.Final]
	at org.hibernate.tool.schema.spi.SchemaManagementToolCoordinator.performDatabaseAction(SchemaManagementToolCoordinator.java:250) ~[hibernate-core-6.6.22.Final.jar:6.6.22.Final]
	at org.hibernate.tool.schema.spi.SchemaManagementToolCoordinator.lambda$process$5(SchemaManagementToolCoordinator.java:144) ~[hibernate-core-6.6.22.Final.jar:6.6.22.Final]
	at java.base/java.util.HashMap.forEach(HashMap.java:1421) ~[na:na]
	at org.hibernate.tool.schema.spi.SchemaManagementToolCoordinator.process(SchemaManagementToolCoordinator.java:141) ~[hibernate-core-6.6.22.Final.jar:6.6.22.Final]
	at org.hibernate.boot.internal.SessionFactoryObserverForSchemaExport.sessionFactoryCreated(SessionFactoryObserverForSchemaExport.java:37) ~[hibernate-core-6.6.22.Final.jar:6.6.22.Final]
	at org.hibernate.internal.SessionFactoryObserverChain.sessionFactoryCreated(SessionFactoryObserverChain.java:35) ~[hibernate-core-6.6.22.Final.jar:6.6.22.Final]
	at org.hibernate.internal.SessionFactoryImpl.<init>(SessionFactoryImpl.java:324) ~[hibernate-core-6.6.22.Final.jar:6.6.22.Final]
	at org.hibernate.boot.internal.SessionFactoryBuilderImpl.build(SessionFactoryBuilderImpl.java:463) ~[hibernate-core-6.6.22.Final.jar:6.6.22.Final]
	at org.hibernate.jpa.boot.internal.EntityManagerFactoryBuilderImpl.build(EntityManagerFactoryBuilderImpl.java:1517) ~[hibernate-core-6.6.22.Final.jar:6.6.22.Final]
	at org.springframework.orm.jpa.vendor.SpringHibernateJpaPersistenceProvider.createContainerEntityManagerFactory(SpringHibernateJpaPersistenceProvider.java:66) ~[spring-orm-6.2.9.jar:6.2.9]
	at org.springframework.orm.jpa.LocalContainerEntityManagerFactoryBean.createNativeEntityManagerFactory(LocalContainerEntityManagerFactoryBean.java:390) ~[spring-orm-6.2.9.jar:6.2.9]
	at org.springframework.orm.jpa.AbstractEntityManagerFactoryBean.buildNativeEntityManagerFactory(AbstractEntityManagerFactoryBean.java:419) ~[spring-orm-6.2.9.jar:6.2.9]
	at org.springframework.orm.jpa.AbstractEntityManagerFactoryBean.afterPropertiesSet(AbstractEntityManagerFactoryBean.java:400) ~[spring-orm-6.2.9.jar:6.2.9]
	at org.springframework.orm.jpa.LocalContainerEntityManagerFactoryBean.afterPropertiesSet(LocalContainerEntityManagerFactoryBean.java:366) ~[spring-orm-6.2.9.jar:6.2.9]
	at org.springframework.beans.factory.support.AbstractAutowireCapableBeanFactory.invokeInitMethods(AbstractAutowireCapableBeanFactory.java:1873) ~[spring-beans-6.2.9.jar:6.2.9]
	at org.springframework.beans.factory.support.AbstractAutowireCapableBeanFactory.initializeBean(AbstractAutowireCapableBeanFactory.java:1822) ~[spring-beans-6.2.9.jar:6.2.9]
	at org.springframework.beans.factory.support.AbstractAutowireCapableBeanFactory.doCreateBean(AbstractAutowireCapableBeanFactory.java:607) ~[spring-beans-6.2.9.jar:6.2.9]
	at org.springframework.beans.factory.support.AbstractAutowireCapableBeanFactory.createBean(AbstractAutowireCapableBeanFactory.java:529) ~[spring-beans-6.2.9.jar:6.2.9]
	at org.springframework.beans.factory.support.AbstractBeanFactory.lambda$doGetBean$0(AbstractBeanFactory.java:339) ~[spring-beans-6.2.9.jar:6.2.9]
	at org.springframework.beans.factory.support.DefaultSingletonBeanRegistry.getSingleton(DefaultSingletonBeanRegistry.java:373) ~[spring-beans-6.2.9.jar:6.2.9]
	at org.springframework.beans.factory.support.AbstractBeanFactory.doGetBean(AbstractBeanFactory.java:337) ~[spring-beans-6.2.9.jar:6.2.9]
	at org.springframework.beans.factory.support.AbstractBeanFactory.getBean(AbstractBeanFactory.java:207) ~[spring-beans-6.2.9.jar:6.2.9]
	at org.springframework.context.support.AbstractApplicationContext.finishBeanFactoryInitialization(AbstractApplicationContext.java:970) ~[spring-context-6.2.9.jar:6.2.9]
	at org.springframework.context.support.AbstractApplicationContext.refresh(AbstractApplicationContext.java:627) ~[spring-context-6.2.9.jar:6.2.9]
	at org.springframework.boot.SpringApplication.refresh(SpringApplication.java:752) ~[spring-boot-3.4.8.jar:3.4.8]
	at org.springframework.boot.SpringApplication.refreshContext(SpringApplication.java:439) ~[spring-boot-3.4.8.jar:3.4.8]
	at org.springframework.boot.SpringApplication.run(SpringApplication.java:318) ~[spring-boot-3.4.8.jar:3.4.8]
	at org.springframework.boot.test.context.SpringBootContextLoader.lambda$loadContext$3(SpringBootContextLoader.java:144) ~[spring-boot-test-3.4.8.jar:3.4.8]
	at org.springframework.util.function.ThrowingSupplier.get(ThrowingSupplier.java:58) ~[spring-core-6.2.9.jar:6.2.9]
	at org.springframework.util.function.ThrowingSupplier.get(ThrowingSupplier.java:46) ~[spring-core-6.2.9.jar:6.2.9]
	at org.springframework.boot.SpringApplication.withHook(SpringApplication.java:1461) ~[spring-boot-3.4.8.jar:3.4.8]
	at org.springframework.boot.test.context.SpringBootContextLoader$ContextLoaderHook.run(SpringBootContextLoader.java:563) ~[spring-boot-test-3.4.8.jar:3.4.8]
	at org.springframework.boot.test.context.SpringBootContextLoader.loadContext(SpringBootContextLoader.java:144) ~[spring-boot-test-3.4.8.jar:3.4.8]
	at org.springframework.boot.test.context.SpringBootContextLoader.loadContext(SpringBootContextLoader.java:110) ~[spring-boot-test-3.4.8.jar:3.4.8]
	at org.springframework.test.context.cache.DefaultCacheAwareContextLoaderDelegate.loadContextInternal(DefaultCacheAwareContextLoaderDelegate.java:225) ~[spring-test-6.2.9.jar:6.2.9]
	at org.springframework.test.context.cache.DefaultCacheAwareContextLoaderDelegate.loadContext(DefaultCacheAwareContextLoaderDelegate.java:152) ~[spring-test-6.2.9.jar:6.2.9]
	at org.springframework.test.context.support.DefaultTestContext.getApplicationContext(DefaultTestContext.java:130) ~[spring-test-6.2.9.jar:6.2.9]
	at org.springframework.test.context.support.DependencyInjectionTestExecutionListener.injectDependencies(DependencyInjectionTestExecutionListener.java:155) ~[spring-test-6.2.9.jar:6.2.9]
	at org.springframework.test.context.support.DependencyInjectionTestExecutionListener.prepareTestInstance(DependencyInjectionTestExecutionListener.java:111) ~[spring-test-6.2.9.jar:6.2.9]
	at org.springframework.test.context.TestContextManager.prepareTestInstance(TestContextManager.java:260) ~[spring-test-6.2.9.jar:6.2.9]
	at org.springframework.test.context.junit.jupiter.SpringExtension.postProcessTestInstance(SpringExtension.java:159) ~[spring-test-6.2.9.jar:6.2.9]
	at org.junit.jupiter.engine.descriptor.ClassBasedTestDescriptor.lambda$invokeTestInstancePostProcessors$11(ClassBasedTestDescriptor.java:378) ~[junit-jupiter-engine-5.11.4.jar:5.11.4]
	at org.junit.jupiter.engine.descriptor.ClassBasedTestDescriptor.executeAndMaskThrowable(ClassBasedTestDescriptor.java:383) ~[junit-jupiter-engine-5.11.4.jar:5.11.4]
	at org.junit.jupiter.engine.descriptor.ClassBasedTestDescriptor.lambda$invokeTestInstancePostProcessors$12(ClassBasedTestDescriptor.java:378) ~[junit-jupiter-engine-5.11.4.jar:5.11.4]
	at java.base/java.util.stream.ForEachOps$ForEachOp$OfRef.accept(ForEachOps.java:183) ~[na:na]
	at java.base/java.util.stream.ReferencePipeline$3$1.accept(ReferencePipeline.java:197) ~[na:na]
	at java.base/java.util.stream.ReferencePipeline$2$1.accept(ReferencePipeline.java:179) ~[na:na]
	at java.base/java.util.stream.ReferencePipeline$3$1.accept(ReferencePipeline.java:197) ~[na:na]
	at java.base/java.util.ArrayList$ArrayListSpliterator.forEachRemaining(ArrayList.java:1625) ~[na:na]
	at java.base/java.util.stream.AbstractPipeline.copyInto(AbstractPipeline.java:509) ~[na:na]
	at java.base/java.util.stream.AbstractPipeline.wrapAndCopyInto(AbstractPipeline.java:499) ~[na:na]
	at java.base/java.util.stream.ForEachOps$ForEachOp.evaluateSequential(ForEachOps.java:150) ~[na:na]
	at java.base/java.util.stream.ForEachOps$ForEachOp$OfRef.evaluateSequential(ForEachOps.java:173) ~[na:na]
	at java.base/java.util.stream.AbstractPipeline.evaluate(AbstractPipeline.java:234) ~[na:na]
	at java.base/java.util.stream.ReferencePipeline.forEach(ReferencePipeline.java:596) ~[na:na]
	at org.junit.jupiter.engine.descriptor.ClassBasedTestDescriptor.invokeTestInstancePostProcessors(ClassBasedTestDescriptor.java:377) ~[junit-jupiter-engine-5.11.4.jar:5.11.4]
	at org.junit.jupiter.engine.descriptor.ClassBasedTestDescriptor.lambda$instantiateAndPostProcessTestInstance$7(ClassBasedTestDescriptor.java:290) ~[junit-jupiter-engine-5.11.4.jar:5.11.4]
	at org.junit.platform.engine.support.hierarchical.ThrowableCollector.execute(ThrowableCollector.java:73) ~[junit-platform-engine-1.11.4.jar:1.11.4]
	at org.junit.jupiter.engine.descriptor.ClassBasedTestDescriptor.instantiateAndPostProcessTestInstance(ClassBasedTestDescriptor.java:289) ~[junit-jupiter-engine-5.11.4.jar:5.11.4]
	at org.junit.jupiter.engine.descriptor.ClassBasedTestDescriptor.lambda$testInstancesProvider$5(ClassBasedTestDescriptor.java:279) ~[junit-jupiter-engine-5.11.4.jar:5.11.4]
	at java.base/java.util.Optional.orElseGet(Optional.java:364) ~[na:na]
	at org.junit.jupiter.engine.descriptor.ClassBasedTestDescriptor.lambda$testInstancesProvider$6(ClassBasedTestDescriptor.java:278) ~[junit-jupiter-engine-5.11.4.jar:5.11.4]
	at org.junit.jupiter.engine.execution.TestInstancesProvider.getTestInstances(TestInstancesProvider.java:31) ~[junit-jupiter-engine-5.11.4.jar:5.11.4]
	at org.junit.jupiter.engine.descriptor.TestMethodTestDescriptor.lambda$prepare$1(TestMethodTestDescriptor.java:105) ~[junit-jupiter-engine-5.11.4.jar:5.11.4]
	at org.junit.platform.engine.support.hierarchical.ThrowableCollector.execute(ThrowableCollector.java:73) ~[junit-platform-engine-1.11.4.jar:1.11.4]
	at org.junit.jupiter.engine.descriptor.TestMethodTestDescriptor.prepare(TestMethodTestDescriptor.java:104) ~[junit-jupiter-engine-5.11.4.jar:5.11.4]
	at org.junit.jupiter.engine.descriptor.TestMethodTestDescriptor.prepare(TestMethodTestDescriptor.java:68) ~[junit-jupiter-engine-5.11.4.jar:5.11.4]
	at org.junit.platform.engine.support.hierarchical.NodeTestTask.lambda$prepare$2(NodeTestTask.java:128) ~[junit-platform-engine-1.11.4.jar:1.11.4]
	at org.junit.platform.engine.support.hierarchical.ThrowableCollector.execute(ThrowableCollector.java:73) ~[junit-platform-engine-1.11.4.jar:1.11.4]
	at org.junit.platform.engine.support.hierarchical.NodeTestTask.prepare(NodeTestTask.java:128) ~[junit-platform-engine-1.11.4.jar:1.11.4]
	at org.junit.platform.engine.support.hierarchical.NodeTestTask.execute(NodeTestTask.java:95) ~[junit-platform-engine-1.11.4.jar:1.11.4]
	at java.base/java.util.ArrayList.forEach(ArrayList.java:1511) ~[na:na]
	at org.junit.platform.engine.support.hierarchical.SameThreadHierarchicalTestExecutorService.invokeAll(SameThreadHierarchicalTestExecutorService.java:41) ~[junit-platform-engine-1.11.4.jar:1.11.4]
	at org.junit.platform.engine.support.hierarchical.NodeTestTask.lambda$executeRecursively$6(NodeTestTask.java:160) ~[junit-platform-engine-1.11.4.jar:1.11.4]
	at org.junit.platform.engine.support.hierarchical.ThrowableCollector.execute(ThrowableCollector.java:73) ~[junit-platform-engine-1.11.4.jar:1.11.4]
	at org.junit.platform.engine.support.hierarchical.NodeTestTask.lambda$executeRecursively$8(NodeTestTask.java:146) ~[junit-platform-engine-1.11.4.jar:1.11.4]
	at org.junit.platform.engine.support.hierarchical.Node.around(Node.java:137) ~[junit-platform-engine-1.11.4.jar:1.11.4]
	at org.junit.platform.engine.support.hierarchical.NodeTestTask.lambda$executeRecursively$9(NodeTestTask.java:144) ~[junit-platform-engine-1.11.4.jar:1.11.4]
	at org.junit.platform.engine.support.hierarchical.ThrowableCollector.execute(ThrowableCollector.java:73) ~[junit-platform-engine-1.11.4.jar:1.11.4]
	at org.junit.platform.engine.support.hierarchical.NodeTestTask.executeRecursively(NodeTestTask.java:143) ~[junit-platform-engine-1.11.4.jar:1.11.4]
	at org.junit.platform.engine.support.hierarchical.NodeTestTask.execute(NodeTestTask.java:100) ~[junit-platform-engine-1.11.4.jar:1.11.4]
	at java.base/java.util.ArrayList.forEach(ArrayList.java:1511) ~[na:na]
	at org.junit.platform.engine.support.hierarchical.SameThreadHierarchicalTestExecutorService.invokeAll(SameThreadHierarchicalTestExecutorService.java:41) ~[junit-platform-engine-1.11.4.jar:1.11.4]
	at org.junit.platform.engine.support.hierarchical.NodeTestTask.lambda$executeRecursively$6(NodeTestTask.java:160) ~[junit-platform-engine-1.11.4.jar:1.11.4]
	at org.junit.platform.engine.support.hierarchical.ThrowableCollector.execute(ThrowableCollector.java:73) ~[junit-platform-engine-1.11.4.jar:1.11.4]
	at org.junit.platform.engine.support.hierarchical.NodeTestTask.lambda$executeRecursively$8(NodeTestTask.java:146) ~[junit-platform-engine-1.11.4.jar:1.11.4]
	at org.junit.platform.engine.support.hierarchical.Node.around(Node.java:137) ~[junit-platform-engine-1.11.4.jar:1.11.4]
	at org.junit.platform.engine.support.hierarchical.NodeTestTask.lambda$executeRecursively$9(NodeTestTask.java:144) ~[junit-platform-engine-1.11.4.jar:1.11.4]
	at org.junit.platform.engine.support.hierarchical.ThrowableCollector.execute(ThrowableCollector.java:73) ~[junit-platform-engine-1.11.4.jar:1.11.4]
	at org.junit.platform.engine.support.hierarchical.NodeTestTask.executeRecursively(NodeTestTask.java:143) ~[junit-platform-engine-1.11.4.jar:1.11.4]
	at org.junit.platform.engine.support.hierarchical.NodeTestTask.execute(NodeTestTask.java:100) ~[junit-platform-engine-1.11.4.jar:1.11.4]
	at org.junit.platform.engine.support.hierarchical.SameThreadHierarchicalTestExecutorService.submit(SameThreadHierarchicalTestExecutorService.java:35) ~[junit-platform-engine-1.11.4.jar:1.11.4]
	at org.junit.platform.engine.support.hierarchical.HierarchicalTestExecutor.execute(HierarchicalTestExecutor.java:57) ~[junit-platform-engine-1.11.4.jar:1.11.4]
	at org.junit.platform.engine.support.hierarchical.HierarchicalTestEngine.execute(HierarchicalTestEngine.java:54) ~[junit-platform-engine-1.11.4.jar:1.11.4]
	at org.junit.platform.launcher.core.EngineExecutionOrchestrator.execute(EngineExecutionOrchestrator.java:198) ~[junit-platform-launcher-1.11.4.jar:1.11.4]
	at org.junit.platform.launcher.core.EngineExecutionOrchestrator.execute(EngineExecutionOrchestrator.java:169) ~[junit-platform-launcher-1.11.4.jar:1.11.4]
	at org.junit.platform.launcher.core.EngineExecutionOrchestrator.execute(EngineExecutionOrchestrator.java:93) ~[junit-platform-launcher-1.11.4.jar:1.11.4]
	at org.junit.platform.launcher.core.EngineExecutionOrchestrator.lambda$execute$0(EngineExecutionOrchestrator.java:58) ~[junit-platform-launcher-1.11.4.jar:1.11.4]
	at org.junit.platform.launcher.core.EngineExecutionOrchestrator.withInterceptedStreams(EngineExecutionOrchestrator.java:141) ~[junit-platform-launcher-1.11.4.jar:1.11.4]
	at org.junit.platform.launcher.core.EngineExecutionOrchestrator.execute(EngineExecutionOrchestrator.java:57) ~[junit-platform-launcher-1.11.4.jar:1.11.4]
	at org.junit.platform.launcher.core.DefaultLauncher.execute(DefaultLauncher.java:103) ~[junit-platform-launcher-1.11.4.jar:1.11.4]
	at org.junit.platform.launcher.core.DefaultLauncher.execute(DefaultLauncher.java:85) ~[junit-platform-launcher-1.11.4.jar:1.11.4]
	at org.junit.platform.launcher.core.DelegatingLauncher.execute(DelegatingLauncher.java:47) ~[junit-platform-launcher-1.11.4.jar:1.11.4]
	at org.junit.platform.launcher.core.SessionPerRequestLauncher.execute(SessionPerRequestLauncher.java:63) ~[junit-platform-launcher-1.11.4.jar:1.11.4]
	at com.intellij.junit5.JUnit5IdeaTestRunner.startRunnerWithArgs(JUnit5IdeaTestRunner.java:66) ~[junit5-rt.jar:na]
	at com.intellij.rt.junit.IdeaTestRunner$Repeater$1.execute(IdeaTestRunner.java:38) ~[junit-rt.jar:na]
	at com.intellij.rt.execution.junit.TestsRepeater.repeat(TestsRepeater.java:11) ~[idea_rt.jar:na]
	at com.intellij.rt.junit.IdeaTestRunner$Repeater.startRunnerWithArgs(IdeaTestRunner.java:35) ~[junit-rt.jar:na]
	at com.intellij.rt.junit.JUnitStarter.prepareStreamsAndStart(JUnitStarter.java:231) ~[junit-rt.jar:na]
	at com.intellij.rt.junit.JUnitStarter.main(JUnitStarter.java:55) ~[junit-rt.jar:na]
Caused by: org.h2.jdbc.JdbcSQLSyntaxErrorException: Table "BOOK_DETAILS" not found; SQL statement:
alter table book_details add constraint FKoa7sqrtgxwg066s9521udtvpv foreign key (book_id) references books (id) [42102-232]
	at org.h2.message.DbException.getJdbcSQLException(DbException.java:514) ~[h2-2.3.232.jar:2.3.232]
	at org.h2.message.DbException.getJdbcSQLException(DbException.java:489) ~[h2-2.3.232.jar:2.3.232]
	at org.h2.message.DbException.get(DbException.java:223) ~[h2-2.3.232.jar:2.3.232]
	at org.h2.message.DbException.get(DbException.java:199) ~[h2-2.3.232.jar:2.3.232]
	at org.h2.command.ddl.AlterTable.update(AlterTable.java:43) ~[h2-2.3.232.jar:2.3.232]
	at org.h2.command.CommandContainer.update(CommandContainer.java:139) ~[h2-2.3.232.jar:2.3.232]
	at org.h2.command.Command.executeUpdate(Command.java:304) ~[h2-2.3.232.jar:2.3.232]
	at org.h2.command.Command.executeUpdate(Command.java:248) ~[h2-2.3.232.jar:2.3.232]
	at org.h2.jdbc.JdbcStatement.executeInternal(JdbcStatement.java:262) ~[h2-2.3.232.jar:2.3.232]
	at org.h2.jdbc.JdbcStatement.execute(JdbcStatement.java:231) ~[h2-2.3.232.jar:2.3.232]
	at org.hibernate.tool.schema.internal.exec.GenerationTargetToDatabase.accept(GenerationTargetToDatabase.java:80) ~[hibernate-core-6.6.22.Final.jar:6.6.22.Final]
	... 117 common frames omitted

2025-08-26T22:21:45.620+09:00  INFO 21112 --- [MySpringBootLab] [main] j.LocalContainerEntityManagerFactoryBean : Initialized JPA EntityManagerFactory for persistence unit 'default'
2025-08-26T22:21:45.937+09:00  INFO 21112 --- [MySpringBootLab] [main] o.s.d.j.r.query.QueryEnhancerFactory     : Hibernate is in classpath; If applicable, HQL parser will be used.
2025-08-26T22:21:46.305+09:00  INFO 21112 --- [MySpringBootLab] [main] c.r.m.repository.BookRepositoryTest      : Started BookRepositoryTest in 2.773 seconds (process running for 3.621)
2025-08-26T22:21:46.795+09:00  WARN 21112 --- [MySpringBootLab] [main] o.h.engine.jdbc.spi.SqlExceptionHelper   : SQL Error: 42104, SQLState: 42S04
2025-08-26T22:21:46.795+09:00 ERROR 21112 --- [MySpringBootLab] [main] o.h.engine.jdbc.spi.SqlExceptionHelper   : Table "BOOKS" not found (this database is empty); SQL statement:
insert into books (author,isbn,price,publish_date,title) values (?,?,?,?,?) [42104-232]
2025-08-26T22:21:46.832+09:00  WARN 21112 --- [MySpringBootLab] [main] o.h.engine.jdbc.spi.SqlExceptionHelper   : SQL Error: 42104, SQLState: 42S04
2025-08-26T22:21:46.832+09:00 ERROR 21112 --- [MySpringBootLab] [main] o.h.engine.jdbc.spi.SqlExceptionHelper   : Table "BOOKS" not found (this database is empty); SQL statement:
insert into books (author,isbn,price,publish_date,title) values (?,?,?,?,?) [42104-232]
2025-08-26T22:21:46.850+09:00  WARN 21112 --- [MySpringBootLab] [main] o.h.engine.jdbc.spi.SqlExceptionHelper   : SQL Error: 42104, SQLState: 42S04
2025-08-26T22:21:46.850+09:00 ERROR 21112 --- [MySpringBootLab] [main] o.h.engine.jdbc.spi.SqlExceptionHelper   : Table "BOOKS" not found (this database is empty); SQL statement:
insert into books (author,isbn,price,publish_date,title) values (?,?,?,?,?) [42104-232]
2025-08-26T22:21:46.863+09:00  WARN 21112 --- [MySpringBootLab] [main] o.h.engine.jdbc.spi.SqlExceptionHelper   : SQL Error: 42104, SQLState: 42S04
2025-08-26T22:21:46.863+09:00 ERROR 21112 --- [MySpringBootLab] [main] o.h.engine.jdbc.spi.SqlExceptionHelper   : Table "BOOKS" not found (this database is empty); SQL statement:
insert into books (author,isbn,price,publish_date,title) values (?,?,?,?,?) [42104-232]
2025-08-26T22:21:46.875+09:00  WARN 21112 --- [MySpringBootLab] [main] o.h.engine.jdbc.spi.SqlExceptionHelper   : SQL Error: 42104, SQLState: 42S04
2025-08-26T22:21:46.875+09:00 ERROR 21112 --- [MySpringBootLab] [main] o.h.engine.jdbc.spi.SqlExceptionHelper   : Table "BOOKS" not found (this database is empty); SQL statement:
insert into books (author,isbn,price,publish_date,title) values (?,?,?,?,?) [42104-232]
2025-08-26T22:21:46.882+09:00  INFO 21112 --- [MySpringBootLab] [SpringApplicationShutdownHook] j.LocalContainerEntityManagerFactoryBean : Closing JPA EntityManagerFactory for persistence unit 'default'
2025-08-26T22:29:04.693+09:00  INFO 19084 --- [MySpringBootLab] [restartedMain] c.r.m.MySpringbootLabApplication         : Starting MySpringbootLabApplication using Java 17.0.2 with PID 19084 (C:\mybackend\springBoot\MySpringbootLab\target\classes started by user in C:\mybackend\springBoot\MySpringbootLab)
2025-08-26T22:29:04.693+09:00  INFO 19084 --- [MySpringBootLab] [restartedMain] c.r.m.MySpringbootLabApplication         : The following 1 profile is active: "prod"
2025-08-26T22:29:04.749+09:00  INFO 19084 --- [MySpringBootLab] [restartedMain] .e.DevToolsPropertyDefaultsPostProcessor : Devtools property defaults active! Set 'spring.devtools.add-properties' to 'false' to disable
2025-08-26T22:29:04.749+09:00  INFO 19084 --- [MySpringBootLab] [restartedMain] .e.DevToolsPropertyDefaultsPostProcessor : For additional web related logging consider setting the 'logging.level.web' property to 'DEBUG'
2025-08-26T22:29:05.673+09:00  INFO 19084 --- [MySpringBootLab] [restartedMain] .s.d.r.c.RepositoryConfigurationDelegate : Bootstrapping Spring Data JPA repositories in DEFAULT mode.
2025-08-26T22:29:05.721+09:00  INFO 19084 --- [MySpringBootLab] [restartedMain] .s.d.r.c.RepositoryConfigurationDelegate : Finished Spring Data repository scanning in 38 ms. Found 2 JPA repository interfaces.
2025-08-26T22:29:06.268+09:00  INFO 19084 --- [MySpringBootLab] [restartedMain] o.s.b.w.embedded.tomcat.TomcatWebServer  : Tomcat initialized with port 8080 (http)
2025-08-26T22:29:06.283+09:00  INFO 19084 --- [MySpringBootLab] [restartedMain] o.apache.catalina.core.StandardService   : Starting service [Tomcat]
2025-08-26T22:29:06.283+09:00  INFO 19084 --- [MySpringBootLab] [restartedMain] o.apache.catalina.core.StandardEngine    : Starting Servlet engine: [Apache Tomcat/10.1.43]
2025-08-26T22:29:06.316+09:00  INFO 19084 --- [MySpringBootLab] [restartedMain] o.a.c.c.C.[Tomcat].[localhost].[/]       : Initializing Spring embedded WebApplicationContext
2025-08-26T22:29:06.316+09:00  INFO 19084 --- [MySpringBootLab] [restartedMain] w.s.c.ServletWebServerApplicationContext : Root WebApplicationContext: initialization completed in 1567 ms
2025-08-26T22:29:06.576+09:00  INFO 19084 --- [MySpringBootLab] [restartedMain] o.hibernate.jpa.internal.util.LogHelper  : HHH000204: Processing PersistenceUnitInfo [name: default]
2025-08-26T22:29:06.627+09:00  INFO 19084 --- [MySpringBootLab] [restartedMain] org.hibernate.Version                    : HHH000412: Hibernate ORM core version 6.6.22.Final
2025-08-26T22:29:06.681+09:00  INFO 19084 --- [MySpringBootLab] [restartedMain] o.h.c.internal.RegionFactoryInitiator    : HHH000026: Second-level cache disabled
2025-08-26T22:29:06.933+09:00  INFO 19084 --- [MySpringBootLab] [restartedMain] o.s.o.j.p.SpringPersistenceUnitInfo      : No LoadTimeWeaver setup: ignoring JPA class transformer
2025-08-26T22:29:06.957+09:00  INFO 19084 --- [MySpringBootLab] [restartedMain] com.zaxxer.hikari.HikariDataSource       : HikariPool-1 - Starting...
2025-08-26T22:29:07.023+09:00  INFO 19084 --- [MySpringBootLab] [restartedMain] com.zaxxer.hikari.pool.HikariPool        : HikariPool-1 - Added connection org.mariadb.jdbc.Connection@44f28129
2025-08-26T22:29:07.023+09:00  INFO 19084 --- [MySpringBootLab] [restartedMain] com.zaxxer.hikari.HikariDataSource       : HikariPool-1 - Start completed.
2025-08-26T22:29:07.044+09:00  WARN 19084 --- [MySpringBootLab] [restartedMain] org.hibernate.orm.deprecation            : HHH90000025: MariaDBDialect does not need to be specified explicitly using 'hibernate.dialect' (remove the property setting and it will be selected by default)
2025-08-26T22:29:07.059+09:00  INFO 19084 --- [MySpringBootLab] [restartedMain] org.hibernate.orm.connections.pooling    : HHH10001005: Database info:
	Database JDBC URL [Connecting through datasource 'HikariDataSource (HikariPool-1)']
	Database driver: undefined/unknown
	Database version: 10.11.5
	Autocommit mode: undefined/unknown
	Isolation level: undefined/unknown
	Minimum pool size: undefined/unknown
	Maximum pool size: undefined/unknown
2025-08-26T22:29:07.638+09:00  INFO 19084 --- [MySpringBootLab] [restartedMain] o.h.e.t.j.p.i.JtaPlatformInitiator       : HHH000489: No JTA platform available (set 'hibernate.transaction.jta.platform' to enable JTA platform integration)
2025-08-26T22:29:07.781+09:00  INFO 19084 --- [MySpringBootLab] [restartedMain] j.LocalContainerEntityManagerFactoryBean : Initialized JPA EntityManagerFactory for persistence unit 'default'
2025-08-26T22:29:08.147+09:00  INFO 19084 --- [MySpringBootLab] [restartedMain] o.s.d.j.r.query.QueryEnhancerFactory     : Hibernate is in classpath; If applicable, HQL parser will be used.
2025-08-26T22:29:08.576+09:00  WARN 19084 --- [MySpringBootLab] [restartedMain] JpaBaseConfiguration$JpaWebConfiguration : spring.jpa.open-in-view is enabled by default. Therefore, database queries may be performed during view rendering. Explicitly configure spring.jpa.open-in-view to disable this warning
2025-08-26T22:29:08.683+09:00  WARN 19084 --- [MySpringBootLab] [restartedMain] ConfigServletWebServerApplicationContext : Exception encountered during context initialization - cancelling refresh attempt: org.springframework.beans.factory.BeanCreationException: Error creating bean with name 'requestMappingHandlerMapping' defined in class path resource [org/springframework/boot/autoconfigure/web/servlet/WebMvcAutoConfiguration$EnableWebMvcConfiguration.class]: Ambiguous mapping. Cannot map 'bookController' method 
com.rookies4.myspringbootlab.controller.BookController#getBookById(Long)
to {GET [/api/books/{id}]}: There is already 'book2Controller' bean method
com.rookies4.myspringbootlab.controller.Book2Controller#getBookById(Long) mapped.
2025-08-26T22:29:08.683+09:00  INFO 19084 --- [MySpringBootLab] [restartedMain] j.LocalContainerEntityManagerFactoryBean : Closing JPA EntityManagerFactory for persistence unit 'default'
2025-08-26T22:29:08.693+09:00  INFO 19084 --- [MySpringBootLab] [restartedMain] com.zaxxer.hikari.HikariDataSource       : HikariPool-1 - Shutdown initiated...
2025-08-26T22:29:08.697+09:00  INFO 19084 --- [MySpringBootLab] [restartedMain] com.zaxxer.hikari.HikariDataSource       : HikariPool-1 - Shutdown completed.
2025-08-26T22:29:08.700+09:00  INFO 19084 --- [MySpringBootLab] [restartedMain] o.apache.catalina.core.StandardService   : Stopping service [Tomcat]
2025-08-26T22:29:08.715+09:00  INFO 19084 --- [MySpringBootLab] [restartedMain] .s.b.a.l.ConditionEvaluationReportLogger : 

Error starting ApplicationContext. To display the condition evaluation report re-run your application with 'debug' enabled.
2025-08-26T22:29:08.730+09:00 ERROR 19084 --- [MySpringBootLab] [restartedMain] o.s.boot.SpringApplication               : Application run failed

org.springframework.beans.factory.BeanCreationException: Error creating bean with name 'requestMappingHandlerMapping' defined in class path resource [org/springframework/boot/autoconfigure/web/servlet/WebMvcAutoConfiguration$EnableWebMvcConfiguration.class]: Ambiguous mapping. Cannot map 'bookController' method 
com.rookies4.myspringbootlab.controller.BookController#getBookById(Long)
to {GET [/api/books/{id}]}: There is already 'book2Controller' bean method
com.rookies4.myspringbootlab.controller.Book2Controller#getBookById(Long) mapped.
	at org.springframework.beans.factory.support.AbstractAutowireCapableBeanFactory.initializeBean(AbstractAutowireCapableBeanFactory.java:1826) ~[spring-beans-6.2.9.jar:6.2.9]
	at org.springframework.beans.factory.support.AbstractAutowireCapableBeanFactory.doCreateBean(AbstractAutowireCapableBeanFactory.java:607) ~[spring-beans-6.2.9.jar:6.2.9]
	at org.springframework.beans.factory.support.AbstractAutowireCapableBeanFactory.createBean(AbstractAutowireCapableBeanFactory.java:529) ~[spring-beans-6.2.9.jar:6.2.9]
	at org.springframework.beans.factory.support.AbstractBeanFactory.lambda$doGetBean$0(AbstractBeanFactory.java:339) ~[spring-beans-6.2.9.jar:6.2.9]
	at org.springframework.beans.factory.support.DefaultSingletonBeanRegistry.getSingleton(DefaultSingletonBeanRegistry.java:373) ~[spring-beans-6.2.9.jar:6.2.9]
	at org.springframework.beans.factory.support.AbstractBeanFactory.doGetBean(AbstractBeanFactory.java:337) ~[spring-beans-6.2.9.jar:6.2.9]
	at org.springframework.beans.factory.support.AbstractBeanFactory.getBean(AbstractBeanFactory.java:202) ~[spring-beans-6.2.9.jar:6.2.9]
	at org.springframework.beans.factory.support.DefaultListableBeanFactory.instantiateSingleton(DefaultListableBeanFactory.java:1222) ~[spring-beans-6.2.9.jar:6.2.9]
	at org.springframework.beans.factory.support.DefaultListableBeanFactory.preInstantiateSingleton(DefaultListableBeanFactory.java:1188) ~[spring-beans-6.2.9.jar:6.2.9]
	at org.springframework.beans.factory.support.DefaultListableBeanFactory.preInstantiateSingletons(DefaultListableBeanFactory.java:1123) ~[spring-beans-6.2.9.jar:6.2.9]
	at org.springframework.context.support.AbstractApplicationContext.finishBeanFactoryInitialization(AbstractApplicationContext.java:987) ~[spring-context-6.2.9.jar:6.2.9]
	at org.springframework.context.support.AbstractApplicationContext.refresh(AbstractApplicationContext.java:627) ~[spring-context-6.2.9.jar:6.2.9]
	at org.springframework.boot.web.servlet.context.ServletWebServerApplicationContext.refresh(ServletWebServerApplicationContext.java:146) ~[spring-boot-3.4.8.jar:3.4.8]
	at org.springframework.boot.SpringApplication.refresh(SpringApplication.java:752) ~[spring-boot-3.4.8.jar:3.4.8]
	at org.springframework.boot.SpringApplication.refreshContext(SpringApplication.java:439) ~[spring-boot-3.4.8.jar:3.4.8]
	at org.springframework.boot.SpringApplication.run(SpringApplication.java:318) ~[spring-boot-3.4.8.jar:3.4.8]
	at org.springframework.boot.SpringApplication.run(SpringApplication.java:1361) ~[spring-boot-3.4.8.jar:3.4.8]
	at org.springframework.boot.SpringApplication.run(SpringApplication.java:1350) ~[spring-boot-3.4.8.jar:3.4.8]
	at com.rookies4.myspringbootlab.MySpringbootLabApplication.main(MySpringbootLabApplication.java:10) ~[classes/:na]
	at java.base/jdk.internal.reflect.NativeMethodAccessorImpl.invoke0(Native Method) ~[na:na]
	at java.base/jdk.internal.reflect.NativeMethodAccessorImpl.invoke(NativeMethodAccessorImpl.java:77) ~[na:na]
	at java.base/jdk.internal.reflect.DelegatingMethodAccessorImpl.invoke(DelegatingMethodAccessorImpl.java:43) ~[na:na]
	at java.base/java.lang.reflect.Method.invoke(Method.java:568) ~[na:na]
	at org.springframework.boot.devtools.restart.RestartLauncher.run(RestartLauncher.java:50) ~[spring-boot-devtools-3.4.8.jar:3.4.8]
Caused by: java.lang.IllegalStateException: Ambiguous mapping. Cannot map 'bookController' method 
com.rookies4.myspringbootlab.controller.BookController#getBookById(Long)
to {GET [/api/books/{id}]}: There is already 'book2Controller' bean method
com.rookies4.myspringbootlab.controller.Book2Controller#getBookById(Long) mapped.
	at org.springframework.web.servlet.handler.AbstractHandlerMethodMapping$MappingRegistry.validateMethodMapping(AbstractHandlerMethodMapping.java:676) ~[spring-webmvc-6.2.9.jar:6.2.9]
	at org.springframework.web.servlet.handler.AbstractHandlerMethodMapping$MappingRegistry.register(AbstractHandlerMethodMapping.java:637) ~[spring-webmvc-6.2.9.jar:6.2.9]
	at org.springframework.web.servlet.handler.AbstractHandlerMethodMapping.registerHandlerMethod(AbstractHandlerMethodMapping.java:331) ~[spring-webmvc-6.2.9.jar:6.2.9]
	at org.springframework.web.servlet.mvc.method.annotation.RequestMappingHandlerMapping.registerHandlerMethod(RequestMappingHandlerMapping.java:507) ~[spring-webmvc-6.2.9.jar:6.2.9]
	at org.springframework.web.servlet.mvc.method.annotation.RequestMappingHandlerMapping.registerHandlerMethod(RequestMappingHandlerMapping.java:84) ~[spring-webmvc-6.2.9.jar:6.2.9]
	at org.springframework.web.servlet.handler.AbstractHandlerMethodMapping.lambda$detectHandlerMethods$2(AbstractHandlerMethodMapping.java:298) ~[spring-webmvc-6.2.9.jar:6.2.9]
	at java.base/java.util.LinkedHashMap.forEach(LinkedHashMap.java:721) ~[na:na]
	at org.springframework.web.servlet.handler.AbstractHandlerMethodMapping.detectHandlerMethods(AbstractHandlerMethodMapping.java:296) ~[spring-webmvc-6.2.9.jar:6.2.9]
	at org.springframework.web.servlet.handler.AbstractHandlerMethodMapping.processCandidateBean(AbstractHandlerMethodMapping.java:265) ~[spring-webmvc-6.2.9.jar:6.2.9]
	at org.springframework.web.servlet.handler.AbstractHandlerMethodMapping.initHandlerMethods(AbstractHandlerMethodMapping.java:224) ~[spring-webmvc-6.2.9.jar:6.2.9]
	at org.springframework.web.servlet.handler.AbstractHandlerMethodMapping.afterPropertiesSet(AbstractHandlerMethodMapping.java:212) ~[spring-webmvc-6.2.9.jar:6.2.9]
	at org.springframework.web.servlet.mvc.method.annotation.RequestMappingHandlerMapping.afterPropertiesSet(RequestMappingHandlerMapping.java:237) ~[spring-webmvc-6.2.9.jar:6.2.9]
	at org.springframework.beans.factory.support.AbstractAutowireCapableBeanFactory.invokeInitMethods(AbstractAutowireCapableBeanFactory.java:1873) ~[spring-beans-6.2.9.jar:6.2.9]
	at org.springframework.beans.factory.support.AbstractAutowireCapableBeanFactory.initializeBean(AbstractAutowireCapableBeanFactory.java:1822) ~[spring-beans-6.2.9.jar:6.2.9]
	... 23 common frames omitted

2025-08-26T22:42:12.258+09:00  INFO 6432 --- [MySpringBootLab] [restartedMain] c.r.m.MySpringbootLabApplication         : Starting MySpringbootLabApplication using Java 17.0.2 with PID 6432 (C:\mybackend\springBoot\MySpringbootLab\target\classes started by user in C:\mybackend\springBoot\MySpringbootLab)
2025-08-26T22:42:12.258+09:00  INFO 6432 --- [MySpringBootLab] [restartedMain] c.r.m.MySpringbootLabApplication         : The following 1 profile is active: "prod"
2025-08-26T22:42:12.319+09:00  INFO 6432 --- [MySpringBootLab] [restartedMain] .e.DevToolsPropertyDefaultsPostProcessor : Devtools property defaults active! Set 'spring.devtools.add-properties' to 'false' to disable
2025-08-26T22:42:12.321+09:00  INFO 6432 --- [MySpringBootLab] [restartedMain] .e.DevToolsPropertyDefaultsPostProcessor : For additional web related logging consider setting the 'logging.level.web' property to 'DEBUG'
2025-08-26T22:42:13.210+09:00  INFO 6432 --- [MySpringBootLab] [restartedMain] .s.d.r.c.RepositoryConfigurationDelegate : Bootstrapping Spring Data JPA repositories in DEFAULT mode.
2025-08-26T22:42:13.258+09:00  INFO 6432 --- [MySpringBootLab] [restartedMain] .s.d.r.c.RepositoryConfigurationDelegate : Finished Spring Data repository scanning in 40 ms. Found 2 JPA repository interfaces.
2025-08-26T22:42:13.797+09:00  INFO 6432 --- [MySpringBootLab] [restartedMain] o.s.b.w.embedded.tomcat.TomcatWebServer  : Tomcat initialized with port 8080 (http)
2025-08-26T22:42:13.813+09:00  INFO 6432 --- [MySpringBootLab] [restartedMain] o.apache.catalina.core.StandardService   : Starting service [Tomcat]
2025-08-26T22:42:13.813+09:00  INFO 6432 --- [MySpringBootLab] [restartedMain] o.apache.catalina.core.StandardEngine    : Starting Servlet engine: [Apache Tomcat/10.1.43]
2025-08-26T22:42:13.847+09:00  INFO 6432 --- [MySpringBootLab] [restartedMain] o.a.c.c.C.[Tomcat].[localhost].[/]       : Initializing Spring embedded WebApplicationContext
2025-08-26T22:42:13.847+09:00  INFO 6432 --- [MySpringBootLab] [restartedMain] w.s.c.ServletWebServerApplicationContext : Root WebApplicationContext: initialization completed in 1526 ms
2025-08-26T22:42:14.114+09:00  INFO 6432 --- [MySpringBootLab] [restartedMain] o.hibernate.jpa.internal.util.LogHelper  : HHH000204: Processing PersistenceUnitInfo [name: default]
2025-08-26T22:42:14.177+09:00  INFO 6432 --- [MySpringBootLab] [restartedMain] org.hibernate.Version                    : HHH000412: Hibernate ORM core version 6.6.22.Final
2025-08-26T22:42:14.209+09:00  INFO 6432 --- [MySpringBootLab] [restartedMain] o.h.c.internal.RegionFactoryInitiator    : HHH000026: Second-level cache disabled
2025-08-26T22:42:14.481+09:00  INFO 6432 --- [MySpringBootLab] [restartedMain] o.s.o.j.p.SpringPersistenceUnitInfo      : No LoadTimeWeaver setup: ignoring JPA class transformer
2025-08-26T22:42:14.492+09:00  INFO 6432 --- [MySpringBootLab] [restartedMain] com.zaxxer.hikari.HikariDataSource       : HikariPool-1 - Starting...
2025-08-26T22:42:14.540+09:00  INFO 6432 --- [MySpringBootLab] [restartedMain] com.zaxxer.hikari.pool.HikariPool        : HikariPool-1 - Added connection org.mariadb.jdbc.Connection@1a903ac7
2025-08-26T22:42:14.540+09:00  INFO 6432 --- [MySpringBootLab] [restartedMain] com.zaxxer.hikari.HikariDataSource       : HikariPool-1 - Start completed.
2025-08-26T22:42:14.556+09:00  WARN 6432 --- [MySpringBootLab] [restartedMain] org.hibernate.orm.deprecation            : HHH90000025: MariaDBDialect does not need to be specified explicitly using 'hibernate.dialect' (remove the property setting and it will be selected by default)
2025-08-26T22:42:14.572+09:00  INFO 6432 --- [MySpringBootLab] [restartedMain] org.hibernate.orm.connections.pooling    : HHH10001005: Database info:
	Database JDBC URL [Connecting through datasource 'HikariDataSource (HikariPool-1)']
	Database driver: undefined/unknown
	Database version: 10.11.5
	Autocommit mode: undefined/unknown
	Isolation level: undefined/unknown
	Minimum pool size: undefined/unknown
	Maximum pool size: undefined/unknown
2025-08-26T22:42:15.196+09:00  INFO 6432 --- [MySpringBootLab] [restartedMain] o.h.e.t.j.p.i.JtaPlatformInitiator       : HHH000489: No JTA platform available (set 'hibernate.transaction.jta.platform' to enable JTA platform integration)
2025-08-26T22:42:15.340+09:00  INFO 6432 --- [MySpringBootLab] [restartedMain] j.LocalContainerEntityManagerFactoryBean : Initialized JPA EntityManagerFactory for persistence unit 'default'
2025-08-26T22:42:15.688+09:00  INFO 6432 --- [MySpringBootLab] [restartedMain] o.s.d.j.r.query.QueryEnhancerFactory     : Hibernate is in classpath; If applicable, HQL parser will be used.
2025-08-26T22:42:16.141+09:00  WARN 6432 --- [MySpringBootLab] [restartedMain] JpaBaseConfiguration$JpaWebConfiguration : spring.jpa.open-in-view is enabled by default. Therefore, database queries may be performed during view rendering. Explicitly configure spring.jpa.open-in-view to disable this warning
2025-08-26T22:42:16.227+09:00  WARN 6432 --- [MySpringBootLab] [restartedMain] ConfigServletWebServerApplicationContext : Exception encountered during context initialization - cancelling refresh attempt: org.springframework.beans.factory.BeanCreationException: Error creating bean with name 'requestMappingHandlerMapping' defined in class path resource [org/springframework/boot/autoconfigure/web/servlet/WebMvcAutoConfiguration$EnableWebMvcConfiguration.class]: Ambiguous mapping. Cannot map 'bookController' method 
com.rookies4.myspringbootlab.controller.BookController#getBookById(Long)
to {GET [/api/books/{id}]}: There is already 'book2Controller' bean method
com.rookies4.myspringbootlab.controller.Book2Controller#getBookById(Long) mapped.
2025-08-26T22:42:16.227+09:00  INFO 6432 --- [MySpringBootLab] [restartedMain] j.LocalContainerEntityManagerFactoryBean : Closing JPA EntityManagerFactory for persistence unit 'default'
2025-08-26T22:42:16.236+09:00  INFO 6432 --- [MySpringBootLab] [restartedMain] com.zaxxer.hikari.HikariDataSource       : HikariPool-1 - Shutdown initiated...
2025-08-26T22:42:16.236+09:00  INFO 6432 --- [MySpringBootLab] [restartedMain] com.zaxxer.hikari.HikariDataSource       : HikariPool-1 - Shutdown completed.
2025-08-26T22:42:16.244+09:00  INFO 6432 --- [MySpringBootLab] [restartedMain] o.apache.catalina.core.StandardService   : Stopping service [Tomcat]
2025-08-26T22:42:16.259+09:00  INFO 6432 --- [MySpringBootLab] [restartedMain] .s.b.a.l.ConditionEvaluationReportLogger : 

Error starting ApplicationContext. To display the condition evaluation report re-run your application with 'debug' enabled.
2025-08-26T22:42:16.275+09:00 ERROR 6432 --- [MySpringBootLab] [restartedMain] o.s.boot.SpringApplication               : Application run failed

org.springframework.beans.factory.BeanCreationException: Error creating bean with name 'requestMappingHandlerMapping' defined in class path resource [org/springframework/boot/autoconfigure/web/servlet/WebMvcAutoConfiguration$EnableWebMvcConfiguration.class]: Ambiguous mapping. Cannot map 'bookController' method 
com.rookies4.myspringbootlab.controller.BookController#getBookById(Long)
to {GET [/api/books/{id}]}: There is already 'book2Controller' bean method
com.rookies4.myspringbootlab.controller.Book2Controller#getBookById(Long) mapped.
	at org.springframework.beans.factory.support.AbstractAutowireCapableBeanFactory.initializeBean(AbstractAutowireCapableBeanFactory.java:1826) ~[spring-beans-6.2.9.jar:6.2.9]
	at org.springframework.beans.factory.support.AbstractAutowireCapableBeanFactory.doCreateBean(AbstractAutowireCapableBeanFactory.java:607) ~[spring-beans-6.2.9.jar:6.2.9]
	at org.springframework.beans.factory.support.AbstractAutowireCapableBeanFactory.createBean(AbstractAutowireCapableBeanFactory.java:529) ~[spring-beans-6.2.9.jar:6.2.9]
	at org.springframework.beans.factory.support.AbstractBeanFactory.lambda$doGetBean$0(AbstractBeanFactory.java:339) ~[spring-beans-6.2.9.jar:6.2.9]
	at org.springframework.beans.factory.support.DefaultSingletonBeanRegistry.getSingleton(DefaultSingletonBeanRegistry.java:373) ~[spring-beans-6.2.9.jar:6.2.9]
	at org.springframework.beans.factory.support.AbstractBeanFactory.doGetBean(AbstractBeanFactory.java:337) ~[spring-beans-6.2.9.jar:6.2.9]
	at org.springframework.beans.factory.support.AbstractBeanFactory.getBean(AbstractBeanFactory.java:202) ~[spring-beans-6.2.9.jar:6.2.9]
	at org.springframework.beans.factory.support.DefaultListableBeanFactory.instantiateSingleton(DefaultListableBeanFactory.java:1222) ~[spring-beans-6.2.9.jar:6.2.9]
	at org.springframework.beans.factory.support.DefaultListableBeanFactory.preInstantiateSingleton(DefaultListableBeanFactory.java:1188) ~[spring-beans-6.2.9.jar:6.2.9]
	at org.springframework.beans.factory.support.DefaultListableBeanFactory.preInstantiateSingletons(DefaultListableBeanFactory.java:1123) ~[spring-beans-6.2.9.jar:6.2.9]
	at org.springframework.context.support.AbstractApplicationContext.finishBeanFactoryInitialization(AbstractApplicationContext.java:987) ~[spring-context-6.2.9.jar:6.2.9]
	at org.springframework.context.support.AbstractApplicationContext.refresh(AbstractApplicationContext.java:627) ~[spring-context-6.2.9.jar:6.2.9]
	at org.springframework.boot.web.servlet.context.ServletWebServerApplicationContext.refresh(ServletWebServerApplicationContext.java:146) ~[spring-boot-3.4.8.jar:3.4.8]
	at org.springframework.boot.SpringApplication.refresh(SpringApplication.java:752) ~[spring-boot-3.4.8.jar:3.4.8]
	at org.springframework.boot.SpringApplication.refreshContext(SpringApplication.java:439) ~[spring-boot-3.4.8.jar:3.4.8]
	at org.springframework.boot.SpringApplication.run(SpringApplication.java:318) ~[spring-boot-3.4.8.jar:3.4.8]
	at org.springframework.boot.SpringApplication.run(SpringApplication.java:1361) ~[spring-boot-3.4.8.jar:3.4.8]
	at org.springframework.boot.SpringApplication.run(SpringApplication.java:1350) ~[spring-boot-3.4.8.jar:3.4.8]
	at com.rookies4.myspringbootlab.MySpringbootLabApplication.main(MySpringbootLabApplication.java:10) ~[classes/:na]
	at java.base/jdk.internal.reflect.NativeMethodAccessorImpl.invoke0(Native Method) ~[na:na]
	at java.base/jdk.internal.reflect.NativeMethodAccessorImpl.invoke(NativeMethodAccessorImpl.java:77) ~[na:na]
	at java.base/jdk.internal.reflect.DelegatingMethodAccessorImpl.invoke(DelegatingMethodAccessorImpl.java:43) ~[na:na]
	at java.base/java.lang.reflect.Method.invoke(Method.java:568) ~[na:na]
	at org.springframework.boot.devtools.restart.RestartLauncher.run(RestartLauncher.java:50) ~[spring-boot-devtools-3.4.8.jar:3.4.8]
Caused by: java.lang.IllegalStateException: Ambiguous mapping. Cannot map 'bookController' method 
com.rookies4.myspringbootlab.controller.BookController#getBookById(Long)
to {GET [/api/books/{id}]}: There is already 'book2Controller' bean method
com.rookies4.myspringbootlab.controller.Book2Controller#getBookById(Long) mapped.
	at org.springframework.web.servlet.handler.AbstractHandlerMethodMapping$MappingRegistry.validateMethodMapping(AbstractHandlerMethodMapping.java:676) ~[spring-webmvc-6.2.9.jar:6.2.9]
	at org.springframework.web.servlet.handler.AbstractHandlerMethodMapping$MappingRegistry.register(AbstractHandlerMethodMapping.java:637) ~[spring-webmvc-6.2.9.jar:6.2.9]
	at org.springframework.web.servlet.handler.AbstractHandlerMethodMapping.registerHandlerMethod(AbstractHandlerMethodMapping.java:331) ~[spring-webmvc-6.2.9.jar:6.2.9]
	at org.springframework.web.servlet.mvc.method.annotation.RequestMappingHandlerMapping.registerHandlerMethod(RequestMappingHandlerMapping.java:507) ~[spring-webmvc-6.2.9.jar:6.2.9]
	at org.springframework.web.servlet.mvc.method.annotation.RequestMappingHandlerMapping.registerHandlerMethod(RequestMappingHandlerMapping.java:84) ~[spring-webmvc-6.2.9.jar:6.2.9]
	at org.springframework.web.servlet.handler.AbstractHandlerMethodMapping.lambda$detectHandlerMethods$2(AbstractHandlerMethodMapping.java:298) ~[spring-webmvc-6.2.9.jar:6.2.9]
	at java.base/java.util.LinkedHashMap.forEach(LinkedHashMap.java:721) ~[na:na]
	at org.springframework.web.servlet.handler.AbstractHandlerMethodMapping.detectHandlerMethods(AbstractHandlerMethodMapping.java:296) ~[spring-webmvc-6.2.9.jar:6.2.9]
	at org.springframework.web.servlet.handler.AbstractHandlerMethodMapping.processCandidateBean(AbstractHandlerMethodMapping.java:265) ~[spring-webmvc-6.2.9.jar:6.2.9]
	at org.springframework.web.servlet.handler.AbstractHandlerMethodMapping.initHandlerMethods(AbstractHandlerMethodMapping.java:224) ~[spring-webmvc-6.2.9.jar:6.2.9]
	at org.springframework.web.servlet.handler.AbstractHandlerMethodMapping.afterPropertiesSet(AbstractHandlerMethodMapping.java:212) ~[spring-webmvc-6.2.9.jar:6.2.9]
	at org.springframework.web.servlet.mvc.method.annotation.RequestMappingHandlerMapping.afterPropertiesSet(RequestMappingHandlerMapping.java:237) ~[spring-webmvc-6.2.9.jar:6.2.9]
	at org.springframework.beans.factory.support.AbstractAutowireCapableBeanFactory.invokeInitMethods(AbstractAutowireCapableBeanFactory.java:1873) ~[spring-beans-6.2.9.jar:6.2.9]
	at org.springframework.beans.factory.support.AbstractAutowireCapableBeanFactory.initializeBean(AbstractAutowireCapableBeanFactory.java:1822) ~[spring-beans-6.2.9.jar:6.2.9]
	... 23 common frames omitted

2025-08-26T22:43:26.262+09:00  INFO 15028 --- [MySpringBootLab] [restartedMain] c.r.m.MySpringbootLabApplication         : Starting MySpringbootLabApplication using Java 17.0.2 with PID 15028 (C:\mybackend\springBoot\MySpringbootLab\target\classes started by user in C:\mybackend\springBoot\MySpringbootLab)
2025-08-26T22:43:26.262+09:00  INFO 15028 --- [MySpringBootLab] [restartedMain] c.r.m.MySpringbootLabApplication         : The following 1 profile is active: "prod"
2025-08-26T22:43:26.304+09:00  INFO 15028 --- [MySpringBootLab] [restartedMain] .e.DevToolsPropertyDefaultsPostProcessor : Devtools property defaults active! Set 'spring.devtools.add-properties' to 'false' to disable
2025-08-26T22:43:26.304+09:00  INFO 15028 --- [MySpringBootLab] [restartedMain] .e.DevToolsPropertyDefaultsPostProcessor : For additional web related logging consider setting the 'logging.level.web' property to 'DEBUG'
2025-08-26T22:43:27.270+09:00  INFO 15028 --- [MySpringBootLab] [restartedMain] .s.d.r.c.RepositoryConfigurationDelegate : Bootstrapping Spring Data JPA repositories in DEFAULT mode.
2025-08-26T22:43:27.315+09:00  INFO 15028 --- [MySpringBootLab] [restartedMain] .s.d.r.c.RepositoryConfigurationDelegate : Finished Spring Data repository scanning in 37 ms. Found 2 JPA repository interfaces.
2025-08-26T22:43:27.887+09:00  INFO 15028 --- [MySpringBootLab] [restartedMain] o.s.b.w.embedded.tomcat.TomcatWebServer  : Tomcat initialized with port 8080 (http)
2025-08-26T22:43:27.903+09:00  INFO 15028 --- [MySpringBootLab] [restartedMain] o.apache.catalina.core.StandardService   : Starting service [Tomcat]
2025-08-26T22:43:27.903+09:00  INFO 15028 --- [MySpringBootLab] [restartedMain] o.apache.catalina.core.StandardEngine    : Starting Servlet engine: [Apache Tomcat/10.1.43]
2025-08-26T22:43:27.934+09:00  INFO 15028 --- [MySpringBootLab] [restartedMain] o.a.c.c.C.[Tomcat].[localhost].[/]       : Initializing Spring embedded WebApplicationContext
2025-08-26T22:43:27.934+09:00  INFO 15028 --- [MySpringBootLab] [restartedMain] w.s.c.ServletWebServerApplicationContext : Root WebApplicationContext: initialization completed in 1630 ms
2025-08-26T22:43:28.191+09:00  INFO 15028 --- [MySpringBootLab] [restartedMain] o.hibernate.jpa.internal.util.LogHelper  : HHH000204: Processing PersistenceUnitInfo [name: default]
2025-08-26T22:43:28.252+09:00  INFO 15028 --- [MySpringBootLab] [restartedMain] org.hibernate.Version                    : HHH000412: Hibernate ORM core version 6.6.22.Final
2025-08-26T22:43:28.300+09:00  INFO 15028 --- [MySpringBootLab] [restartedMain] o.h.c.internal.RegionFactoryInitiator    : HHH000026: Second-level cache disabled
2025-08-26T22:43:28.587+09:00  INFO 15028 --- [MySpringBootLab] [restartedMain] o.s.o.j.p.SpringPersistenceUnitInfo      : No LoadTimeWeaver setup: ignoring JPA class transformer
2025-08-26T22:43:28.635+09:00  INFO 15028 --- [MySpringBootLab] [restartedMain] com.zaxxer.hikari.HikariDataSource       : HikariPool-1 - Starting...
2025-08-26T22:43:28.683+09:00  INFO 15028 --- [MySpringBootLab] [restartedMain] com.zaxxer.hikari.pool.HikariPool        : HikariPool-1 - Added connection org.mariadb.jdbc.Connection@15259cb0
2025-08-26T22:43:28.683+09:00  INFO 15028 --- [MySpringBootLab] [restartedMain] com.zaxxer.hikari.HikariDataSource       : HikariPool-1 - Start completed.
2025-08-26T22:43:28.699+09:00  WARN 15028 --- [MySpringBootLab] [restartedMain] org.hibernate.orm.deprecation            : HHH90000025: MariaDBDialect does not need to be specified explicitly using 'hibernate.dialect' (remove the property setting and it will be selected by default)
2025-08-26T22:43:28.715+09:00  INFO 15028 --- [MySpringBootLab] [restartedMain] org.hibernate.orm.connections.pooling    : HHH10001005: Database info:
	Database JDBC URL [Connecting through datasource 'HikariDataSource (HikariPool-1)']
	Database driver: undefined/unknown
	Database version: 10.11.5
	Autocommit mode: undefined/unknown
	Isolation level: undefined/unknown
	Minimum pool size: undefined/unknown
	Maximum pool size: undefined/unknown
2025-08-26T22:43:29.337+09:00  INFO 15028 --- [MySpringBootLab] [restartedMain] o.h.e.t.j.p.i.JtaPlatformInitiator       : HHH000489: No JTA platform available (set 'hibernate.transaction.jta.platform' to enable JTA platform integration)
2025-08-26T22:43:29.472+09:00  INFO 15028 --- [MySpringBootLab] [restartedMain] j.LocalContainerEntityManagerFactoryBean : Initialized JPA EntityManagerFactory for persistence unit 'default'
2025-08-26T22:43:29.818+09:00  INFO 15028 --- [MySpringBootLab] [restartedMain] o.s.d.j.r.query.QueryEnhancerFactory     : Hibernate is in classpath; If applicable, HQL parser will be used.
2025-08-26T22:43:30.262+09:00  WARN 15028 --- [MySpringBootLab] [restartedMain] JpaBaseConfiguration$JpaWebConfiguration : spring.jpa.open-in-view is enabled by default. Therefore, database queries may be performed during view rendering. Explicitly configure spring.jpa.open-in-view to disable this warning
2025-08-26T22:43:30.541+09:00  WARN 15028 --- [MySpringBootLab] [restartedMain] ion$DefaultTemplateResolverConfiguration : Cannot find template location: classpath:/templates/ (please add some templates, check your Thymeleaf configuration, or set spring.thymeleaf.check-template-location=false)
2025-08-26T22:43:30.759+09:00  INFO 15028 --- [MySpringBootLab] [restartedMain] o.s.b.a.h2.H2ConsoleAutoConfiguration    : H2 console available at '/h2-console'. Database available at 'jdbc:mariadb://127.0.0.1/lab_db?user=lab&password=***'
2025-08-26T22:43:30.790+09:00  INFO 15028 --- [MySpringBootLab] [restartedMain] o.s.b.d.a.OptionalLiveReloadServer       : LiveReload server is running on port 35729
2025-08-26T22:43:30.790+09:00  INFO 15028 --- [MySpringBootLab] [restartedMain] o.s.b.a.e.web.EndpointLinksResolver      : Exposing 1 endpoint beneath base path '/actuator'
2025-08-26T22:43:30.882+09:00  INFO 15028 --- [MySpringBootLab] [restartedMain] o.s.b.w.embedded.tomcat.TomcatWebServer  : Tomcat started on port 8080 (http) with context path '/'
2025-08-26T22:43:30.897+09:00  INFO 15028 --- [MySpringBootLab] [restartedMain] c.r.m.MySpringbootLabApplication         : Started MySpringbootLabApplication in 5.068 seconds (process running for 5.374)
2025-08-26T22:43:30.933+09:00  INFO 15028 --- [MySpringBootLab] [restartedMain] c.r.myspringbootlab.runner.MyPropRunner  : MyBootProperties getUsername() = Prod Env
2025-08-26T22:43:30.933+09:00  INFO 15028 --- [MySpringBootLab] [restartedMain] c.r.myspringbootlab.runner.MyPropRunner  : MyBootProperties getPort() = 8
2025-08-26T22:43:30.933+09:00  INFO 15028 --- [MySpringBootLab] [restartedMain] c.r.myspringbootlab.runner.MyPropRunner  : 설정된 Port 번호 = 8080
2025-08-26T22:43:30.933+09:00  INFO 15028 --- [MySpringBootLab] [restartedMain] c.r.myspringbootlab.runner.MyPropRunner  : 현재 활성화된 MyEnvironment Bean = com.rookies4.myspringbootlab.config.MyEnvironment@33718c7
2025-08-26T22:43:44.997+09:00  INFO 15028 --- [MySpringBootLab] [http-nio-8080-exec-1] o.a.c.c.C.[Tomcat].[localhost].[/]       : Initializing Spring DispatcherServlet 'dispatcherServlet'
2025-08-26T22:43:44.997+09:00  INFO 15028 --- [MySpringBootLab] [http-nio-8080-exec-1] o.s.web.servlet.DispatcherServlet        : Initializing Servlet 'dispatcherServlet'
2025-08-26T22:43:44.998+09:00  INFO 15028 --- [MySpringBootLab] [http-nio-8080-exec-1] o.s.web.servlet.DispatcherServlet        : Completed initialization in 1 ms
2025-08-26T22:43:56.210+09:00 ERROR 15028 --- [MySpringBootLab] [http-nio-8080-exec-3] c.r.m.e.advice.DefaultExceptionAdvice    : Could not write JSON: Document nesting depth (1001) exceeds the maximum allowed (1000, from `StreamWriteConstraints.getMaxNestingDepth()`)

org.springframework.http.converter.HttpMessageNotWritableException: Could not write JSON: Document nesting depth (1001) exceeds the maximum allowed (1000, from `StreamWriteConstraints.getMaxNestingDepth()`)
	at org.springframework.http.converter.json.AbstractJackson2HttpMessageConverter.writeInternal(AbstractJackson2HttpMessageConverter.java:494) ~[spring-web-6.2.9.jar:6.2.9]
	at org.springframework.http.converter.AbstractGenericHttpMessageConverter.write(AbstractGenericHttpMessageConverter.java:126) ~[spring-web-6.2.9.jar:6.2.9]
	at org.springframework.web.servlet.mvc.method.annotation.AbstractMessageConverterMethodProcessor.writeWithMessageConverters(AbstractMessageConverterMethodProcessor.java:345) ~[spring-webmvc-6.2.9.jar:6.2.9]
	at org.springframework.web.servlet.mvc.method.annotation.RequestResponseBodyMethodProcessor.handleReturnValue(RequestResponseBodyMethodProcessor.java:208) ~[spring-webmvc-6.2.9.jar:6.2.9]
	at org.springframework.web.method.support.HandlerMethodReturnValueHandlerComposite.handleReturnValue(HandlerMethodReturnValueHandlerComposite.java:78) ~[spring-web-6.2.9.jar:6.2.9]
	at org.springframework.web.servlet.mvc.method.annotation.ServletInvocableHandlerMethod.invokeAndHandle(ServletInvocableHandlerMethod.java:136) ~[spring-webmvc-6.2.9.jar:6.2.9]
	at org.springframework.web.servlet.mvc.method.annotation.RequestMappingHandlerAdapter.invokeHandlerMethod(RequestMappingHandlerAdapter.java:991) ~[spring-webmvc-6.2.9.jar:6.2.9]
	at org.springframework.web.servlet.mvc.method.annotation.RequestMappingHandlerAdapter.handleInternal(RequestMappingHandlerAdapter.java:896) ~[spring-webmvc-6.2.9.jar:6.2.9]
	at org.springframework.web.servlet.mvc.method.AbstractHandlerMethodAdapter.handle(AbstractHandlerMethodAdapter.java:87) ~[spring-webmvc-6.2.9.jar:6.2.9]
	at org.springframework.web.servlet.DispatcherServlet.doDispatch(DispatcherServlet.java:1089) ~[spring-webmvc-6.2.9.jar:6.2.9]
	at org.springframework.web.servlet.DispatcherServlet.doService(DispatcherServlet.java:979) ~[spring-webmvc-6.2.9.jar:6.2.9]
	at org.springframework.web.servlet.FrameworkServlet.processRequest(FrameworkServlet.java:1014) ~[spring-webmvc-6.2.9.jar:6.2.9]
	at org.springframework.web.servlet.FrameworkServlet.doGet(FrameworkServlet.java:903) ~[spring-webmvc-6.2.9.jar:6.2.9]
	at jakarta.servlet.http.HttpServlet.service(HttpServlet.java:564) ~[tomcat-embed-core-10.1.43.jar:6.0]
	at org.springframework.web.servlet.FrameworkServlet.service(FrameworkServlet.java:885) ~[spring-webmvc-6.2.9.jar:6.2.9]
	at jakarta.servlet.http.HttpServlet.service(HttpServlet.java:658) ~[tomcat-embed-core-10.1.43.jar:6.0]
	at org.apache.catalina.core.ApplicationFilterChain.internalDoFilter(ApplicationFilterChain.java:195) ~[tomcat-embed-core-10.1.43.jar:10.1.43]
	at org.apache.catalina.core.ApplicationFilterChain.doFilter(ApplicationFilterChain.java:140) ~[tomcat-embed-core-10.1.43.jar:10.1.43]
	at org.apache.tomcat.websocket.server.WsFilter.doFilter(WsFilter.java:51) ~[tomcat-embed-websocket-10.1.43.jar:10.1.43]
	at org.apache.catalina.core.ApplicationFilterChain.internalDoFilter(ApplicationFilterChain.java:164) ~[tomcat-embed-core-10.1.43.jar:10.1.43]
	at org.apache.catalina.core.ApplicationFilterChain.doFilter(ApplicationFilterChain.java:140) ~[tomcat-embed-core-10.1.43.jar:10.1.43]
	at org.springframework.web.filter.RequestContextFilter.doFilterInternal(RequestContextFilter.java:100) ~[spring-web-6.2.9.jar:6.2.9]
	at org.springframework.web.filter.OncePerRequestFilter.doFilter(OncePerRequestFilter.java:116) ~[spring-web-6.2.9.jar:6.2.9]
	at org.apache.catalina.core.ApplicationFilterChain.internalDoFilter(ApplicationFilterChain.java:164) ~[tomcat-embed-core-10.1.43.jar:10.1.43]
	at org.apache.catalina.core.ApplicationFilterChain.doFilter(ApplicationFilterChain.java:140) ~[tomcat-embed-core-10.1.43.jar:10.1.43]
	at org.springframework.web.filter.FormContentFilter.doFilterInternal(FormContentFilter.java:93) ~[spring-web-6.2.9.jar:6.2.9]
	at org.springframework.web.filter.OncePerRequestFilter.doFilter(OncePerRequestFilter.java:116) ~[spring-web-6.2.9.jar:6.2.9]
	at org.apache.catalina.core.ApplicationFilterChain.internalDoFilter(ApplicationFilterChain.java:164) ~[tomcat-embed-core-10.1.43.jar:10.1.43]
	at org.apache.catalina.core.ApplicationFilterChain.doFilter(ApplicationFilterChain.java:140) ~[tomcat-embed-core-10.1.43.jar:10.1.43]
	at org.springframework.web.filter.ServerHttpObservationFilter.doFilterInternal(ServerHttpObservationFilter.java:110) ~[spring-web-6.2.9.jar:6.2.9]
	at org.springframework.web.filter.OncePerRequestFilter.doFilter(OncePerRequestFilter.java:116) ~[spring-web-6.2.9.jar:6.2.9]
	at org.apache.catalina.core.ApplicationFilterChain.internalDoFilter(ApplicationFilterChain.java:164) ~[tomcat-embed-core-10.1.43.jar:10.1.43]
	at org.apache.catalina.core.ApplicationFilterChain.doFilter(ApplicationFilterChain.java:140) ~[tomcat-embed-core-10.1.43.jar:10.1.43]
	at org.springframework.web.filter.CharacterEncodingFilter.doFilterInternal(CharacterEncodingFilter.java:201) ~[spring-web-6.2.9.jar:6.2.9]
	at org.springframework.web.filter.OncePerRequestFilter.doFilter(OncePerRequestFilter.java:116) ~[spring-web-6.2.9.jar:6.2.9]
	at org.apache.catalina.core.ApplicationFilterChain.internalDoFilter(ApplicationFilterChain.java:164) ~[tomcat-embed-core-10.1.43.jar:10.1.43]
	at org.apache.catalina.core.ApplicationFilterChain.doFilter(ApplicationFilterChain.java:140) ~[tomcat-embed-core-10.1.43.jar:10.1.43]
	at org.apache.catalina.core.StandardWrapperValve.invoke(StandardWrapperValve.java:167) ~[tomcat-embed-core-10.1.43.jar:10.1.43]
	at org.apache.catalina.core.StandardContextValve.invoke(StandardContextValve.java:90) ~[tomcat-embed-core-10.1.43.jar:10.1.43]
	at org.apache.catalina.authenticator.AuthenticatorBase.invoke(AuthenticatorBase.java:483) ~[tomcat-embed-core-10.1.43.jar:10.1.43]
	at org.apache.catalina.core.StandardHostValve.invoke(StandardHostValve.java:116) ~[tomcat-embed-core-10.1.43.jar:10.1.43]
	at org.apache.catalina.valves.ErrorReportValve.invoke(ErrorReportValve.java:93) ~[tomcat-embed-core-10.1.43.jar:10.1.43]
	at org.apache.catalina.core.StandardEngineValve.invoke(StandardEngineValve.java:74) ~[tomcat-embed-core-10.1.43.jar:10.1.43]
	at org.apache.catalina.connector.CoyoteAdapter.service(CoyoteAdapter.java:344) ~[tomcat-embed-core-10.1.43.jar:10.1.43]
	at org.apache.coyote.http11.Http11Processor.service(Http11Processor.java:398) ~[tomcat-embed-core-10.1.43.jar:10.1.43]
	at org.apache.coyote.AbstractProcessorLight.process(AbstractProcessorLight.java:63) ~[tomcat-embed-core-10.1.43.jar:10.1.43]
	at org.apache.coyote.AbstractProtocol$ConnectionHandler.process(AbstractProtocol.java:903) ~[tomcat-embed-core-10.1.43.jar:10.1.43]
	at org.apache.tomcat.util.net.NioEndpoint$SocketProcessor.doRun(NioEndpoint.java:1769) ~[tomcat-embed-core-10.1.43.jar:10.1.43]
	at org.apache.tomcat.util.net.SocketProcessorBase.run(SocketProcessorBase.java:52) ~[tomcat-embed-core-10.1.43.jar:10.1.43]
	at org.apache.tomcat.util.threads.ThreadPoolExecutor.runWorker(ThreadPoolExecutor.java:1189) ~[tomcat-embed-core-10.1.43.jar:10.1.43]
	at org.apache.tomcat.util.threads.ThreadPoolExecutor$Worker.run(ThreadPoolExecutor.java:658) ~[tomcat-embed-core-10.1.43.jar:10.1.43]
	at org.apache.tomcat.util.threads.TaskThread$WrappingRunnable.run(TaskThread.java:63) ~[tomcat-embed-core-10.1.43.jar:10.1.43]
	at java.base/java.lang.Thread.run(Thread.java:833) ~[na:na]
Caused by: com.fasterxml.jackson.databind.JsonMappingException: Document nesting depth (1001) exceeds the maximum allowed (1000, from `StreamWriteConstraints.getMaxNestingDepth()`) (through reference chain: java.util.ArrayList[0]->com.rookies4.myspringbootlab.entity.Book["bookDetail"]->com.rookies4.myspringbootlab.entity.BookDetail["book"]->com.rookies4.myspringbootlab.entity.Book["bookDetail"]->com.rookies4.myspringbootlab.entity.BookDetail["book"]->com.rookies4.myspringbootlab.entity.Book["bookDetail"]->com.rookies4.myspringbootlab.entity.BookDetail["book"]->com.rookies4.myspringbootlab.entity.Book["bookDetail"]->com.rookies4.myspringbootlab.entity.BookDetail["book"]->com.rookies4.myspringbootlab.entity.Book["bookDetail"]->com.rookies4.myspringbootlab.entity.BookDetail["book"]->com.rookies4.myspringbootlab.entity.Book["bookDetail"]->com.rookies4.myspringbootlab.entity.BookDetail["book"]->com.rookies4.myspringbootlab.entity.Book["bookDetail"]->com.rookies4.myspringbootlab.entity.BookDetail["book"]->com.rookies4.myspringbootlab.entity.Book["bookDetail"]->com.rookies4.myspringbootlab.entity.BookDetail["book"]->com.rookies4.myspringbootlab.entity.Book["bookDetail"]->com.rookies4.myspringbootlab.entity.BookDetail["book"]->com.rookies4.myspringbootlab.entity.Book["bookDetail"]->com.rookies4.myspringbootlab.entity.BookDetail["book"]->com.rookies4.myspringbootlab.entity.Book["bookDetail"]->com.rookies4.myspringbootlab.entity.BookDetail["book"]->com.rookies4.myspringbootlab.entity.Book["bookDetail"]->com.rookies4.myspringbootlab.entity.BookDetail["book"]->com.rookies4.myspringbootlab.entity.Book["bookDetail"]->com.rookies4.myspringbootlab.entity.BookDetail["book"]->com.rookies4.myspringbootlab.entity.Book["bookDetail"]->com.rookies4.myspringbootlab.entity.BookDetail["book"]->com.rookies4.myspringbootlab.entity.Book["bookDetail"]->com.rookies4.myspringbootlab.entity.BookDetail["book"]->com.rookies4.myspringbootlab.entity.Book["bookDetail"]->com.rookies4.myspringbootlab.entity.BookDetail["book"]->com.rookies4.myspringbootlab.entity.Book["bookDetail"]->com.rookies4.myspringbootlab.entity.BookDetail["book"]->com.rookies4.myspringbootlab.entity.Book["bookDetail"]->com.rookies4.myspringbootlab.entity.BookDetail["book"]->com.rookies4.myspringbootlab.entity.Book["bookDetail"]->com.rookies4.myspringbootlab.entity.BookDetail["book"]->com.rookies4.myspringbootlab.entity.Book["bookDetail"]->com.rookies4.myspringbootlab.entity.BookDetail["book"]->com.rookies4.myspringbootlab.entity.Book["bookDetail"]->com.rookies4.myspringbootlab.entity.BookDetail["book"]->com.rookies4.myspringbootlab.entity.Book["bookDetail"]->com.rookies4.myspringbootlab.entity.BookDetail["book"]->com.rookies4.myspringbootlab.entity.Book["bookDetail"]->com.rookies4.myspringbootlab.entity.BookDetail["book"]->com.rookies4.myspringbootlab.entity.Book["bookDetail"]->com.rookies4.myspringbootlab.entity.BookDetail["book"]->com.rookies4.myspringbootlab.entity.Book["bookDetail"]->com.rookies4.myspringbootlab.entity.BookDetail["book"]->com.rookies4.myspringbootlab.entity.Book["bookDetail"]->com.rookies4.myspringbootlab.entity.BookDetail["book"]->com.rookies4.myspringbootlab.entity.Book["bookDetail"]->com.rookies4.myspringbootlab.entity.BookDetail["book"]->com.rookies4.myspringbootlab.entity.Book["bookDetail"]->com.rookies4.myspringbootlab.entity.BookDetail["book"]->com.rookies4.myspringbootlab.entity.Book["bookDetail"]->com.rookies4.myspringbootlab.entity.BookDetail["book"]->com.rookies4.myspringbootlab.entity.Book["bookDetail"]->com.rookies4.myspringbootlab.entity.BookDetail["book"]->com.rookies4.myspringbootlab.entity.Book["bookDetail"]->com.rookies4.myspringbootlab.entity.BookDetail["book"]->com.rookies4.myspringbootlab.entity.Book["bookDetail"]->com.rookies4.myspringbootlab.entity.BookDetail["book"]->com.rookies4.myspringbootlab.entity.Book["bookDetail"]->com.rookies4.myspringbootlab.entity.BookDetail["book"]->com.rookies4.myspringbootlab.entity.Book["bookDetail"]->com.rookies4.myspringbootlab.entity.BookDetail["book"]->com.rookies4.myspringbootlab.entity.Book["bookDetail"]->com.rookies4.myspringbootlab.entity.BookDetail["book"]->com.rookies4.myspringbootlab.entity.Book["bookDetail"]->com.rookies4.myspringbootlab.entity.BookDetail["book"]->com.rookies4.myspringbootlab.entity.Book["bookDetail"]->com.rookies4.myspringbootlab.entity.BookDetail["book"]->com.rookies4.myspringbootlab.entity.Book["bookDetail"]->com.rookies4.myspringbootlab.entity.BookDetail["book"]->com.rookies4.myspringbootlab.entity.Book["bookDetail"]->com.rookies4.myspringbootlab.entity.BookDetail["book"]->com.rookies4.myspringbootlab.entity.Book["bookDetail"]->com.rookies4.myspringbootlab.entity.BookDetail["book"]->com.rookies4.myspringbootlab.entity.Book["bookDetail"]->com.rookies4.myspringbootlab.entity.BookDetail["book"]->com.rookies4.myspringbootlab.entity.Book["bookDetail"]->com.rookies4.myspringbootlab.entity.BookDetail["book"]->com.rookies4.myspringbootlab.entity.Book["bookDetail"]->com.rookies4.myspringbootlab.entity.BookDetail["book"]->com.rookies4.myspringbootlab.entity.Book["bookDetail"]->com.rookies4.myspringbootlab.entity.BookDetail["book"]->com.rookies4.myspringbootlab.entity.Book["bookDetail"]->com.rookies4.myspringbootlab.entity.BookDetail["book"]->com.rookies4.myspringbootlab.entity.Book["bookDetail"]->com.rookies4.myspringbootlab.entity.BookDetail["book"]->com.rookies4.myspringbootlab.entity.Book["bookDetail"]->com.rookies4.myspringbootlab.entity.BookDetail["book"]->com.rookies4.myspringbootlab.entity.Book["bookDetail"]->com.rookies4.myspringbootlab.entity.BookDetail["book"]->com.rookies4.myspringbootlab.entity.Book["bookDetail"]->com.rookies4.myspringbootlab.entity.BookDetail["book"]->com.rookies4.myspringbootlab.entity.Book["bookDetail"]->com.rookies4.myspringbootlab.entity.BookDetail["book"]->com.rookies4.myspringbootlab.entity.Book["bookDetail"]->com.rookies4.myspringbootlab.entity.BookDetail["book"]->com.rookies4.myspringbootlab.entity.Book["bookDetail"]->com.rookies4.myspringbootlab.entity.BookDetail["book"]->com.rookies4.myspringbootlab.entity.Book["bookDetail"]->com.rookies4.myspringbootlab.entity.BookDetail["book"]->com.rookies4.myspringbootlab.entity.Book["bookDetail"]->com.rookies4.myspringbootlab.entity.BookDetail["book"]->com.rookies4.myspringbootlab.entity.Book["bookDetail"]->com.rookies4.myspringbootlab.entity.BookDetail["book"]->com.rookies4.myspringbootlab.entity.Book["bookDetail"]->com.rookies4.myspringbootlab.entity.BookDetail["book"]->com.rookies4.myspringbootlab.entity.Book["bookDetail"]->com.rookies4.myspringbootlab.entity.BookDetail["book"]->com.rookies4.myspringbootlab.entity.Book["bookDetail"]->com.rookies4.myspringbootlab.entity.BookDetail["book"]->com.rookies4.myspringbootlab.entity.Book["bookDetail"]->com.rookies4.myspringbootlab.entity.BookDetail["book"]->com.rookies4.myspringbootlab.entity.Book["bookDetail"]->com.rookies4.myspringbootlab.entity.BookDetail["book"]->com.rookies4.myspringbootlab.entity.Book["bookDetail"]->com.rookies4.myspringbootlab.entity.BookDetail["book"]->com.rookies4.myspringbootlab.entity.Book["bookDetail"]->com.rookies4.myspringbootlab.entity.BookDetail["book"]->com.rookies4.myspringbootlab.entity.Book["bookDetail"]->com.rookies4.myspringbootlab.entity.BookDetail["book"]->com.rookies4.myspringbootlab.entity.Book["bookDetail"]->com.rookies4.myspringbootlab.entity.BookDetail["book"]->com.rookies4.myspringbootlab.entity.Book["bookDetail"]->com.rookies4.myspringbootlab.entity.BookDetail["book"]->com.rookies4.myspringbootlab.entity.Book["bookDetail"]->com.rookies4.myspringbootlab.entity.BookDetail["book"]->com.rookies4.myspringbootlab.entity.Book["bookDetail"]->com.rookies4.myspringbootlab.entity.BookDetail["book"]->com.rookies4.myspringbootlab.entity.Book["bookDetail"]->com.rookies4.myspringbootlab.entity.BookDetail["book"]->com.rookies4.myspringbootlab.entity.Book["bookDetail"]->com.rookies4.myspringbootlab.entity.BookDetail["book"]->com.rookies4.myspringbootlab.entity.Book["bookDetail"]->com.rookies4.myspringbootlab.entity.BookDetail["book"]->com.rookies4.myspringbootlab.entity.Book["bookDetail"]->com.rookies4.myspringbootlab.entity.BookDetail["book"]->com.rookies4.myspringbootlab.entity.Book["bookDetail"]->com.rookies4.myspringbootlab.entity.BookDetail["book"]->com.rookies4.myspringbootlab.entity.Book["bookDetail"]->com.rookies4.myspringbootlab.entity.BookDetail["book"]->com.rookies4.myspringbootlab.entity.Book["bookDetail"]->com.rookies4.myspringbootlab.entity.BookDetail["book"]->com.rookies4.myspringbootlab.entity.Book["bookDetail"]->com.rookies4.myspringbootlab.entity.BookDetail["book"]->com.rookies4.myspringbootlab.entity.Book["bookDetail"]->com.rookies4.myspringbootlab.entity.BookDetail["book"]->com.rookies4.myspringbootlab.entity.Book["bookDetail"]->com.rookies4.myspringbootlab.entity.BookDetail["book"]->com.rookies4.myspringbootlab.entity.Book["bookDetail"]->com.rookies4.myspringbootlab.entity.BookDetail["book"]->com.rookies4.myspringbootlab.entity.Book["bookDetail"]->com.rookies4.myspringbootlab.entity.BookDetail["book"]->com.rookies4.myspringbootlab.entity.Book["bookDetail"]->com.rookies4.myspringbootlab.entity.BookDetail["book"]->com.rookies4.myspringbootlab.entity.Book["bookDetail"]->com.rookies4.myspringbootlab.entity.BookDetail["book"]->com.rookies4.myspringbootlab.entity.Book["bookDetail"]->com.rookies4.myspringbootlab.entity.BookDetail["book"]->com.rookies4.myspringbootlab.entity.Book["bookDetail"]->com.rookies4.myspringbootlab.entity.BookDetail["book"]->com.rookies4.myspringbootlab.entity.Book["bookDetail"]->com.rookies4.myspringbootlab.entity.BookDetail["book"]->com.rookies4.myspringbootlab.entity.Book["bookDetail"]->com.rookies4.myspringbootlab.entity.BookDetail["book"]->com.rookies4.myspringbootlab.entity.Book["bookDetail"]->com.rookies4.myspringbootlab.entity.BookDetail["book"]->com.rookies4.myspringbootlab.entity.Book["bookDetail"]->com.rookies4.myspringbootlab.entity.BookDetail["book"]->com.rookies4.myspringbootlab.entity.Book["bookDetail"]->com.rookies4.myspringbootlab.entity.BookDetail["book"]->com.rookies4.myspringbootlab.entity.Book["bookDetail"]->com.rookies4.myspringbootlab.entity.BookDetail["book"]->com.rookies4.myspringbootlab.entity.Book["bookDetail"]->com.rookies4.myspringbootlab.entity.BookDetail["book"]->com.rookies4.myspringbootlab.entity.Book["bookDetail"]->com.rookies4.myspringbootlab.entity.BookDetail["book"]->com.rookies4.myspringbootlab.entity.Book["bookDetail"]->com.rookies4.myspringbootlab.entity.BookDetail["book"]->com.rookies4.myspringbootlab.entity.Book["bookDetail"]->com.rookies4.myspringbootlab.entity.BookDetail["book"]->com.rookies4.myspringbootlab.entity.Book["bookDetail"]->com.rookies4.myspringbootlab.entity.BookDetail["book"]->com.rookies4.myspringbootlab.entity.Book["bookDetail"]->com.rookies4.myspringbootlab.entity.BookDetail["book"]->com.rookies4.myspringbootlab.entity.Book["bookDetail"]->com.rookies4.myspringbootlab.entity.BookDetail["book"]->com.rookies4.myspringbootlab.entity.Book["bookDetail"]->com.rookies4.myspringbootlab.entity.BookDetail["book"]->com.rookies4.myspringbootlab.entity.Book["bookDetail"]->com.rookies4.myspringbootlab.entity.BookDetail["book"]->com.rookies4.myspringbootlab.entity.Book["bookDetail"]->com.rookies4.myspringbootlab.entity.BookDetail["book"]->com.rookies4.myspringbootlab.entity.Book["bookDetail"]->com.rookies4.myspringbootlab.entity.BookDetail["book"]->com.rookies4.myspringbootlab.entity.Book["bookDetail"]->com.rookies4.myspringbootlab.entity.BookDetail["book"]->com.rookies4.myspringbootlab.entity.Book["bookDetail"]->com.rookies4.myspringbootlab.entity.BookDetail["book"]->com.rookies4.myspringbootlab.entity.Book["bookDetail"]->com.rookies4.myspringbootlab.entity.BookDetail["book"]->com.rookies4.myspringbootlab.entity.Book["bookDetail"]->com.rookies4.myspringbootlab.entity.BookDetail["book"]->com.rookies4.myspringbootlab.entity.Book["bookDetail"]->com.rookies4.myspringbootlab.entity.BookDetail["book"]->com.rookies4.myspringbootlab.entity.Book["bookDetail"]->com.rookies4.myspringbootlab.entity.BookDetail["book"]->com.rookies4.myspringbootlab.entity.Book["bookDetail"]->com.rookies4.myspringbootlab.entity.BookDetail["book"]->com.rookies4.myspringbootlab.entity.Book["bookDetail"]->com.rookies4.myspringbootlab.entity.BookDetail["book"]->com.rookies4.myspringbootlab.entity.Book["bookDetail"]->com.rookies4.myspringbootlab.entity.BookDetail["book"]->com.rookies4.myspringbootlab.entity.Book["bookDetail"]->com.rookies4.myspringbootlab.entity.BookDetail["book"]->com.rookies4.myspringbootlab.entity.Book["bookDetail"]->com.rookies4.myspringbootlab.entity.BookDetail["book"]->com.rookies4.myspringbootlab.entity.Book["bookDetail"]->com.rookies4.myspringbootlab.entity.BookDetail["book"]->com.rookies4.myspringbootlab.entity.Book["bookDetail"]->com.rookies4.myspringbootlab.entity.BookDetail["book"]->com.rookies4.myspringbootlab.entity.Book["bookDetail"]->com.rookies4.myspringbootlab.entity.BookDetail["book"]->com.rookies4.myspringbootlab.entity.Book["bookDetail"]->com.rookies4.myspringbootlab.entity.BookDetail["book"]->com.rookies4.myspringbootlab.entity.Book["bookDetail"]->com.rookies4.myspringbootlab.entity.BookDetail["book"]->com.rookies4.myspringbootlab.entity.Book["bookDetail"]->com.rookies4.myspringbootlab.entity.BookDetail["book"]->com.rookies4.myspringbootlab.entity.Book["bookDetail"]->com.rookies4.myspringbootlab.entity.BookDetail["book"]->com.rookies4.myspringbootlab.entity.Book["bookDetail"]->com.rookies4.myspringbootlab.entity.BookDetail["book"]->com.rookies4.myspringbootlab.entity.Book["bookDetail"]->com.rookies4.myspringbootlab.entity.BookDetail["book"]->com.rookies4.myspringbootlab.entity.Book["bookDetail"]->com.rookies4.myspringbootlab.entity.BookDetail["book"]->com.rookies4.myspringbootlab.entity.Book["bookDetail"]->com.rookies4.myspringbootlab.entity.BookDetail["book"]->com.rookies4.myspringbootlab.entity.Book["bookDetail"]->com.rookies4.myspringbootlab.entity.BookDetail["book"]->com.rookies4.myspringbootlab.entity.Book["bookDetail"]->com.rookies4.myspringbootlab.entity.BookDetail["book"]->com.rookies4.myspringbootlab.entity.Book["bookDetail"]->com.rookies4.myspringbootlab.entity.BookDetail["book"]->com.rookies4.myspringbootlab.entity.Book["bookDetail"]->com.rookies4.myspringbootlab.entity.BookDetail["book"]->com.rookies4.myspringbootlab.entity.Book["bookDetail"]->com.rookies4.myspringbootlab.entity.BookDetail["book"]->com.rookies4.myspringbootlab.entity.Book["bookDetail"]->com.rookies4.myspringbootlab.entity.BookDetail["book"]->com.rookies4.myspringbootlab.entity.Book["bookDetail"]->com.rookies4.myspringbootlab.entity.BookDetail["book"]->com.rookies4.myspringbootlab.entity.Book["bookDetail"]->com.rookies4.myspringbootlab.entity.BookDetail["book"]->com.rookies4.myspringbootlab.entity.Book["bookDetail"]->com.rookies4.myspringbootlab.entity.BookDetail["book"]->com.rookies4.myspringbootlab.entity.Book["bookDetail"]->com.rookies4.myspringbootlab.entity.BookDetail["book"]->com.rookies4.myspringbootlab.entity.Book["bookDetail"]->com.rookies4.myspringbootlab.entity.BookDetail["book"]->com.rookies4.myspringbootlab.entity.Book["bookDetail"]->com.rookies4.myspringbootlab.entity.BookDetail["book"]->com.rookies4.myspringbootlab.entity.Book["bookDetail"]->com.rookies4.myspringbootlab.entity.BookDetail["book"]->com.rookies4.myspringbootlab.entity.Book["bookDetail"]->com.rookies4.myspringbootlab.entity.BookDetail["book"]->com.rookies4.myspringbootlab.entity.Book["bookDetail"]->com.rookies4.myspringbootlab.entity.BookDetail["book"]->com.rookies4.myspringbootlab.entity.Book["bookDetail"]->com.rookies4.myspringbootlab.entity.BookDetail["book"]->com.rookies4.myspringbootlab.entity.Book["bookDetail"]->com.rookies4.myspringbootlab.entity.BookDetail["book"]->com.rookies4.myspringbootlab.entity.Book["bookDetail"]->com.rookies4.myspringbootlab.entity.BookDetail["book"]->com.rookies4.myspringbootlab.entity.Book["bookDetail"]->com.rookies4.myspringbootlab.entity.BookDetail["book"]->com.rookies4.myspringbootlab.entity.Book["bookDetail"]->com.rookies4.myspringbootlab.entity.BookDetail["book"]->com.rookies4.myspringbootlab.entity.Book["bookDetail"]->com.rookies4.myspringbootlab.entity.BookDetail["book"]->com.rookies4.myspringbootlab.entity.Book["bookDetail"]->com.rookies4.myspringbootlab.entity.BookDetail["book"]->com.rookies4.myspringbootlab.entity.Book["bookDetail"]->com.rookies4.myspringbootlab.entity.BookDetail["book"]->com.rookies4.myspringbootlab.entity.Book["bookDetail"]->com.rookies4.myspringbootlab.entity.BookDetail["book"]->com.rookies4.myspringbootlab.entity.Book["bookDetail"]->com.rookies4.myspringbootlab.entity.BookDetail["book"]->com.rookies4.myspringbootlab.entity.Book["bookDetail"]->com.rookies4.myspringbootlab.entity.BookDetail["book"]->com.rookies4.myspringbootlab.entity.Book["bookDetail"]->com.rookies4.myspringbootlab.entity.BookDetail["book"]->com.rookies4.myspringbootlab.entity.Book["bookDetail"]->com.rookies4.myspringbootlab.entity.BookDetail["book"]->com.rookies4.myspringbootlab.entity.Book["bookDetail"]->com.rookies4.myspringbootlab.entity.BookDetail["book"]->com.rookies4.myspringbootlab.entity.Book["bookDetail"]->com.rookies4.myspringbootlab.entity.BookDetail["book"]->com.rookies4.myspringbootlab.entity.Book["bookDetail"]->com.rookies4.myspringbootlab.entity.BookDetail["book"]->com.rookies4.myspringbootlab.entity.Book["bookDetail"]->com.rookies4.myspringbootlab.entity.BookDetail["book"]->com.rookies4.myspringbootlab.entity.Book["bookDetail"]->com.rookies4.myspringbootlab.entity.BookDetail["book"]->com.rookies4.myspringbootlab.entity.Book["bookDetail"]->com.rookies4.myspringbootlab.entity.BookDetail["book"]->com.rookies4.myspringbootlab.entity.Book["bookDetail"]->com.rookies4.myspringbootlab.entity.BookDetail["book"]->com.rookies4.myspringbootlab.entity.Book["bookDetail"]->com.rookies4.myspringbootlab.entity.BookDetail["book"]->com.rookies4.myspringbootlab.entity.Book["bookDetail"]->com.rookies4.myspringbootlab.entity.BookDetail["book"]->com.rookies4.myspringbootlab.entity.Book["bookDetail"]->com.rookies4.myspringbootlab.entity.BookDetail["book"]->com.rookies4.myspringbootlab.entity.Book["bookDetail"]->com.rookies4.myspringbootlab.entity.BookDetail["book"]->com.rookies4.myspringbootlab.entity.Book["bookDetail"]->com.rookies4.myspringbootlab.entity.BookDetail["book"]->com.rookies4.myspringbootlab.entity.Book["bookDetail"]->com.rookies4.myspringbootlab.entity.BookDetail["book"]->com.rookies4.myspringbootlab.entity.Book["bookDetail"]->com.rookies4.myspringbootlab.entity.BookDetail["book"]->com.rookies4.myspringbootlab.entity.Book["bookDetail"]->com.rookies4.myspringbootlab.entity.BookDetail["book"]->com.rookies4.myspringbootlab.entity.Book["bookDetail"]->com.rookies4.myspringbootlab.entity.BookDetail["book"]->com.rookies4.myspringbootlab.entity.Book["bookDetail"]->com.rookies4.myspringbootlab.entity.BookDetail["book"]->com.rookies4.myspringbootlab.entity.Book["bookDetail"]->com.rookies4.myspringbootlab.entity.BookDetail["book"]->com.rookies4.myspringbootlab.entity.Book["bookDetail"]->com.rookies4.myspringbootlab.entity.BookDetail["book"]->com.rookies4.myspringbootlab.entity.Book["bookDetail"]->com.rookies4.myspringbootlab.entity.BookDetail["book"]->com.rookies4.myspringbootlab.entity.Book["bookDetail"]->com.rookies4.myspringbootlab.entity.BookDetail["book"]->com.rookies4.myspringbootlab.entity.Book["bookDetail"]->com.rookies4.myspringbootlab.entity.BookDetail["book"]->com.rookies4.myspringbootlab.entity.Book["bookDetail"]->com.rookies4.myspringbootlab.entity.BookDetail["book"]->com.rookies4.myspringbootlab.entity.Book["bookDetail"]->com.rookies4.myspringbootlab.entity.BookDetail["book"]->com.rookies4.myspringbootlab.entity.Book["bookDetail"]->com.rookies4.myspringbootlab.entity.BookDetail["book"]->com.rookies4.myspringbootlab.entity.Book["bookDetail"]->com.rookies4.myspringbootlab.entity.BookDetail["book"]->com.rookies4.myspringbootlab.entity.Book["bookDetail"]->com.rookies4.myspringbootlab.entity.BookDetail["book"]->com.rookies4.myspringbootlab.entity.Book["bookDetail"]->com.rookies4.myspringbootlab.entity.BookDetail["book"]->com.rookies4.myspringbootlab.entity.Book["bookDetail"]->com.rookies4.myspringbootlab.entity.BookDetail["book"]->com.rookies4.myspringbootlab.entity.Book["bookDetail"]->com.rookies4.myspringbootlab.entity.BookDetail["book"]->com.rookies4.myspringbootlab.entity.Book["bookDetail"]->com.rookies4.myspringbootlab.entity.BookDetail["book"]->com.rookies4.myspringbootlab.entity.Book["bookDetail"]->com.rookies4.myspringbootlab.entity.BookDetail["book"]->com.rookies4.myspringbootlab.entity.Book["bookDetail"]->com.rookies4.myspringbootlab.entity.BookDetail["book"]->com.rookies4.myspringbootlab.entity.Book["bookDetail"]->com.rookies4.myspringbootlab.entity.BookDetail["book"]->com.rookies4.myspringbootlab.entity.Book["bookDetail"]->com.rookies4.myspringbootlab.entity.BookDetail["book"]->com.rookies4.myspringbootlab.entity.Book["bookDetail"]->com.rookies4.myspringbootlab.entity.BookDetail["book"]->com.rookies4.myspringbootlab.entity.Book["bookDetail"]->com.rookies4.myspringbootlab.entity.BookDetail["book"]->com.rookies4.myspringbootlab.entity.Book["bookDetail"]->com.rookies4.myspringbootlab.entity.BookDetail["book"]->com.rookies4.myspringbootlab.entity.Book["bookDetail"]->com.rookies4.myspringbootlab.entity.BookDetail["book"]->com.rookies4.myspringbootlab.entity.Book["bookDetail"]->com.rookies4.myspringbootlab.entity.BookDetail["book"]->com.rookies4.myspringbootlab.entity.Book["bookDetail"]->com.rookies4.myspringbootlab.entity.BookDetail["book"]->com.rookies4.myspringbootlab.entity.Book["bookDetail"]->com.rookies4.myspringbootlab.entity.BookDetail["book"]->com.rookies4.myspringbootlab.entity.Book["bookDetail"]->com.rookies4.myspringbootlab.entity.BookDetail["book"]->com.rookies4.myspringbootlab.entity.Book["bookDetail"]->com.rookies4.myspringbootlab.entity.BookDetail["book"]->com.rookies4.myspringbootlab.entity.Book["bookDetail"]->com.rookies4.myspringbootlab.entity.BookDetail["book"]->com.rookies4.myspringbootlab.entity.Book["bookDetail"]->com.rookies4.myspringbootlab.entity.BookDetail["book"]->com.rookies4.myspringbootlab.entity.Book["bookDetail"]->com.rookies4.myspringbootlab.entity.BookDetail["book"]->com.rookies4.myspringbootlab.entity.Book["bookDetail"]->com.rookies4.myspringbootlab.entity.BookDetail["book"]->com.rookies4.myspringbootlab.entity.Book["bookDetail"]->com.rookies4.myspringbootlab.entity.BookDetail["book"]->com.rookies4.myspringbootlab.entity.Book["bookDetail"]->com.rookies4.myspringbootlab.entity.BookDetail["book"]->com.rookies4.myspringbootlab.entity.Book["bookDetail"]->com.rookies4.myspringbootlab.entity.BookDetail["book"]->com.rookies4.myspringbootlab.entity.Book["bookDetail"]->com.rookies4.myspringbootlab.entity.BookDetail["book"]->com.rookies4.myspringbootlab.entity.Book["bookDetail"]->com.rookies4.myspringbootlab.entity.BookDetail["book"]->com.rookies4.myspringbootlab.entity.Book["bookDetail"]->com.rookies4.myspringbootlab.entity.BookDetail["book"]->com.rookies4.myspringbootlab.entity.Book["bookDetail"]->com.rookies4.myspringbootlab.entity.BookDetail["book"]->com.rookies4.myspringbootlab.entity.Book["bookDetail"]->com.rookies4.myspringbootlab.entity.BookDetail["book"]->com.rookies4.myspringbootlab.entity.Book["bookDetail"]->com.rookies4.myspringbootlab.entity.BookDetail["book"]->com.rookies4.myspringbootlab.entity.Book["bookDetail"]->com.rookies4.myspringbootlab.entity.BookDetail["book"]->com.rookies4.myspringbootlab.entity.Book["bookDetail"]->com.rookies4.myspringbootlab.entity.BookDetail["book"]->com.rookies4.myspringbootlab.entity.Book["bookDetail"]->com.rookies4.myspringbootlab.entity.BookDetail["book"]->com.rookies4.myspringbootlab.entity.Book["bookDetail"]->com.rookies4.myspringbootlab.entity.BookDetail["book"]->com.rookies4.myspringbootlab.entity.Book["bookDetail"]->com.rookies4.myspringbootlab.entity.BookDetail["book"]->com.rookies4.myspringbootlab.entity.Book["bookDetail"]->com.rookies4.myspringbootlab.entity.BookDetail["book"]->com.rookies4.myspringbootlab.entity.Book["bookDetail"]->com.rookies4.myspringbootlab.entity.BookDetail["book"]->com.rookies4.myspringbootlab.entity.Book["bookDetail"]->com.rookies4.myspringbootlab.entity.BookDetail["book"]->com.rookies4.myspringbootlab.entity.Book["bookDetail"]->com.rookies4.myspringbootlab.entity.BookDetail["book"]->com.rookies4.myspringbootlab.entity.Book["bookDetail"]->com.rookies4.myspringbootlab.entity.BookDetail["book"]->com.rookies4.myspringbootlab.entity.Book["bookDetail"]->com.rookies4.myspringbootlab.entity.BookDetail["book"]->com.rookies4.myspringbootlab.entity.Book["bookDetail"]->com.rookies4.myspringbootlab.entity.BookDetail["book"]->com.rookies4.myspringbootlab.entity.Book["bookDetail"]->com.rookies4.myspringbootlab.entity.BookDetail["book"]->com.rookies4.myspringbootlab.entity.Book["bookDetail"]->com.rookies4.myspringbootlab.entity.BookDetail["book"]->com.rookies4.myspringbootlab.entity.Book["bookDetail"]->com.rookies4.myspringbootlab.entity.BookDetail["book"]->com.rookies4.myspringbootlab.entity.Book["bookDetail"]->com.rookies4.myspringbootlab.entity.BookDetail["book"]->com.rookies4.myspringbootlab.entity.Book["bookDetail"]->com.rookies4.myspringbootlab.entity.BookDetail["book"]->com.rookies4.myspringbootlab.entity.Book["bookDetail"]->com.rookies4.myspringbootlab.entity.BookDetail["book"]->com.rookies4.myspringbootlab.entity.Book["bookDetail"]->com.rookies4.myspringbootlab.entity.BookDetail["book"]->com.rookies4.myspringbootlab.entity.Book["bookDetail"]->com.rookies4.myspringbootlab.entity.BookDetail["book"]->com.rookies4.myspringbootlab.entity.Book["bookDetail"]->com.rookies4.myspringbootlab.entity.BookDetail["book"]->com.rookies4.myspringbootlab.entity.Book["bookDetail"]->com.rookies4.myspringbootlab.entity.BookDetail["book"]->com.rookies4.myspringbootlab.entity.Book["bookDetail"]->com.rookies4.myspringbootlab.entity.BookDetail["book"]->com.rookies4.myspringbootlab.entity.Book["bookDetail"]->com.rookies4.myspringbootlab.entity.BookDetail["book"]->com.rookies4.myspringbootlab.entity.Book["bookDetail"]->com.rookies4.myspringbootlab.entity.BookDetail["book"]->com.rookies4.myspringbootlab.entity.Book["bookDetail"]->com.rookies4.myspringbootlab.entity.BookDetail["book"]->com.rookies4.myspringbootlab.entity.Book["bookDetail"]->com.rookies4.myspringbootlab.entity.BookDetail["book"]->com.rookies4.myspringbootlab.entity.Book["bookDetail"]->com.rookies4.myspringbootlab.entity.BookDetail["book"]->com.rookies4.myspringbootlab.entity.Book["bookDetail"]->com.rookies4.myspringbootlab.entity.BookDetail["book"]->com.rookies4.myspringbootlab.entity.Book["bookDetail"]->com.rookies4.myspringbootlab.entity.BookDetail["book"]->com.rookies4.myspringbootlab.entity.Book["bookDetail"]->com.rookies4.myspringbootlab.entity.BookDetail["book"]->com.rookies4.myspringbootlab.entity.Book["bookDetail"]->com.rookies4.myspringbootlab.entity.BookDetail["book"]->com.rookies4.myspringbootlab.entity.Book["bookDetail"]->com.rookies4.myspringbootlab.entity.BookDetail["book"]->com.rookies4.myspringbootlab.entity.Book["bookDetail"]->com.rookies4.myspringbootlab.entity.BookDetail["book"]->com.rookies4.myspringbootlab.entity.Book["bookDetail"]->com.rookies4.myspringbootlab.entity.BookDetail["book"]->com.rookies4.myspringbootlab.entity.Book["bookDetail"]->com.rookies4.myspringbootlab.entity.BookDetail["book"]->com.rookies4.myspringbootlab.entity.Book["bookDetail"]->com.rookies4.myspringbootlab.entity.BookDetail["book"]->com.rookies4.myspringbootlab.entity.Book["bookDetail"]->com.rookies4.myspringbootlab.entity.BookDetail["book"]->com.rookies4.myspringbootlab.entity.Book["bookDetail"]->com.rookies4.myspringbootlab.entity.BookDetail["book"]->com.rookies4.myspringbootlab.entity.Book["bookDetail"]->com.rookies4.myspringbootlab.entity.BookDetail["book"]->com.rookies4.myspringbootlab.entity.Book["bookDetail"]->com.rookies4.myspringbootlab.entity.BookDetail["book"]->com.rookies4.myspringbootlab.entity.Book["bookDetail"]->com.rookies4.myspringbootlab.entity.BookDetail["book"]->com.rookies4.myspringbootlab.entity.Book["bookDetail"]->com.rookies4.myspringbootlab.entity.BookDetail["book"]->com.rookies4.myspringbootlab.entity.Book["bookDetail"]->com.rookies4.myspringbootlab.entity.BookDetail["book"]->com.rookies4.myspringbootlab.entity.Book["bookDetail"]->com.rookies4.myspringbootlab.entity.BookDetail["book"]->com.rookies4.myspringbootlab.entity.Book["bookDetail"]->com.rookies4.myspringbootlab.entity.BookDetail["book"]->com.rookies4.myspringbootlab.entity.Book["bookDetail"]->com.rookies4.myspringbootlab.entity.BookDetail["book"]->com.rookies4.myspringbootlab.entity.Book["bookDetail"]->com.rookies4.myspringbootlab.entity.BookDetail["book"]->com.rookies4.myspringbootlab.entity.Book["bookDetail"]->com.rookies4.myspringbootlab.entity.BookDetail["book"]->com.rookies4.myspringbootlab.entity.Book["bookDetail"]->com.rookies4.myspringbootlab.entity.BookDetail["book"]->com.rookies4.myspringbootlab.entity.Book["bookDetail"]->com.rookies4.myspringbootlab.entity.BookDetail["book"]->com.rookies4.myspringbootlab.entity.Book["bookDetail"]->com.rookies4.myspringbootlab.entity.BookDetail["book"]->com.rookies4.myspringbootlab.entity.Book["bookDetail"]->com.rookies4.myspringbootlab.entity.BookDetail["book"]->com.rookies4.myspringbootlab.entity.Book["bookDetail"]->com.rookies4.myspringbootlab.entity.BookDetail["book"]->com.rookies4.myspringbootlab.entity.Book["bookDetail"]->com.rookies4.myspringbootlab.entity.BookDetail["book"]->com.rookies4.myspringbootlab.entity.Book["bookDetail"]->com.rookies4.myspringbootlab.entity.BookDetail["book"]->com.rookies4.myspringbootlab.entity.Book["bookDetail"]->com.rookies4.myspringbootlab.entity.BookDetail["book"]->com.rookies4.myspringbootlab.entity.Book["bookDetail"]->com.rookies4.myspringbootlab.entity.BookDetail["book"]->com.rookies4.myspringbootlab.entity.Book["bookDetail"]->com.rookies4.myspringbootlab.entity.BookDetail["book"]->com.rookies4.myspringbootlab.entity.Book["bookDetail"]->com.rookies4.myspringbootlab.entity.BookDetail["book"]->com.rookies4.myspringbootlab.entity.Book["bookDetail"]->com.rookies4.myspringbootlab.entity.BookDetail["book"]->com.rookies4.myspringbootlab.entity.Book["bookDetail"]->com.rookies4.myspringbootlab.entity.BookDetail["book"]->com.rookies4.myspringbootlab.entity.Book["bookDetail"]->com.rookies4.myspringbootlab.entity.BookDetail["book"]->com.rookies4.myspringbootlab.entity.Book["bookDetail"]->com.rookies4.myspringbootlab.entity.BookDetail["book"]->com.rookies4.myspringbootlab.entity.Book["bookDetail"]->com.rookies4.myspringbootlab.entity.BookDetail["book"]->com.rookies4.myspringbootlab.entity.Book["bookDetail"]->com.rookies4.myspringbootlab.entity.BookDetail["book"]->com.rookies4.myspringbootlab.entity.Book["bookDetail"]->com.rookies4.myspringbootlab.entity.BookDetail["book"]->com.rookies4.myspringbootlab.entity.Book["bookDetail"]->com.rookies4.myspringbootlab.entity.BookDetail["book"]->com.rookies4.myspringbootlab.entity.Book["bookDetail"]->com.rookies4.myspringbootlab.entity.BookDetail["book"]->com.rookies4.myspringbootlab.entity.Book["bookDetail"]->com.rookies4.myspringbootlab.entity.BookDetail["book"]->com.rookies4.myspringbootlab.entity.Book["bookDetail"]->com.rookies4.myspringbootlab.entity.BookDetail["book"]->com.rookies4.myspringbootlab.entity.Book["bookDetail"]->com.rookies4.myspringbootlab.entity.BookDetail["book"]->com.rookies4.myspringbootlab.entity.Book["bookDetail"]->com.rookies4.myspringbootlab.entity.BookDetail["book"]->com.rookies4.myspringbootlab.entity.Book["bookDetail"]->com.rookies4.myspringbootlab.entity.BookDetail["book"]->com.rookies4.myspringbootlab.entity.Book["bookDetail"]->com.rookies4.myspringbootlab.entity.BookDetail["book"]->com.rookies4.myspringbootlab.entity.Book["bookDetail"]->com.rookies4.myspringbootlab.entity.BookDetail["book"]->com.rookies4.myspringbootlab.entity.Book["bookDetail"]->com.rookies4.myspringbootlab.entity.BookDetail["book"]->com.rookies4.myspringbootlab.entity.Book["bookDetail"]->com.rookies4.myspringbootlab.entity.BookDetail["book"]->com.rookies4.myspringbootlab.entity.Book["bookDetail"]->com.rookies4.myspringbootlab.entity.BookDetail["book"]->com.rookies4.myspringbootlab.entity.Book["bookDetail"]->com.rookies4.myspringbootlab.entity.BookDetail["book"]->com.rookies4.myspringbootlab.entity.Book["bookDetail"]->com.rookies4.myspringbootlab.entity.BookDetail["book"]->com.rookies4.myspringbootlab.entity.Book["bookDetail"]->com.rookies4.myspringbootlab.entity.BookDetail["book"]->com.rookies4.myspringbootlab.entity.Book["bookDetail"]->com.rookies4.myspringbootlab.entity.BookDetail["book"]->com.rookies4.myspringbootlab.entity.Book["bookDetail"]->com.rookies4.myspringbootlab.entity.BookDetail["book"]->com.rookies4.myspringbootlab.entity.Book["bookDetail"]->com.rookies4.myspringbootlab.entity.BookDetail["book"]->com.rookies4.myspringbootlab.entity.Book["bookDetail"]->com.rookies4.myspringbootlab.entity.BookDetail["book"]->com.rookies4.myspringbootlab.entity.Book["bookDetail"]->com.rookies4.myspringbootlab.entity.BookDetail["book"]->com.rookies4.myspringbootlab.entity.Book["bookDetail"]->com.rookies4.myspringbootlab.entity.BookDetail["book"]->com.rookies4.myspringbootlab.entity.Book["bookDetail"]->com.rookies4.myspringbootlab.entity.BookDetail["book"]->com.rookies4.myspringbootlab.entity.Book["bookDetail"]->com.rookies4.myspringbootlab.entity.BookDetail["book"]->com.rookies4.myspringbootlab.entity.Book["bookDetail"]->com.rookies4.myspringbootlab.entity.BookDetail["book"]->com.rookies4.myspringbootlab.entity.Book["bookDetail"]->com.rookies4.myspringbootlab.entity.BookDetail["book"]->com.rookies4.myspringbootlab.entity.Book["bookDetail"]->com.rookies4.myspringbootlab.entity.BookDetail["book"]->com.rookies4.myspringbootlab.entity.Book["bookDetail"]->com.rookies4.myspringbootlab.entity.BookDetail["book"]->com.rookies4.myspringbootlab.entity.Book["bookDetail"]->com.rookies4.myspringbootlab.entity.BookDetail["book"]->com.rookies4.myspringbootlab.entity.Book["bookDetail"]->com.rookies4.myspringbootlab.entity.BookDetail["book"]->com.rookies4.myspringbootlab.entity.Book["bookDetail"]->com.rookies4.myspringbootlab.entity.BookDetail["book"]->com.rookies4.myspringbootlab.entity.Book["bookDetail"]->com.rookies4.myspringbootlab.entity.BookDetail["book"]->com.rookies4.myspringbootlab.entity.Book["bookDetail"]->com.rookies4.myspringbootlab.entity.BookDetail["book"]->com.rookies4.myspringbootlab.entity.Book["bookDetail"]->com.rookies4.myspringbootlab.entity.BookDetail["book"]->com.rookies4.myspringbootlab.entity.Book["bookDetail"]->com.rookies4.myspringbootlab.entity.BookDetail["book"]->com.rookies4.myspringbootlab.entity.Book["bookDetail"]->com.rookies4.myspringbootlab.entity.BookDetail["book"]->com.rookies4.myspringbootlab.entity.Book["bookDetail"]->com.rookies4.myspringbootlab.entity.BookDetail["book"]->com.rookies4.myspringbootlab.entity.Book["bookDetail"]->com.rookies4.myspringbootlab.entity.BookDetail["book"]->com.rookies4.myspringbootlab.entity.Book["bookDetail"]->com.rookies4.myspringbootlab.entity.BookDetail["book"]->com.rookies4.myspringbootlab.entity.Book["bookDetail"]->com.rookies4.myspringbootlab.entity.BookDetail["book"]->com.rookies4.myspringbootlab.entity.Book["bookDetail"]->com.rookies4.myspringbootlab.entity.BookDetail["book"]->com.rookies4.myspringbootlab.entity.Book["bookDetail"]->com.rookies4.myspringbootlab.entity.BookDetail["book"]->com.rookies4.myspringbootlab.entity.Book["bookDetail"]->com.rookies4.myspringbootlab.entity.BookDetail["book"]->com.rookies4.myspringbootlab.entity.Book["bookDetail"]->com.rookies4.myspringbootlab.entity.BookDetail["book"]->com.rookies4.myspringbootlab.entity.Book["bookDetail"]->com.rookies4.myspringbootlab.entity.BookDetail["book"]->com.rookies4.myspringbootlab.entity.Book["bookDetail"]->com.rookies4.myspringbootlab.entity.BookDetail["book"]->com.rookies4.myspringbootlab.entity.Book["bookDetail"]->com.rookies4.myspringbootlab.entity.BookDetail["book"]->com.rookies4.myspringbootlab.entity.Book["bookDetail"]->com.rookies4.myspringbootlab.entity.BookDetail["book"]->com.rookies4.myspringbootlab.entity.Book["bookDetail"]->com.rookies4.myspringbootlab.entity.BookDetail["book"]->com.rookies4.myspringbootlab.entity.Book["bookDetail"]->com.rookies4.myspringbootlab.entity.BookDetail["book"]->com.rookies4.myspringbootlab.entity.Book["bookDetail"]->com.rookies4.myspringbootlab.entity.BookDetail["book"]->com.rookies4.myspringbootlab.entity.Book["bookDetail"]->com.rookies4.myspringbootlab.entity.BookDetail["book"]->com.rookies4.myspringbootlab.entity.Book["bookDetail"]->com.rookies4.myspringbootlab.entity.BookDetail["book"]->com.rookies4.myspringbootlab.entity.Book["bookDetail"]->com.rookies4.myspringbootlab.entity.BookDetail["book"]->com.rookies4.myspringbootlab.entity.Book["bookDetail"]->com.rookies4.myspringbootlab.entity.BookDetail["book"]->com.rookies4.myspringbootlab.entity.Book["bookDetail"]->com.rookies4.myspringbootlab.entity.BookDetail["book"]->com.rookies4.myspringbootlab.entity.Book["bookDetail"]->com.rookies4.myspringbootlab.entity.BookDetail["book"]->com.rookies4.myspringbootlab.entity.Book["bookDetail"]->com.rookies4.myspringbootlab.entity.BookDetail["book"]->com.rookies4.myspringbootlab.entity.Book["bookDetail"]->com.rookies4.myspringbootlab.entity.BookDetail["book"]->com.rookies4.myspringbootlab.entity.Book["bookDetail"]->com.rookies4.myspringbootlab.entity.BookDetail["book"]->com.rookies4.myspringbootlab.entity.Book["bookDetail"]->com.rookies4.myspringbootlab.entity.BookDetail["book"]->com.rookies4.myspringbootlab.entity.Book["bookDetail"]->com.rookies4.myspringbootlab.entity.BookDetail["book"]->com.rookies4.myspringbootlab.entity.Book["bookDetail"]->com.rookies4.myspringbootlab.entity.BookDetail["book"]->com.rookies4.myspringbootlab.entity.Book["bookDetail"]->com.rookies4.myspringbootlab.entity.BookDetail["book"]->com.rookies4.myspringbootlab.entity.Book["bookDetail"]->com.rookies4.myspringbootlab.entity.BookDetail["book"]->com.rookies4.myspringbootlab.entity.Book["bookDetail"]->com.rookies4.myspringbootlab.entity.BookDetail["book"]->com.rookies4.myspringbootlab.entity.Book["bookDetail"]->com.rookies4.myspringbootlab.entity.BookDetail["book"]->com.rookies4.myspringbootlab.entity.Book["bookDetail"]->com.rookies4.myspringbootlab.entity.BookDetail["book"]->com.rookies4.myspringbootlab.entity.Book["bookDetail"]->com.rookies4.myspringbootlab.entity.BookDetail["book"]->com.rookies4.myspringbootlab.entity.Book["bookDetail"]->com.rookies4.myspringbootlab.entity.BookDetail["book"]->com.rookies4.myspringbootlab.entity.Book["bookDetail"]->com.rookies4.myspringbootlab.entity.BookDetail["book"]->com.rookies4.myspringbootlab.entity.Book["bookDetail"]->com.rookies4.myspringbootlab.entity.BookDetail["book"]->com.rookies4.myspringbootlab.entity.Book["bookDetail"]->com.rookies4.myspringbootlab.entity.BookDetail["book"]->com.rookies4.myspringbootlab.entity.Book["bookDetail"]->com.rookies4.myspringbootlab.entity.BookDetail["book"]->com.rookies4.myspringbootlab.entity.Book["bookDetail"]->com.rookies4.myspringbootlab.entity.BookDetail["book"]->com.rookies4.myspringbootlab.entity.Book["bookDetail"]->com.rookies4.myspringbootlab.entity.BookDetail["book"]->com.rookies4.myspringbootlab.entity.Book["bookDetail"]->com.rookies4.myspringbootlab.entity.BookDetail["book"]->com.rookies4.myspringbootlab.entity.Book["bookDetail"]->com.rookies4.myspringbootlab.entity.BookDetail["book"]->com.rookies4.myspringbootlab.entity.Book["bookDetail"]->com.rookies4.myspringbootlab.entity.BookDetail["book"]->com.rookies4.myspringbootlab.entity.Book["bookDetail"]->com.rookies4.myspringbootlab.entity.BookDetail["book"]->com.rookies4.myspringbootlab.entity.Book["bookDetail"]->com.rookies4.myspringbootlab.entity.BookDetail["book"]->com.rookies4.myspringbootlab.entity.Book["bookDetail"]->com.rookies4.myspringbootlab.entity.BookDetail["book"]->com.rookies4.myspringbootlab.entity.Book["bookDetail"]->com.rookies4.myspringbootlab.entity.BookDetail["book"]->com.rookies4.myspringbootlab.entity.Book["bookDetail"]->com.rookies4.myspringbootlab.entity.BookDetail["book"]->com.rookies4.myspringbootlab.entity.Book["bookDetail"]->com.rookies4.myspringbootlab.entity.BookDetail["book"]->com.rookies4.myspringbootlab.entity.Book["bookDetail"]->com.rookies4.myspringbootlab.entity.BookDetail["book"]->com.rookies4.myspringbootlab.entity.Book["bookDetail"]->com.rookies4.myspringbootlab.entity.BookDetail["book"]->com.rookies4.myspringbootlab.entity.Book["bookDetail"]->com.rookies4.myspringbootlab.entity.BookDetail["book"]->com.rookies4.myspringbootlab.entity.Book["bookDetail"]->com.rookies4.myspringbootlab.entity.BookDetail["book"]->com.rookies4.myspringbootlab.entity.Book["bookDetail"]->com.rookies4.myspringbootlab.entity.BookDetail["book"]->com.rookies4.myspringbootlab.entity.Book["bookDetail"]->com.rookies4.myspringbootlab.entity.BookDetail["book"]->com.rookies4.myspringbootlab.entity.Book["bookDetail"]->com.rookies4.myspringbootlab.entity.BookDetail["book"]->com.rookies4.myspringbootlab.entity.Book["bookDetail"]->com.rookies4.myspringbootlab.entity.BookDetail["book"]->com.rookies4.myspringbootlab.entity.Book["bookDetail"]->com.rookies4.myspringbootlab.entity.BookDetail["book"]->com.rookies4.myspringbootlab.entity.Book["bookDetail"]->com.rookies4.myspringbootlab.entity.BookDetail["book"]->com.rookies4.myspringbootlab.entity.Book["bookDetail"]->com.rookies4.myspringbootlab.entity.BookDetail["book"]->com.rookies4.myspringbootlab.entity.Book["bookDetail"]->com.rookies4.myspringbootlab.entity.BookDetail["book"]->com.rookies4.myspringbootlab.entity.Book["bookDetail"]->com.rookies4.myspringbootlab.entity.BookDetail["book"]->com.rookies4.myspringbootlab.entity.Book["bookDetail"]->com.rookies4.myspringbootlab.entity.BookDetail["book"]->com.rookies4.myspringbootlab.entity.Book["bookDetail"]->com.rookies4.myspringbootlab.entity.BookDetail["book"]->com.rookies4.myspringbootlab.entity.Book["bookDetail"]->com.rookies4.myspringbootlab.entity.BookDetail["book"]->com.rookies4.myspringbootlab.entity.Book["bookDetail"]->com.rookies4.myspringbootlab.entity.BookDetail["book"]->com.rookies4.myspringbootlab.entity.Book["bookDetail"]->com.rookies4.myspringbootlab.entity.BookDetail["book"]->com.rookies4.myspringbootlab.entity.Book["bookDetail"]->com.rookies4.myspringbootlab.entity.BookDetail["book"]->com.rookies4.myspringbootlab.entity.Book["bookDetail"]->com.rookies4.myspringbootlab.entity.BookDetail["book"]->com.rookies4.myspringbootlab.entity.Book["bookDetail"]->com.rookies4.myspringbootlab.entity.BookDetail["book"]->com.rookies4.myspringbootlab.entity.Book["bookDetail"]->com.rookies4.myspringbootlab.entity.BookDetail["book"]->com.rookies4.myspringbootlab.entity.Book["bookDetail"]->com.rookies4.myspringbootlab.entity.BookDetail["book"]->com.rookies4.myspringbootlab.entity.Book["bookDetail"]->com.rookies4.myspringbootlab.entity.BookDetail["book"]->com.rookies4.myspringbootlab.entity.Book["bookDetail"]->com.rookies4.myspringbootlab.entity.BookDetail["book"]->com.rookies4.myspringbootlab.entity.Book["bookDetail"]->com.rookies4.myspringbootlab.entity.BookDetail["book"]->com.rookies4.myspringbootlab.entity.Book["bookDetail"]->com.rookies4.myspringbootlab.entity.BookDetail["book"]->com.rookies4.myspringbootlab.entity.Book["bookDetail"]->com.rookies4.myspringbootlab.entity.BookDetail["book"]->com.rookies4.myspringbootlab.entity.Book["bookDetail"]->com.rookies4.myspringbootlab.entity.BookDetail["book"]->com.rookies4.myspringbootlab.entity.Book["bookDetail"]->com.rookies4.myspringbootlab.entity.BookDetail["book"]->com.rookies4.myspringbootlab.entity.Book["bookDetail"]->com.rookies4.myspringbootlab.entity.BookDetail["book"]->com.rookies4.myspringbootlab.entity.Book["bookDetail"]->com.rookies4.myspringbootlab.entity.BookDetail["book"]->com.rookies4.myspringbootlab.entity.Book["bookDetail"]->com.rookies4.myspringbootlab.entity.BookDetail["book"]->com.rookies4.myspringbootlab.entity.Book["bookDetail"]->com.rookies4.myspringbootlab.entity.BookDetail["book"]->com.rookies4.myspringbootlab.entity.Book["bookDetail"]->com.rookies4.myspringbootlab.entity.BookDetail["book"]->com.rookies4.myspringbootlab.entity.Book["bookDetail"]->com.rookies4.myspringbootlab.entity.BookDetail["book"]->com.rookies4.myspringbootlab.entity.Book["bookDetail"]->com.rookies4.myspringbootlab.entity.BookDetail["book"]->com.rookies4.myspringbootlab.entity.Book["bookDetail"]->com.rookies4.myspringbootlab.entity.BookDetail["book"]->com.rookies4.myspringbootlab.entity.Book["bookDetail"]->com.rookies4.myspringbootlab.entity.BookDetail["book"]->com.rookies4.myspringbootlab.entity.Book["bookDetail"]->com.rookies4.myspringbootlab.entity.BookDetail["book"]->com.rookies4.myspringbootlab.entity.Book["bookDetail"]->com.rookies4.myspringbootlab.entity.BookDetail["book"]->com.rookies4.myspringbootlab.entity.Book["bookDetail"]->com.rookies4.myspringbootlab.entity.BookDetail["book"]->com.rookies4.myspringbootlab.entity.Book["bookDetail"]->com.rookies4.myspringbootlab.entity.BookDetail["book"]->com.rookies4.myspringbootlab.entity.Book["bookDetail"]->com.rookies4.myspringbootlab.entity.BookDetail["book"]->com.rookies4.myspringbootlab.entity.Book["bookDetail"]->com.rookies4.myspringbootlab.entity.BookDetail["book"]->com.rookies4.myspringbootlab.entity.Book["bookDetail"]->com.rookies4.myspringbootlab.entity.BookDetail["book"]->com.rookies4.myspringbootlab.entity.Book["bookDetail"]->com.rookies4.myspringbootlab.entity.BookDetail["book"]->com.rookies4.myspringbootlab.entity.Book["bookDetail"]->com.rookies4.myspringbootlab.entity.BookDetail["book"]->com.rookies4.myspringbootlab.entity.Book["bookDetail"]->com.rookies4.myspringbootlab.entity.BookDetail["book"]->com.rookies4.myspringbootlab.entity.Book["bookDetail"]->com.rookies4.myspringbootlab.entity.BookDetail["book"]->com.rookies4.myspringbootlab.entity.Book["bookDetail"]->com.rookies4.myspringbootlab.entity.BookDetail["book"]->com.rookies4.myspringbootlab.entity.Book["bookDetail"]->com.rookies4.myspringbootlab.entity.BookDetail["book"]->com.rookies4.myspringbootlab.entity.Book["bookDetail"]->com.rookies4.myspringbootlab.entity.BookDetail["book"]->com.rookies4.myspringbootlab.entity.Book["bookDetail"]->com.rookies4.myspringbootlab.entity.BookDetail["book"]->com.rookies4.myspringbootlab.entity.Book["bookDetail"]->com.rookies4.myspringbootlab.entity.BookDetail["book"]->com.rookies4.myspringbootlab.entity.Book["bookDetail"]->com.rookies4.myspringbootlab.entity.BookDetail["book"]->com.rookies4.myspringbootlab.entity.Book["bookDetail"]->com.rookies4.myspringbootlab.entity.BookDetail["book"]->com.rookies4.myspringbootlab.entity.Book["bookDetail"]->com.rookies4.myspringbootlab.entity.BookDetail["book"]->com.rookies4.myspringbootlab.entity.Book["bookDetail"]->com.rookies4.myspringbootlab.entity.BookDetail["book"]->com.rookies4.myspringbootlab.entity.Book["bookDetail"]->com.rookies4.myspringbootlab.entity.BookDetail["book"]->com.rookies4.myspringbootlab.entity.Book["bookDetail"]->com.rookies4.myspringbootlab.entity.BookDetail["book"]->com.rookies4.myspringbootlab.entity.Book["bookDetail"]->com.rookies4.myspringbootlab.entity.BookDetail["book"]->com.rookies4.myspringbootlab.entity.Book["bookDetail"]->com.rookies4.myspringbootlab.entity.BookDetail["book"]->com.rookies4.myspringbootlab.entity.Book["bookDetail"]->com.rookies4.myspringbootlab.entity.BookDetail["book"]->com.rookies4.myspringbootlab.entity.Book["bookDetail"]->com.rookies4.myspringbootlab.entity.BookDetail["book"]->com.rookies4.myspringbootlab.entity.Book["bookDetail"]->com.rookies4.myspringbootlab.entity.BookDetail["book"]->com.rookies4.myspringbootlab.entity.Book["bookDetail"]->com.rookies4.myspringbootlab.entity.BookDetail["book"]->com.rookies4.myspringbootlab.entity.Book["bookDetail"]->com.rookies4.myspringbootlab.entity.BookDetail["book"]->com.rookies4.myspringbootlab.entity.Book["bookDetail"]->com.rookies4.myspringbootlab.entity.BookDetail["book"]->com.rookies4.myspringbootlab.entity.Book["bookDetail"]->com.rookies4.myspringbootlab.entity.BookDetail["book"]->com.rookies4.myspringbootlab.entity.Book["bookDetail"]->com.rookies4.myspringbootlab.entity.BookDetail["book"]->com.rookies4.myspringbootlab.entity.Book["bookDetail"]->com.rookies4.myspringbootlab.entity.BookDetail["book"]->com.rookies4.myspringbootlab.entity.Book["bookDetail"]->com.rookies4.myspringbootlab.entity.BookDetail["book"]->com.rookies4.myspringbootlab.entity.Book["bookDetail"]->com.rookies4.myspringbootlab.entity.BookDetail["book"]->com.rookies4.myspringbootlab.entity.Book["bookDetail"]->com.rookies4.myspringbootlab.entity.BookDetail["book"]->com.rookies4.myspringbootlab.entity.Book["bookDetail"]->com.rookies4.myspringbootlab.entity.BookDetail["book"]->com.rookies4.myspringbootlab.entity.Book["bookDetail"]->com.rookies4.myspringbootlab.entity.BookDetail["book"]->com.rookies4.myspringbootlab.entity.Book["bookDetail"]->com.rookies4.myspringbootlab.entity.BookDetail["book"]->com.rookies4.myspringbootlab.entity.Book["bookDetail"]->com.rookies4.myspringbootlab.entity.BookDetail["book"]->com.rookies4.myspringbootlab.entity.Book["bookDetail"]->com.rookies4.myspringbootlab.entity.BookDetail["book"]->com.rookies4.myspringbootlab.entity.Book["bookDetail"]->com.rookies4.myspringbootlab.entity.BookDetail["book"]->com.rookies4.myspringbootlab.entity.Book["bookDetail"]->com.rookies4.myspringbootlab.entity.BookDetail["book"]->com.rookies4.myspringbootlab.entity.Book["bookDetail"]->com.rookies4.myspringbootlab.entity.BookDetail["book"]->com.rookies4.myspringbootlab.entity.Book["bookDetail"]->com.rookies4.myspringbootlab.entity.BookDetail["book"]->com.rookies4.myspringbootlab.entity.Book["bookDetail"]->com.rookies4.myspringbootlab.entity.BookDetail["book"]->com.rookies4.myspringbootlab.entity.Book["bookDetail"]->com.rookies4.myspringbootlab.entity.BookDetail["book"]->com.rookies4.myspringbootlab.entity.Book["bookDetail"]->com.rookies4.myspringbootlab.entity.BookDetail["book"]->com.rookies4.myspringbootlab.entity.Book["bookDetail"]->com.rookies4.myspringbootlab.entity.BookDetail["book"]->com.rookies4.myspringbootlab.entity.Book["bookDetail"]->com.rookies4.myspringbootlab.entity.BookDetail["book"]->com.rookies4.myspringbootlab.entity.Book["bookDetail"]->com.rookies4.myspringbootlab.entity.BookDetail["book"]->com.rookies4.myspringbootlab.entity.Book["bookDetail"]->com.rookies4.myspringbootlab.entity.BookDetail["book"]->com.rookies4.myspringbootlab.entity.Book["bookDetail"]->com.rookies4.myspringbootlab.entity.BookDetail["book"]->com.rookies4.myspringbootlab.entity.Book["bookDetail"]->com.rookies4.myspringbootlab.entity.BookDetail["book"]->com.rookies4.myspringbootlab.entity.Book["bookDetail"]->com.rookies4.myspringbootlab.entity.BookDetail["book"]->com.rookies4.myspringbootlab.entity.Book["bookDetail"]->com.rookies4.myspringbootlab.entity.BookDetail["book"]->com.rookies4.myspringbootlab.entity.Book["bookDetail"]->com.rookies4.myspringbootlab.entity.BookDetail["book"]->com.rookies4.myspringbootlab.entity.Book["bookDetail"]->com.rookies4.myspringbootlab.entity.BookDetail["book"]->com.rookies4.myspringbootlab.entity.Book["bookDetail"]->com.rookies4.myspringbootlab.entity.BookDetail["book"]->com.rookies4.myspringbootlab.entity.Book["bookDetail"]->com.rookies4.myspringbootlab.entity.BookDetail["book"]->com.rookies4.myspringbootlab.entity.Book["bookDetail"]->com.rookies4.myspringbootlab.entity.BookDetail["book"]->com.rookies4.myspringbootlab.entity.Book["bookDetail"]->com.rookies4.myspringbootlab.entity.BookDetail["book"]->com.rookies4.myspringbootlab.entity.Book["bookDetail"]->com.rookies4.myspringbootlab.entity.BookDetail["book"]->com.rookies4.myspringbootlab.entity.Book["bookDetail"]->com.rookies4.myspringbootlab.entity.BookDetail["book"]->com.rookies4.myspringbootlab.entity.Book["bookDetail"]->com.rookies4.myspringbootlab.entity.BookDetail["book"]->com.rookies4.myspringbootlab.entity.Book["bookDetail"]->com.rookies4.myspringbootlab.entity.BookDetail["book"]->com.rookies4.myspringbootlab.entity.Book["bookDetail"]->com.rookies4.myspringbootlab.entity.BookDetail["book"]->com.rookies4.myspringbootlab.entity.Book["bookDetail"]->com.rookies4.myspringbootlab.entity.BookDetail["book"]->com.rookies4.myspringbootlab.entity.Book["bookDetail"]->com.rookies4.myspringbootlab.entity.BookDetail["book"]->com.rookies4.myspringbootlab.entity.Book["bookDetail"]->com.rookies4.myspringbootlab.entity.BookDetail["book"]->com.rookies4.myspringbootlab.entity.Book["bookDetail"]->com.rookies4.myspringbootlab.entity.BookDetail["book"]->com.rookies4.myspringbootlab.entity.Book["bookDetail"]->com.rookies4.myspringbootlab.entity.BookDetail["book"]->com.rookies4.myspringbootlab.entity.Book["bookDetail"]->com.rookies4.myspringbootlab.entity.BookDetail["book"]->com.rookies4.myspringbootlab.entity.Book["bookDetail"]->com.rookies4.myspringbootlab.entity.BookDetail["book"]->com.rookies4.myspringbootlab.entity.Book["bookDetail"]->com.rookies4.myspringbootlab.entity.BookDetail["book"]->com.rookies4.myspringbootlab.entity.Book["bookDetail"]->com.rookies4.myspringbootlab.entity.BookDetail["book"]->com.rookies4.myspringbootlab.entity.Book["bookDetail"]->com.rookies4.myspringbootlab.entity.BookDetail["book"]->com.rookies4.myspringbootlab.entity.Book["bookDetail"]->com.rookies4.myspringbootlab.entity.BookDetail["book"]->com.rookies4.myspringbootlab.entity.Book["bookDetail"]->com.rookies4.myspringbootlab.entity.BookDetail["book"]->com.rookies4.myspringbootlab.entity.Book["bookDetail"]->com.rookies4.myspringbootlab.entity.BookDetail["book"]->com.rookies4.myspringbootlab.entity.Book["bookDetail"]->com.rookies4.myspringbootlab.entity.BookDetail["book"]->com.rookies4.myspringbootlab.entity.Book["bookDetail"]->com.rookies4.myspringbootlab.entity.BookDetail["book"]->com.rookies4.myspringbootlab.entity.Book["bookDetail"]->com.rookies4.myspringbootlab.entity.BookDetail["book"]->com.rookies4.myspringbootlab.entity.Book["bookDetail"]->com.rookies4.myspringbootlab.entity.BookDetail["book"]->com.rookies4.myspringbootlab.entity.Book["bookDetail"]->com.rookies4.myspringbootlab.entity.BookDetail["book"]->com.rookies4.myspringbootlab.entity.Book["bookDetail"]->com.rookies4.myspringbootlab.entity.BookDetail["book"]->com.rookies4.myspringbootlab.entity.Book["bookDetail"]->com.rookies4.myspringbootlab.entity.BookDetail["book"]->com.rookies4.myspringbootlab.entity.Book["bookDetail"]->com.rookies4.myspringbootlab.entity.BookDetail["book"]->com.rookies4.myspringbootlab.entity.Book["bookDetail"]->com.rookies4.myspringbootlab.entity.BookDetail["book"]->com.rookies4.myspringbootlab.entity.Book["bookDetail"]->com.rookies4.myspringbootlab.entity.BookDetail["book"]->com.rookies4.myspringbootlab.entity.Book["bookDetail"]->com.rookies4.myspringbootlab.entity.BookDetail["book"]->com.rookies4.myspringbootlab.entity.Book["bookDetail"]->com.rookies4.myspringbootlab.entity.BookDetail["book"]->com.rookies4.myspringbootlab.entity.Book["bookDetail"]->com.rookies4.myspringbootlab.entity.BookDetail["book"]->com.rookies4.myspringbootlab.entity.Book["bookDetail"]->com.rookies4.myspringbootlab.entity.BookDetail["book"]->com.rookies4.myspringbootlab.entity.Book["bookDetail"]->com.rookies4.myspringbootlab.entity.BookDetail["book"]->com.rookies4.myspringbootlab.entity.Book["bookDetail"]->com.rookies4.myspringbootlab.entity.BookDetail["book"]->com.rookies4.myspringbootlab.entity.Book["bookDetail"]->com.rookies4.myspringbootlab.entity.BookDetail["book"]->com.rookies4.myspringbootlab.entity.Book["bookDetail"]->com.rookies4.myspringbootlab.entity.BookDetail["book"]->com.rookies4.myspringbootlab.entity.Book["bookDetail"]->com.rookies4.myspringbootlab.entity.BookDetail["book"]->com.rookies4.myspringbootlab.entity.Book["bookDetail"]->com.rookies4.myspringbootlab.entity.BookDetail["book"]->com.rookies4.myspringbootlab.entity.Book["bookDetail"]->com.rookies4.myspringbootlab.entity.BookDetail["book"]->com.rookies4.myspringbootlab.entity.Book["bookDetail"]->com.rookies4.myspringbootlab.entity.BookDetail["book"]->com.rookies4.myspringbootlab.entity.Book["bookDetail"])
	at com.fasterxml.jackson.databind.JsonMappingException.wrapWithPath(JsonMappingException.java:401) ~[jackson-databind-2.18.4.jar:2.18.4]
	at com.fasterxml.jackson.databind.JsonMappingException.wrapWithPath(JsonMappingException.java:360) ~[jackson-databind-2.18.4.jar:2.18.4]
	at com.fasterxml.jackson.databind.ser.std.StdSerializer.wrapAndThrow(StdSerializer.java:323) ~[jackson-databind-2.18.4.jar:2.18.4]
	at com.fasterxml.jackson.databind.ser.std.BeanSerializerBase.serializeFields(BeanSerializerBase.java:778) ~[jackson-databind-2.18.4.jar:2.18.4]
	at com.fasterxml.jackson.databind.ser.BeanSerializer.serialize(BeanSerializer.java:184) ~[jackson-databind-2.18.4.jar:2.18.4]
	at com.fasterxml.jackson.databind.ser.BeanPropertyWriter.serializeAsField(BeanPropertyWriter.java:732) ~[jackson-databind-2.18.4.jar:2.18.4]
	at com.fasterxml.jackson.databind.ser.std.BeanSerializerBase.serializeFields(BeanSerializerBase.java:770) ~[jackson-databind-2.18.4.jar:2.18.4]
	at com.fasterxml.jackson.databind.ser.BeanSerializer.serialize(BeanSerializer.java:184) ~[jackson-databind-2.18.4.jar:2.18.4]
	at com.fasterxml.jackson.databind.ser.BeanPropertyWriter.serializeAsField(BeanPropertyWriter.java:732) ~[jackson-databind-2.18.4.jar:2.18.4]
	at com.fasterxml.jackson.databind.ser.std.BeanSerializerBase.serializeFields(BeanSerializerBase.java:770) ~[jackson-databind-2.18.4.jar:2.18.4]
	at com.fasterxml.jackson.databind.ser.BeanSerializer.serialize(BeanSerializer.java:184) ~[jackson-databind-2.18.4.jar:2.18.4]
	at com.fasterxml.jackson.databind.ser.BeanPropertyWriter.serializeAsField(BeanPropertyWriter.java:732) ~[jackson-databind-2.18.4.jar:2.18.4]
	at com.fasterxml.jackson.databind.ser.std.BeanSerializerBase.serializeFields(BeanSerializerBase.java:770) ~[jackson-databind-2.18.4.jar:2.18.4]
	at com.fasterxml.jackson.databind.ser.BeanSerializer.serialize(BeanSerializer.java:184) ~[jackson-databind-2.18.4.jar:2.18.4]
	at com.fasterxml.jackson.databind.ser.BeanPropertyWriter.serializeAsField(BeanPropertyWriter.java:732) ~[jackson-databind-2.18.4.jar:2.18.4]
	at com.fasterxml.jackson.databind.ser.std.BeanSerializerBase.serializeFields(BeanSerializerBase.java:770) ~[jackson-databind-2.18.4.jar:2.18.4]
	at com.fasterxml.jackson.databind.ser.BeanSerializer.serialize(BeanSerializer.java:184) ~[jackson-databind-2.18.4.jar:2.18.4]
	at com.fasterxml.jackson.databind.ser.BeanPropertyWriter.serializeAsField(BeanPropertyWriter.java:732) ~[jackson-databind-2.18.4.jar:2.18.4]
	at com.fasterxml.jackson.databind.ser.std.BeanSerializerBase.serializeFields(BeanSerializerBase.java:770) ~[jackson-databind-2.18.4.jar:2.18.4]
	at com.fasterxml.jackson.databind.ser.BeanSerializer.serialize(BeanSerializer.java:184) ~[jackson-databind-2.18.4.jar:2.18.4]
	at com.fasterxml.jackson.databind.ser.BeanPropertyWriter.serializeAsField(BeanPropertyWriter.java:732) ~[jackson-databind-2.18.4.jar:2.18.4]
	at com.fasterxml.jackson.databind.ser.std.BeanSerializerBase.serializeFields(BeanSerializerBase.java:770) ~[jackson-databind-2.18.4.jar:2.18.4]
	at com.fasterxml.jackson.databind.ser.BeanSerializer.serialize(BeanSerializer.java:184) ~[jackson-databind-2.18.4.jar:2.18.4]
	at com.fasterxml.jackson.databind.ser.BeanPropertyWriter.serializeAsField(BeanPropertyWriter.java:732) ~[jackson-databind-2.18.4.jar:2.18.4]
	at com.fasterxml.jackson.databind.ser.std.BeanSerializerBase.serializeFields(BeanSerializerBase.java:770) ~[jackson-databind-2.18.4.jar:2.18.4]
	at com.fasterxml.jackson.databind.ser.BeanSerializer.serialize(BeanSerializer.java:184) ~[jackson-databind-2.18.4.jar:2.18.4]
	at com.fasterxml.jackson.databind.ser.BeanPropertyWriter.serializeAsField(BeanPropertyWriter.java:732) ~[jackson-databind-2.18.4.jar:2.18.4]
	at com.fasterxml.jackson.databind.ser.std.BeanSerializerBase.serializeFields(BeanSerializerBase.java:770) ~[jackson-databind-2.18.4.jar:2.18.4]
	at com.fasterxml.jackson.databind.ser.BeanSerializer.serialize(BeanSerializer.java:184) ~[jackson-databind-2.18.4.jar:2.18.4]
	at com.fasterxml.jackson.databind.ser.BeanPropertyWriter.serializeAsField(BeanPropertyWriter.java:732) ~[jackson-databind-2.18.4.jar:2.18.4]
	at com.fasterxml.jackson.databind.ser.std.BeanSerializerBase.serializeFields(BeanSerializerBase.java:770) ~[jackson-databind-2.18.4.jar:2.18.4]
	at com.fasterxml.jackson.databind.ser.BeanSerializer.serialize(BeanSerializer.java:184) ~[jackson-databind-2.18.4.jar:2.18.4]
	at com.fasterxml.jackson.databind.ser.BeanPropertyWriter.serializeAsField(BeanPropertyWriter.java:732) ~[jackson-databind-2.18.4.jar:2.18.4]
	at com.fasterxml.jackson.databind.ser.std.BeanSerializerBase.serializeFields(BeanSerializerBase.java:770) ~[jackson-databind-2.18.4.jar:2.18.4]
	at com.fasterxml.jackson.databind.ser.BeanSerializer.serialize(BeanSerializer.java:184) ~[jackson-databind-2.18.4.jar:2.18.4]
	at com.fasterxml.jackson.databind.ser.BeanPropertyWriter.serializeAsField(BeanPropertyWriter.java:732) ~[jackson-databind-2.18.4.jar:2.18.4]
	at com.fasterxml.jackson.databind.ser.std.BeanSerializerBase.serializeFields(BeanSerializerBase.java:770) ~[jackson-databind-2.18.4.jar:2.18.4]
	at com.fasterxml.jackson.databind.ser.BeanSerializer.serialize(BeanSerializer.java:184) ~[jackson-databind-2.18.4.jar:2.18.4]
	at com.fasterxml.jackson.databind.ser.BeanPropertyWriter.serializeAsField(BeanPropertyWriter.java:732) ~[jackson-databind-2.18.4.jar:2.18.4]
	at com.fasterxml.jackson.databind.ser.std.BeanSerializerBase.serializeFields(BeanSerializerBase.java:770) ~[jackson-databind-2.18.4.jar:2.18.4]
	at com.fasterxml.jackson.databind.ser.BeanSerializer.serialize(BeanSerializer.java:184) ~[jackson-databind-2.18.4.jar:2.18.4]
	at com.fasterxml.jackson.databind.ser.BeanPropertyWriter.serializeAsField(BeanPropertyWriter.java:732) ~[jackson-databind-2.18.4.jar:2.18.4]
	at com.fasterxml.jackson.databind.ser.std.BeanSerializerBase.serializeFields(BeanSerializerBase.java:770) ~[jackson-databind-2.18.4.jar:2.18.4]
	at com.fasterxml.jackson.databind.ser.BeanSerializer.serialize(BeanSerializer.java:184) ~[jackson-databind-2.18.4.jar:2.18.4]
	at com.fasterxml.jackson.databind.ser.BeanPropertyWriter.serializeAsField(BeanPropertyWriter.java:732) ~[jackson-databind-2.18.4.jar:2.18.4]
	at com.fasterxml.jackson.databind.ser.std.BeanSerializerBase.serializeFields(BeanSerializerBase.java:770) ~[jackson-databind-2.18.4.jar:2.18.4]
	at com.fasterxml.jackson.databind.ser.BeanSerializer.serialize(BeanSerializer.java:184) ~[jackson-databind-2.18.4.jar:2.18.4]
	at com.fasterxml.jackson.databind.ser.BeanPropertyWriter.serializeAsField(BeanPropertyWriter.java:732) ~[jackson-databind-2.18.4.jar:2.18.4]
	at com.fasterxml.jackson.databind.ser.std.BeanSerializerBase.serializeFields(BeanSerializerBase.java:770) ~[jackson-databind-2.18.4.jar:2.18.4]
	at com.fasterxml.jackson.databind.ser.BeanSerializer.serialize(BeanSerializer.java:184) ~[jackson-databind-2.18.4.jar:2.18.4]
	at com.fasterxml.jackson.databind.ser.BeanPropertyWriter.serializeAsField(BeanPropertyWriter.java:732) ~[jackson-databind-2.18.4.jar:2.18.4]
	at com.fasterxml.jackson.databind.ser.std.BeanSerializerBase.serializeFields(BeanSerializerBase.java:770) ~[jackson-databind-2.18.4.jar:2.18.4]
	at com.fasterxml.jackson.databind.ser.BeanSerializer.serialize(BeanSerializer.java:184) ~[jackson-databind-2.18.4.jar:2.18.4]
	at com.fasterxml.jackson.databind.ser.BeanPropertyWriter.serializeAsField(BeanPropertyWriter.java:732) ~[jackson-databind-2.18.4.jar:2.18.4]
	at com.fasterxml.jackson.databind.ser.std.BeanSerializerBase.serializeFields(BeanSerializerBase.java:770) ~[jackson-databind-2.18.4.jar:2.18.4]
	at com.fasterxml.jackson.databind.ser.BeanSerializer.serialize(BeanSerializer.java:184) ~[jackson-databind-2.18.4.jar:2.18.4]
	at com.fasterxml.jackson.databind.ser.BeanPropertyWriter.serializeAsField(BeanPropertyWriter.java:732) ~[jackson-databind-2.18.4.jar:2.18.4]
	at com.fasterxml.jackson.databind.ser.std.BeanSerializerBase.serializeFields(BeanSerializerBase.java:770) ~[jackson-databind-2.18.4.jar:2.18.4]
	at com.fasterxml.jackson.databind.ser.BeanSerializer.serialize(BeanSerializer.java:184) ~[jackson-databind-2.18.4.jar:2.18.4]
	at com.fasterxml.jackson.databind.ser.BeanPropertyWriter.serializeAsField(BeanPropertyWriter.java:732) ~[jackson-databind-2.18.4.jar:2.18.4]
	at com.fasterxml.jackson.databind.ser.std.BeanSerializerBase.serializeFields(BeanSerializerBase.java:770) ~[jackson-databind-2.18.4.jar:2.18.4]
	at com.fasterxml.jackson.databind.ser.BeanSerializer.serialize(BeanSerializer.java:184) ~[jackson-databind-2.18.4.jar:2.18.4]
	at com.fasterxml.jackson.databind.ser.BeanPropertyWriter.serializeAsField(BeanPropertyWriter.java:732) ~[jackson-databind-2.18.4.jar:2.18.4]
	at com.fasterxml.jackson.databind.ser.std.BeanSerializerBase.serializeFields(BeanSerializerBase.java:770) ~[jackson-databind-2.18.4.jar:2.18.4]
	at com.fasterxml.jackson.databind.ser.BeanSerializer.serialize(BeanSerializer.java:184) ~[jackson-databind-2.18.4.jar:2.18.4]
	at com.fasterxml.jackson.databind.ser.BeanPropertyWriter.serializeAsField(BeanPropertyWriter.java:732) ~[jackson-databind-2.18.4.jar:2.18.4]
	at com.fasterxml.jackson.databind.ser.std.BeanSerializerBase.serializeFields(BeanSerializerBase.java:770) ~[jackson-databind-2.18.4.jar:2.18.4]
	at com.fasterxml.jackson.databind.ser.BeanSerializer.serialize(BeanSerializer.java:184) ~[jackson-databind-2.18.4.jar:2.18.4]
	at com.fasterxml.jackson.databind.ser.BeanPropertyWriter.serializeAsField(BeanPropertyWriter.java:732) ~[jackson-databind-2.18.4.jar:2.18.4]
	at com.fasterxml.jackson.databind.ser.std.BeanSerializerBase.serializeFields(BeanSerializerBase.java:770) ~[jackson-databind-2.18.4.jar:2.18.4]
	at com.fasterxml.jackson.databind.ser.BeanSerializer.serialize(BeanSerializer.java:184) ~[jackson-databind-2.18.4.jar:2.18.4]
	at com.fasterxml.jackson.databind.ser.BeanPropertyWriter.serializeAsField(BeanPropertyWriter.java:732) ~[jackson-databind-2.18.4.jar:2.18.4]
	at com.fasterxml.jackson.databind.ser.std.BeanSerializerBase.serializeFields(BeanSerializerBase.java:770) ~[jackson-databind-2.18.4.jar:2.18.4]
	at com.fasterxml.jackson.databind.ser.BeanSerializer.serialize(BeanSerializer.java:184) ~[jackson-databind-2.18.4.jar:2.18.4]
	at com.fasterxml.jackson.databind.ser.BeanPropertyWriter.serializeAsField(BeanPropertyWriter.java:732) ~[jackson-databind-2.18.4.jar:2.18.4]
	at com.fasterxml.jackson.databind.ser.std.BeanSerializerBase.serializeFields(BeanSerializerBase.java:770) ~[jackson-databind-2.18.4.jar:2.18.4]
	at com.fasterxml.jackson.databind.ser.BeanSerializer.serialize(BeanSerializer.java:184) ~[jackson-databind-2.18.4.jar:2.18.4]
	at com.fasterxml.jackson.databind.ser.BeanPropertyWriter.serializeAsField(BeanPropertyWriter.java:732) ~[jackson-databind-2.18.4.jar:2.18.4]
	at com.fasterxml.jackson.databind.ser.std.BeanSerializerBase.serializeFields(BeanSerializerBase.java:770) ~[jackson-databind-2.18.4.jar:2.18.4]
	at com.fasterxml.jackson.databind.ser.BeanSerializer.serialize(BeanSerializer.java:184) ~[jackson-databind-2.18.4.jar:2.18.4]
	at com.fasterxml.jackson.databind.ser.BeanPropertyWriter.serializeAsField(BeanPropertyWriter.java:732) ~[jackson-databind-2.18.4.jar:2.18.4]
	at com.fasterxml.jackson.databind.ser.std.BeanSerializerBase.serializeFields(BeanSerializerBase.java:770) ~[jackson-databind-2.18.4.jar:2.18.4]
	at com.fasterxml.jackson.databind.ser.BeanSerializer.serialize(BeanSerializer.java:184) ~[jackson-databind-2.18.4.jar:2.18.4]
	at com.fasterxml.jackson.databind.ser.BeanPropertyWriter.serializeAsField(BeanPropertyWriter.java:732) ~[jackson-databind-2.18.4.jar:2.18.4]
	at com.fasterxml.jackson.databind.ser.std.BeanSerializerBase.serializeFields(BeanSerializerBase.java:770) ~[jackson-databind-2.18.4.jar:2.18.4]
	at com.fasterxml.jackson.databind.ser.BeanSerializer.serialize(BeanSerializer.java:184) ~[jackson-databind-2.18.4.jar:2.18.4]
	at com.fasterxml.jackson.databind.ser.BeanPropertyWriter.serializeAsField(BeanPropertyWriter.java:732) ~[jackson-databind-2.18.4.jar:2.18.4]
	at com.fasterxml.jackson.databind.ser.std.BeanSerializerBase.serializeFields(BeanSerializerBase.java:770) ~[jackson-databind-2.18.4.jar:2.18.4]
	at com.fasterxml.jackson.databind.ser.BeanSerializer.serialize(BeanSerializer.java:184) ~[jackson-databind-2.18.4.jar:2.18.4]
	at com.fasterxml.jackson.databind.ser.BeanPropertyWriter.serializeAsField(BeanPropertyWriter.java:732) ~[jackson-databind-2.18.4.jar:2.18.4]
	at com.fasterxml.jackson.databind.ser.std.BeanSerializerBase.serializeFields(BeanSerializerBase.java:770) ~[jackson-databind-2.18.4.jar:2.18.4]
	at com.fasterxml.jackson.databind.ser.BeanSerializer.serialize(BeanSerializer.java:184) ~[jackson-databind-2.18.4.jar:2.18.4]
	at com.fasterxml.jackson.databind.ser.BeanPropertyWriter.serializeAsField(BeanPropertyWriter.java:732) ~[jackson-databind-2.18.4.jar:2.18.4]
	at com.fasterxml.jackson.databind.ser.std.BeanSerializerBase.serializeFields(BeanSerializerBase.java:770) ~[jackson-databind-2.18.4.jar:2.18.4]
	at com.fasterxml.jackson.databind.ser.BeanSerializer.serialize(BeanSerializer.java:184) ~[jackson-databind-2.18.4.jar:2.18.4]
	at com.fasterxml.jackson.databind.ser.BeanPropertyWriter.serializeAsField(BeanPropertyWriter.java:732) ~[jackson-databind-2.18.4.jar:2.18.4]
	at com.fasterxml.jackson.databind.ser.std.BeanSerializerBase.serializeFields(BeanSerializerBase.java:770) ~[jackson-databind-2.18.4.jar:2.18.4]
	at com.fasterxml.jackson.databind.ser.BeanSerializer.serialize(BeanSerializer.java:184) ~[jackson-databind-2.18.4.jar:2.18.4]
	at com.fasterxml.jackson.databind.ser.BeanPropertyWriter.serializeAsField(BeanPropertyWriter.java:732) ~[jackson-databind-2.18.4.jar:2.18.4]
	at com.fasterxml.jackson.databind.ser.std.BeanSerializerBase.serializeFields(BeanSerializerBase.java:770) ~[jackson-databind-2.18.4.jar:2.18.4]
	at com.fasterxml.jackson.databind.ser.BeanSerializer.serialize(BeanSerializer.java:184) ~[jackson-databind-2.18.4.jar:2.18.4]
	at com.fasterxml.jackson.databind.ser.BeanPropertyWriter.serializeAsField(BeanPropertyWriter.java:732) ~[jackson-databind-2.18.4.jar:2.18.4]
	at com.fasterxml.jackson.databind.ser.std.BeanSerializerBase.serializeFields(BeanSerializerBase.java:770) ~[jackson-databind-2.18.4.jar:2.18.4]
	at com.fasterxml.jackson.databind.ser.BeanSerializer.serialize(BeanSerializer.java:184) ~[jackson-databind-2.18.4.jar:2.18.4]
	at com.fasterxml.jackson.databind.ser.BeanPropertyWriter.serializeAsField(BeanPropertyWriter.java:732) ~[jackson-databind-2.18.4.jar:2.18.4]
	at com.fasterxml.jackson.databind.ser.std.BeanSerializerBase.serializeFields(BeanSerializerBase.java:770) ~[jackson-databind-2.18.4.jar:2.18.4]
	at com.fasterxml.jackson.databind.ser.BeanSerializer.serialize(BeanSerializer.java:184) ~[jackson-databind-2.18.4.jar:2.18.4]
	at com.fasterxml.jackson.databind.ser.BeanPropertyWriter.serializeAsField(BeanPropertyWriter.java:732) ~[jackson-databind-2.18.4.jar:2.18.4]
	at com.fasterxml.jackson.databind.ser.std.BeanSerializerBase.serializeFields(BeanSerializerBase.java:770) ~[jackson-databind-2.18.4.jar:2.18.4]
	at com.fasterxml.jackson.databind.ser.BeanSerializer.serialize(BeanSerializer.java:184) ~[jackson-databind-2.18.4.jar:2.18.4]
	at com.fasterxml.jackson.databind.ser.BeanPropertyWriter.serializeAsField(BeanPropertyWriter.java:732) ~[jackson-databind-2.18.4.jar:2.18.4]
	at com.fasterxml.jackson.databind.ser.std.BeanSerializerBase.serializeFields(BeanSerializerBase.java:770) ~[jackson-databind-2.18.4.jar:2.18.4]
	at com.fasterxml.jackson.databind.ser.BeanSerializer.serialize(BeanSerializer.java:184) ~[jackson-databind-2.18.4.jar:2.18.4]
	at com.fasterxml.jackson.databind.ser.BeanPropertyWriter.serializeAsField(BeanPropertyWriter.java:732) ~[jackson-databind-2.18.4.jar:2.18.4]
	at com.fasterxml.jackson.databind.ser.std.BeanSerializerBase.serializeFields(BeanSerializerBase.java:770) ~[jackson-databind-2.18.4.jar:2.18.4]
	at com.fasterxml.jackson.databind.ser.BeanSerializer.serialize(BeanSerializer.java:184) ~[jackson-databind-2.18.4.jar:2.18.4]
	at com.fasterxml.jackson.databind.ser.BeanPropertyWriter.serializeAsField(BeanPropertyWriter.java:732) ~[jackson-databind-2.18.4.jar:2.18.4]
	at com.fasterxml.jackson.databind.ser.std.BeanSerializerBase.serializeFields(BeanSerializerBase.java:770) ~[jackson-databind-2.18.4.jar:2.18.4]
	at com.fasterxml.jackson.databind.ser.BeanSerializer.serialize(BeanSerializer.java:184) ~[jackson-databind-2.18.4.jar:2.18.4]
	at com.fasterxml.jackson.databind.ser.BeanPropertyWriter.serializeAsField(BeanPropertyWriter.java:732) ~[jackson-databind-2.18.4.jar:2.18.4]
	at com.fasterxml.jackson.databind.ser.std.BeanSerializerBase.serializeFields(BeanSerializerBase.java:770) ~[jackson-databind-2.18.4.jar:2.18.4]
	at com.fasterxml.jackson.databind.ser.BeanSerializer.serialize(BeanSerializer.java:184) ~[jackson-databind-2.18.4.jar:2.18.4]
	at com.fasterxml.jackson.databind.ser.BeanPropertyWriter.serializeAsField(BeanPropertyWriter.java:732) ~[jackson-databind-2.18.4.jar:2.18.4]
	at com.fasterxml.jackson.databind.ser.std.BeanSerializerBase.serializeFields(BeanSerializerBase.java:770) ~[jackson-databind-2.18.4.jar:2.18.4]
	at com.fasterxml.jackson.databind.ser.BeanSerializer.serialize(BeanSerializer.java:184) ~[jackson-databind-2.18.4.jar:2.18.4]
	at com.fasterxml.jackson.databind.ser.BeanPropertyWriter.serializeAsField(BeanPropertyWriter.java:732) ~[jackson-databind-2.18.4.jar:2.18.4]
	at com.fasterxml.jackson.databind.ser.std.BeanSerializerBase.serializeFields(BeanSerializerBase.java:770) ~[jackson-databind-2.18.4.jar:2.18.4]
	at com.fasterxml.jackson.databind.ser.BeanSerializer.serialize(BeanSerializer.java:184) ~[jackson-databind-2.18.4.jar:2.18.4]
	at com.fasterxml.jackson.databind.ser.BeanPropertyWriter.serializeAsField(BeanPropertyWriter.java:732) ~[jackson-databind-2.18.4.jar:2.18.4]
	at com.fasterxml.jackson.databind.ser.std.BeanSerializerBase.serializeFields(BeanSerializerBase.java:770) ~[jackson-databind-2.18.4.jar:2.18.4]
	at com.fasterxml.jackson.databind.ser.BeanSerializer.serialize(BeanSerializer.java:184) ~[jackson-databind-2.18.4.jar:2.18.4]
	at com.fasterxml.jackson.databind.ser.BeanPropertyWriter.serializeAsField(BeanPropertyWriter.java:732) ~[jackson-databind-2.18.4.jar:2.18.4]
	at com.fasterxml.jackson.databind.ser.std.BeanSerializerBase.serializeFields(BeanSerializerBase.java:770) ~[jackson-databind-2.18.4.jar:2.18.4]
	at com.fasterxml.jackson.databind.ser.BeanSerializer.serialize(BeanSerializer.java:184) ~[jackson-databind-2.18.4.jar:2.18.4]
	at com.fasterxml.jackson.databind.ser.BeanPropertyWriter.serializeAsField(BeanPropertyWriter.java:732) ~[jackson-databind-2.18.4.jar:2.18.4]
	at com.fasterxml.jackson.databind.ser.std.BeanSerializerBase.serializeFields(BeanSerializerBase.java:770) ~[jackson-databind-2.18.4.jar:2.18.4]
	at com.fasterxml.jackson.databind.ser.BeanSerializer.serialize(BeanSerializer.java:184) ~[jackson-databind-2.18.4.jar:2.18.4]
	at com.fasterxml.jackson.databind.ser.BeanPropertyWriter.serializeAsField(BeanPropertyWriter.java:732) ~[jackson-databind-2.18.4.jar:2.18.4]
	at com.fasterxml.jackson.databind.ser.std.BeanSerializerBase.serializeFields(BeanSerializerBase.java:770) ~[jackson-databind-2.18.4.jar:2.18.4]
	at com.fasterxml.jackson.databind.ser.BeanSerializer.serialize(BeanSerializer.java:184) ~[jackson-databind-2.18.4.jar:2.18.4]
	at com.fasterxml.jackson.databind.ser.BeanPropertyWriter.serializeAsField(BeanPropertyWriter.java:732) ~[jackson-databind-2.18.4.jar:2.18.4]
	at com.fasterxml.jackson.databind.ser.std.BeanSerializerBase.serializeFields(BeanSerializerBase.java:770) ~[jackson-databind-2.18.4.jar:2.18.4]
	at com.fasterxml.jackson.databind.ser.BeanSerializer.serialize(BeanSerializer.java:184) ~[jackson-databind-2.18.4.jar:2.18.4]
	at com.fasterxml.jackson.databind.ser.BeanPropertyWriter.serializeAsField(BeanPropertyWriter.java:732) ~[jackson-databind-2.18.4.jar:2.18.4]
	at com.fasterxml.jackson.databind.ser.std.BeanSerializerBase.serializeFields(BeanSerializerBase.java:770) ~[jackson-databind-2.18.4.jar:2.18.4]
	at com.fasterxml.jackson.databind.ser.BeanSerializer.serialize(BeanSerializer.java:184) ~[jackson-databind-2.18.4.jar:2.18.4]
	at com.fasterxml.jackson.databind.ser.BeanPropertyWriter.serializeAsField(BeanPropertyWriter.java:732) ~[jackson-databind-2.18.4.jar:2.18.4]
	at com.fasterxml.jackson.databind.ser.std.BeanSerializerBase.serializeFields(BeanSerializerBase.java:770) ~[jackson-databind-2.18.4.jar:2.18.4]
	at com.fasterxml.jackson.databind.ser.BeanSerializer.serialize(BeanSerializer.java:184) ~[jackson-databind-2.18.4.jar:2.18.4]
	at com.fasterxml.jackson.databind.ser.BeanPropertyWriter.serializeAsField(BeanPropertyWriter.java:732) ~[jackson-databind-2.18.4.jar:2.18.4]
	at com.fasterxml.jackson.databind.ser.std.BeanSerializerBase.serializeFields(BeanSerializerBase.java:770) ~[jackson-databind-2.18.4.jar:2.18.4]
	at com.fasterxml.jackson.databind.ser.BeanSerializer.serialize(BeanSerializer.java:184) ~[jackson-databind-2.18.4.jar:2.18.4]
	at com.fasterxml.jackson.databind.ser.BeanPropertyWriter.serializeAsField(BeanPropertyWriter.java:732) ~[jackson-databind-2.18.4.jar:2.18.4]
	at com.fasterxml.jackson.databind.ser.std.BeanSerializerBase.serializeFields(BeanSerializerBase.java:770) ~[jackson-databind-2.18.4.jar:2.18.4]
	at com.fasterxml.jackson.databind.ser.BeanSerializer.serialize(BeanSerializer.java:184) ~[jackson-databind-2.18.4.jar:2.18.4]
	at com.fasterxml.jackson.databind.ser.BeanPropertyWriter.serializeAsField(BeanPropertyWriter.java:732) ~[jackson-databind-2.18.4.jar:2.18.4]
	at com.fasterxml.jackson.databind.ser.std.BeanSerializerBase.serializeFields(BeanSerializerBase.java:770) ~[jackson-databind-2.18.4.jar:2.18.4]
	at com.fasterxml.jackson.databind.ser.BeanSerializer.serialize(BeanSerializer.java:184) ~[jackson-databind-2.18.4.jar:2.18.4]
	at com.fasterxml.jackson.databind.ser.BeanPropertyWriter.serializeAsField(BeanPropertyWriter.java:732) ~[jackson-databind-2.18.4.jar:2.18.4]
	at com.fasterxml.jackson.databind.ser.std.BeanSerializerBase.serializeFields(BeanSerializerBase.java:770) ~[jackson-databind-2.18.4.jar:2.18.4]
	at com.fasterxml.jackson.databind.ser.BeanSerializer.serialize(BeanSerializer.java:184) ~[jackson-databind-2.18.4.jar:2.18.4]
	at com.fasterxml.jackson.databind.ser.BeanPropertyWriter.serializeAsField(BeanPropertyWriter.java:732) ~[jackson-databind-2.18.4.jar:2.18.4]
	at com.fasterxml.jackson.databind.ser.std.BeanSerializerBase.serializeFields(BeanSerializerBase.java:770) ~[jackson-databind-2.18.4.jar:2.18.4]
	at com.fasterxml.jackson.databind.ser.BeanSerializer.serialize(BeanSerializer.java:184) ~[jackson-databind-2.18.4.jar:2.18.4]
	at com.fasterxml.jackson.databind.ser.BeanPropertyWriter.serializeAsField(BeanPropertyWriter.java:732) ~[jackson-databind-2.18.4.jar:2.18.4]
	at com.fasterxml.jackson.databind.ser.std.BeanSerializerBase.serializeFields(BeanSerializerBase.java:770) ~[jackson-databind-2.18.4.jar:2.18.4]
	at com.fasterxml.jackson.databind.ser.BeanSerializer.serialize(BeanSerializer.java:184) ~[jackson-databind-2.18.4.jar:2.18.4]
	at com.fasterxml.jackson.databind.ser.BeanPropertyWriter.serializeAsField(BeanPropertyWriter.java:732) ~[jackson-databind-2.18.4.jar:2.18.4]
	at com.fasterxml.jackson.databind.ser.std.BeanSerializerBase.serializeFields(BeanSerializerBase.java:770) ~[jackson-databind-2.18.4.jar:2.18.4]
	at com.fasterxml.jackson.databind.ser.BeanSerializer.serialize(BeanSerializer.java:184) ~[jackson-databind-2.18.4.jar:2.18.4]
	at com.fasterxml.jackson.databind.ser.BeanPropertyWriter.serializeAsField(BeanPropertyWriter.java:732) ~[jackson-databind-2.18.4.jar:2.18.4]
	at com.fasterxml.jackson.databind.ser.std.BeanSerializerBase.serializeFields(BeanSerializerBase.java:770) ~[jackson-databind-2.18.4.jar:2.18.4]
	at com.fasterxml.jackson.databind.ser.BeanSerializer.serialize(BeanSerializer.java:184) ~[jackson-databind-2.18.4.jar:2.18.4]
	at com.fasterxml.jackson.databind.ser.BeanPropertyWriter.serializeAsField(BeanPropertyWriter.java:732) ~[jackson-databind-2.18.4.jar:2.18.4]
	at com.fasterxml.jackson.databind.ser.std.BeanSerializerBase.serializeFields(BeanSerializerBase.java:770) ~[jackson-databind-2.18.4.jar:2.18.4]
	at com.fasterxml.jackson.databind.ser.BeanSerializer.serialize(BeanSerializer.java:184) ~[jackson-databind-2.18.4.jar:2.18.4]
	at com.fasterxml.jackson.databind.ser.BeanPropertyWriter.serializeAsField(BeanPropertyWriter.java:732) ~[jackson-databind-2.18.4.jar:2.18.4]
	at com.fasterxml.jackson.databind.ser.std.BeanSerializerBase.serializeFields(BeanSerializerBase.java:770) ~[jackson-databind-2.18.4.jar:2.18.4]
	at com.fasterxml.jackson.databind.ser.BeanSerializer.serialize(BeanSerializer.java:184) ~[jackson-databind-2.18.4.jar:2.18.4]
	at com.fasterxml.jackson.databind.ser.BeanPropertyWriter.serializeAsField(BeanPropertyWriter.java:732) ~[jackson-databind-2.18.4.jar:2.18.4]
	at com.fasterxml.jackson.databind.ser.std.BeanSerializerBase.serializeFields(BeanSerializerBase.java:770) ~[jackson-databind-2.18.4.jar:2.18.4]
	at com.fasterxml.jackson.databind.ser.BeanSerializer.serialize(BeanSerializer.java:184) ~[jackson-databind-2.18.4.jar:2.18.4]
	at com.fasterxml.jackson.databind.ser.BeanPropertyWriter.serializeAsField(BeanPropertyWriter.java:732) ~[jackson-databind-2.18.4.jar:2.18.4]
	at com.fasterxml.jackson.databind.ser.std.BeanSerializerBase.serializeFields(BeanSerializerBase.java:770) ~[jackson-databind-2.18.4.jar:2.18.4]
	at com.fasterxml.jackson.databind.ser.BeanSerializer.serialize(BeanSerializer.java:184) ~[jackson-databind-2.18.4.jar:2.18.4]
	at com.fasterxml.jackson.databind.ser.BeanPropertyWriter.serializeAsField(BeanPropertyWriter.java:732) ~[jackson-databind-2.18.4.jar:2.18.4]
	at com.fasterxml.jackson.databind.ser.std.BeanSerializerBase.serializeFields(BeanSerializerBase.java:770) ~[jackson-databind-2.18.4.jar:2.18.4]
	at com.fasterxml.jackson.databind.ser.BeanSerializer.serialize(BeanSerializer.java:184) ~[jackson-databind-2.18.4.jar:2.18.4]
	at com.fasterxml.jackson.databind.ser.BeanPropertyWriter.serializeAsField(BeanPropertyWriter.java:732) ~[jackson-databind-2.18.4.jar:2.18.4]
	at com.fasterxml.jackson.databind.ser.std.BeanSerializerBase.serializeFields(BeanSerializerBase.java:770) ~[jackson-databind-2.18.4.jar:2.18.4]
	at com.fasterxml.jackson.databind.ser.BeanSerializer.serialize(BeanSerializer.java:184) ~[jackson-databind-2.18.4.jar:2.18.4]
	at com.fasterxml.jackson.databind.ser.BeanPropertyWriter.serializeAsField(BeanPropertyWriter.java:732) ~[jackson-databind-2.18.4.jar:2.18.4]
	at com.fasterxml.jackson.databind.ser.std.BeanSerializerBase.serializeFields(BeanSerializerBase.java:770) ~[jackson-databind-2.18.4.jar:2.18.4]
	at com.fasterxml.jackson.databind.ser.BeanSerializer.serialize(BeanSerializer.java:184) ~[jackson-databind-2.18.4.jar:2.18.4]
	at com.fasterxml.jackson.databind.ser.BeanPropertyWriter.serializeAsField(BeanPropertyWriter.java:732) ~[jackson-databind-2.18.4.jar:2.18.4]
	at com.fasterxml.jackson.databind.ser.std.BeanSerializerBase.serializeFields(BeanSerializerBase.java:770) ~[jackson-databind-2.18.4.jar:2.18.4]
	at com.fasterxml.jackson.databind.ser.BeanSerializer.serialize(BeanSerializer.java:184) ~[jackson-databind-2.18.4.jar:2.18.4]
	at com.fasterxml.jackson.databind.ser.BeanPropertyWriter.serializeAsField(BeanPropertyWriter.java:732) ~[jackson-databind-2.18.4.jar:2.18.4]
	at com.fasterxml.jackson.databind.ser.std.BeanSerializerBase.serializeFields(BeanSerializerBase.java:770) ~[jackson-databind-2.18.4.jar:2.18.4]
	at com.fasterxml.jackson.databind.ser.BeanSerializer.serialize(BeanSerializer.java:184) ~[jackson-databind-2.18.4.jar:2.18.4]
	at com.fasterxml.jackson.databind.ser.BeanPropertyWriter.serializeAsField(BeanPropertyWriter.java:732) ~[jackson-databind-2.18.4.jar:2.18.4]
	at com.fasterxml.jackson.databind.ser.std.BeanSerializerBase.serializeFields(BeanSerializerBase.java:770) ~[jackson-databind-2.18.4.jar:2.18.4]
	at com.fasterxml.jackson.databind.ser.BeanSerializer.serialize(BeanSerializer.java:184) ~[jackson-databind-2.18.4.jar:2.18.4]
	at com.fasterxml.jackson.databind.ser.BeanPropertyWriter.serializeAsField(BeanPropertyWriter.java:732) ~[jackson-databind-2.18.4.jar:2.18.4]
	at com.fasterxml.jackson.databind.ser.std.BeanSerializerBase.serializeFields(BeanSerializerBase.java:770) ~[jackson-databind-2.18.4.jar:2.18.4]
	at com.fasterxml.jackson.databind.ser.BeanSerializer.serialize(BeanSerializer.java:184) ~[jackson-databind-2.18.4.jar:2.18.4]
	at com.fasterxml.jackson.databind.ser.BeanPropertyWriter.serializeAsField(BeanPropertyWriter.java:732) ~[jackson-databind-2.18.4.jar:2.18.4]
	at com.fasterxml.jackson.databind.ser.std.BeanSerializerBase.serializeFields(BeanSerializerBase.java:770) ~[jackson-databind-2.18.4.jar:2.18.4]
	at com.fasterxml.jackson.databind.ser.BeanSerializer.serialize(BeanSerializer.java:184) ~[jackson-databind-2.18.4.jar:2.18.4]
	at com.fasterxml.jackson.databind.ser.BeanPropertyWriter.serializeAsField(BeanPropertyWriter.java:732) ~[jackson-databind-2.18.4.jar:2.18.4]
	at com.fasterxml.jackson.databind.ser.std.BeanSerializerBase.serializeFields(BeanSerializerBase.java:770) ~[jackson-databind-2.18.4.jar:2.18.4]
	at com.fasterxml.jackson.databind.ser.BeanSerializer.serialize(BeanSerializer.java:184) ~[jackson-databind-2.18.4.jar:2.18.4]
	at com.fasterxml.jackson.databind.ser.BeanPropertyWriter.serializeAsField(BeanPropertyWriter.java:732) ~[jackson-databind-2.18.4.jar:2.18.4]
	at com.fasterxml.jackson.databind.ser.std.BeanSerializerBase.serializeFields(BeanSerializerBase.java:770) ~[jackson-databind-2.18.4.jar:2.18.4]
	at com.fasterxml.jackson.databind.ser.BeanSerializer.serialize(BeanSerializer.java:184) ~[jackson-databind-2.18.4.jar:2.18.4]
	at com.fasterxml.jackson.databind.ser.BeanPropertyWriter.serializeAsField(BeanPropertyWriter.java:732) ~[jackson-databind-2.18.4.jar:2.18.4]
	at com.fasterxml.jackson.databind.ser.std.BeanSerializerBase.serializeFields(BeanSerializerBase.java:770) ~[jackson-databind-2.18.4.jar:2.18.4]
	at com.fasterxml.jackson.databind.ser.BeanSerializer.serialize(BeanSerializer.java:184) ~[jackson-databind-2.18.4.jar:2.18.4]
	at com.fasterxml.jackson.databind.ser.BeanPropertyWriter.serializeAsField(BeanPropertyWriter.java:732) ~[jackson-databind-2.18.4.jar:2.18.4]
	at com.fasterxml.jackson.databind.ser.std.BeanSerializerBase.serializeFields(BeanSerializerBase.java:770) ~[jackson-databind-2.18.4.jar:2.18.4]
	at com.fasterxml.jackson.databind.ser.BeanSerializer.serialize(BeanSerializer.java:184) ~[jackson-databind-2.18.4.jar:2.18.4]
	at com.fasterxml.jackson.databind.ser.BeanPropertyWriter.serializeAsField(BeanPropertyWriter.java:732) ~[jackson-databind-2.18.4.jar:2.18.4]
	at com.fasterxml.jackson.databind.ser.std.BeanSerializerBase.serializeFields(BeanSerializerBase.java:770) ~[jackson-databind-2.18.4.jar:2.18.4]
	at com.fasterxml.jackson.databind.ser.BeanSerializer.serialize(BeanSerializer.java:184) ~[jackson-databind-2.18.4.jar:2.18.4]
	at com.fasterxml.jackson.databind.ser.BeanPropertyWriter.serializeAsField(BeanPropertyWriter.java:732) ~[jackson-databind-2.18.4.jar:2.18.4]
	at com.fasterxml.jackson.databind.ser.std.BeanSerializerBase.serializeFields(BeanSerializerBase.java:770) ~[jackson-databind-2.18.4.jar:2.18.4]
	at com.fasterxml.jackson.databind.ser.BeanSerializer.serialize(BeanSerializer.java:184) ~[jackson-databind-2.18.4.jar:2.18.4]
	at com.fasterxml.jackson.databind.ser.BeanPropertyWriter.serializeAsField(BeanPropertyWriter.java:732) ~[jackson-databind-2.18.4.jar:2.18.4]
	at com.fasterxml.jackson.databind.ser.std.BeanSerializerBase.serializeFields(BeanSerializerBase.java:770) ~[jackson-databind-2.18.4.jar:2.18.4]
	at com.fasterxml.jackson.databind.ser.BeanSerializer.serialize(BeanSerializer.java:184) ~[jackson-databind-2.18.4.jar:2.18.4]
	at com.fasterxml.jackson.databind.ser.BeanPropertyWriter.serializeAsField(BeanPropertyWriter.java:732) ~[jackson-databind-2.18.4.jar:2.18.4]
	at com.fasterxml.jackson.databind.ser.std.BeanSerializerBase.serializeFields(BeanSerializerBase.java:770) ~[jackson-databind-2.18.4.jar:2.18.4]
	at com.fasterxml.jackson.databind.ser.BeanSerializer.serialize(BeanSerializer.java:184) ~[jackson-databind-2.18.4.jar:2.18.4]
	at com.fasterxml.jackson.databind.ser.BeanPropertyWriter.serializeAsField(BeanPropertyWriter.java:732) ~[jackson-databind-2.18.4.jar:2.18.4]
	at com.fasterxml.jackson.databind.ser.std.BeanSerializerBase.serializeFields(BeanSerializerBase.java:770) ~[jackson-databind-2.18.4.jar:2.18.4]
	at com.fasterxml.jackson.databind.ser.BeanSerializer.serialize(BeanSerializer.java:184) ~[jackson-databind-2.18.4.jar:2.18.4]
	at com.fasterxml.jackson.databind.ser.BeanPropertyWriter.serializeAsField(BeanPropertyWriter.java:732) ~[jackson-databind-2.18.4.jar:2.18.4]
	at com.fasterxml.jackson.databind.ser.std.BeanSerializerBase.serializeFields(BeanSerializerBase.java:770) ~[jackson-databind-2.18.4.jar:2.18.4]
	at com.fasterxml.jackson.databind.ser.BeanSerializer.serialize(BeanSerializer.java:184) ~[jackson-databind-2.18.4.jar:2.18.4]
	at com.fasterxml.jackson.databind.ser.BeanPropertyWriter.serializeAsField(BeanPropertyWriter.java:732) ~[jackson-databind-2.18.4.jar:2.18.4]
	at com.fasterxml.jackson.databind.ser.std.BeanSerializerBase.serializeFields(BeanSerializerBase.java:770) ~[jackson-databind-2.18.4.jar:2.18.4]
	at com.fasterxml.jackson.databind.ser.BeanSerializer.serialize(BeanSerializer.java:184) ~[jackson-databind-2.18.4.jar:2.18.4]
	at com.fasterxml.jackson.databind.ser.BeanPropertyWriter.serializeAsField(BeanPropertyWriter.java:732) ~[jackson-databind-2.18.4.jar:2.18.4]
	at com.fasterxml.jackson.databind.ser.std.BeanSerializerBase.serializeFields(BeanSerializerBase.java:770) ~[jackson-databind-2.18.4.jar:2.18.4]
	at com.fasterxml.jackson.databind.ser.BeanSerializer.serialize(BeanSerializer.java:184) ~[jackson-databind-2.18.4.jar:2.18.4]
	at com.fasterxml.jackson.databind.ser.BeanPropertyWriter.serializeAsField(BeanPropertyWriter.java:732) ~[jackson-databind-2.18.4.jar:2.18.4]
	at com.fasterxml.jackson.databind.ser.std.BeanSerializerBase.serializeFields(BeanSerializerBase.java:770) ~[jackson-databind-2.18.4.jar:2.18.4]
	at com.fasterxml.jackson.databind.ser.BeanSerializer.serialize(BeanSerializer.java:184) ~[jackson-databind-2.18.4.jar:2.18.4]
	at com.fasterxml.jackson.databind.ser.BeanPropertyWriter.serializeAsField(BeanPropertyWriter.java:732) ~[jackson-databind-2.18.4.jar:2.18.4]
	at com.fasterxml.jackson.databind.ser.std.BeanSerializerBase.serializeFields(BeanSerializerBase.java:770) ~[jackson-databind-2.18.4.jar:2.18.4]
	at com.fasterxml.jackson.databind.ser.BeanSerializer.serialize(BeanSerializer.java:184) ~[jackson-databind-2.18.4.jar:2.18.4]
	at com.fasterxml.jackson.databind.ser.BeanPropertyWriter.serializeAsField(BeanPropertyWriter.java:732) ~[jackson-databind-2.18.4.jar:2.18.4]
	at com.fasterxml.jackson.databind.ser.std.BeanSerializerBase.serializeFields(BeanSerializerBase.java:770) ~[jackson-databind-2.18.4.jar:2.18.4]
	at com.fasterxml.jackson.databind.ser.BeanSerializer.serialize(BeanSerializer.java:184) ~[jackson-databind-2.18.4.jar:2.18.4]
	at com.fasterxml.jackson.databind.ser.BeanPropertyWriter.serializeAsField(BeanPropertyWriter.java:732) ~[jackson-databind-2.18.4.jar:2.18.4]
	at com.fasterxml.jackson.databind.ser.std.BeanSerializerBase.serializeFields(BeanSerializerBase.java:770) ~[jackson-databind-2.18.4.jar:2.18.4]
	at com.fasterxml.jackson.databind.ser.BeanSerializer.serialize(BeanSerializer.java:184) ~[jackson-databind-2.18.4.jar:2.18.4]
	at com.fasterxml.jackson.databind.ser.BeanPropertyWriter.serializeAsField(BeanPropertyWriter.java:732) ~[jackson-databind-2.18.4.jar:2.18.4]
	at com.fasterxml.jackson.databind.ser.std.BeanSerializerBase.serializeFields(BeanSerializerBase.java:770) ~[jackson-databind-2.18.4.jar:2.18.4]
	at com.fasterxml.jackson.databind.ser.BeanSerializer.serialize(BeanSerializer.java:184) ~[jackson-databind-2.18.4.jar:2.18.4]
	at com.fasterxml.jackson.databind.ser.BeanPropertyWriter.serializeAsField(BeanPropertyWriter.java:732) ~[jackson-databind-2.18.4.jar:2.18.4]
	at com.fasterxml.jackson.databind.ser.std.BeanSerializerBase.serializeFields(BeanSerializerBase.java:770) ~[jackson-databind-2.18.4.jar:2.18.4]
	at com.fasterxml.jackson.databind.ser.BeanSerializer.serialize(BeanSerializer.java:184) ~[jackson-databind-2.18.4.jar:2.18.4]
	at com.fasterxml.jackson.databind.ser.BeanPropertyWriter.serializeAsField(BeanPropertyWriter.java:732) ~[jackson-databind-2.18.4.jar:2.18.4]
	at com.fasterxml.jackson.databind.ser.std.BeanSerializerBase.serializeFields(BeanSerializerBase.java:770) ~[jackson-databind-2.18.4.jar:2.18.4]
	at com.fasterxml.jackson.databind.ser.BeanSerializer.serialize(BeanSerializer.java:184) ~[jackson-databind-2.18.4.jar:2.18.4]
	at com.fasterxml.jackson.databind.ser.BeanPropertyWriter.serializeAsField(BeanPropertyWriter.java:732) ~[jackson-databind-2.18.4.jar:2.18.4]
	at com.fasterxml.jackson.databind.ser.std.BeanSerializerBase.serializeFields(BeanSerializerBase.java:770) ~[jackson-databind-2.18.4.jar:2.18.4]
	at com.fasterxml.jackson.databind.ser.BeanSerializer.serialize(BeanSerializer.java:184) ~[jackson-databind-2.18.4.jar:2.18.4]
	at com.fasterxml.jackson.databind.ser.BeanPropertyWriter.serializeAsField(BeanPropertyWriter.java:732) ~[jackson-databind-2.18.4.jar:2.18.4]
	at com.fasterxml.jackson.databind.ser.std.BeanSerializerBase.serializeFields(BeanSerializerBase.java:770) ~[jackson-databind-2.18.4.jar:2.18.4]
	at com.fasterxml.jackson.databind.ser.BeanSerializer.serialize(BeanSerializer.java:184) ~[jackson-databind-2.18.4.jar:2.18.4]
	at com.fasterxml.jackson.databind.ser.BeanPropertyWriter.serializeAsField(BeanPropertyWriter.java:732) ~[jackson-databind-2.18.4.jar:2.18.4]
	at com.fasterxml.jackson.databind.ser.std.BeanSerializerBase.serializeFields(BeanSerializerBase.java:770) ~[jackson-databind-2.18.4.jar:2.18.4]
	at com.fasterxml.jackson.databind.ser.BeanSerializer.serialize(BeanSerializer.java:184) ~[jackson-databind-2.18.4.jar:2.18.4]
	at com.fasterxml.jackson.databind.ser.BeanPropertyWriter.serializeAsField(BeanPropertyWriter.java:732) ~[jackson-databind-2.18.4.jar:2.18.4]
	at com.fasterxml.jackson.databind.ser.std.BeanSerializerBase.serializeFields(BeanSerializerBase.java:770) ~[jackson-databind-2.18.4.jar:2.18.4]
	at com.fasterxml.jackson.databind.ser.BeanSerializer.serialize(BeanSerializer.java:184) ~[jackson-databind-2.18.4.jar:2.18.4]
	at com.fasterxml.jackson.databind.ser.BeanPropertyWriter.serializeAsField(BeanPropertyWriter.java:732) ~[jackson-databind-2.18.4.jar:2.18.4]
	at com.fasterxml.jackson.databind.ser.std.BeanSerializerBase.serializeFields(BeanSerializerBase.java:770) ~[jackson-databind-2.18.4.jar:2.18.4]
	at com.fasterxml.jackson.databind.ser.BeanSerializer.serialize(BeanSerializer.java:184) ~[jackson-databind-2.18.4.jar:2.18.4]
	at com.fasterxml.jackson.databind.ser.BeanPropertyWriter.serializeAsField(BeanPropertyWriter.java:732) ~[jackson-databind-2.18.4.jar:2.18.4]
	at com.fasterxml.jackson.databind.ser.std.BeanSerializerBase.serializeFields(BeanSerializerBase.java:770) ~[jackson-databind-2.18.4.jar:2.18.4]
	at com.fasterxml.jackson.databind.ser.BeanSerializer.serialize(BeanSerializer.java:184) ~[jackson-databind-2.18.4.jar:2.18.4]
	at com.fasterxml.jackson.databind.ser.BeanPropertyWriter.serializeAsField(BeanPropertyWriter.java:732) ~[jackson-databind-2.18.4.jar:2.18.4]
	at com.fasterxml.jackson.databind.ser.std.BeanSerializerBase.serializeFields(BeanSerializerBase.java:770) ~[jackson-databind-2.18.4.jar:2.18.4]
	at com.fasterxml.jackson.databind.ser.BeanSerializer.serialize(BeanSerializer.java:184) ~[jackson-databind-2.18.4.jar:2.18.4]
	at com.fasterxml.jackson.databind.ser.BeanPropertyWriter.serializeAsField(BeanPropertyWriter.java:732) ~[jackson-databind-2.18.4.jar:2.18.4]
	at com.fasterxml.jackson.databind.ser.std.BeanSerializerBase.serializeFields(BeanSerializerBase.java:770) ~[jackson-databind-2.18.4.jar:2.18.4]
	at com.fasterxml.jackson.databind.ser.BeanSerializer.serialize(BeanSerializer.java:184) ~[jackson-databind-2.18.4.jar:2.18.4]
	at com.fasterxml.jackson.databind.ser.BeanPropertyWriter.serializeAsField(BeanPropertyWriter.java:732) ~[jackson-databind-2.18.4.jar:2.18.4]
	at com.fasterxml.jackson.databind.ser.std.BeanSerializerBase.serializeFields(BeanSerializerBase.java:770) ~[jackson-databind-2.18.4.jar:2.18.4]
	at com.fasterxml.jackson.databind.ser.BeanSerializer.serialize(BeanSerializer.java:184) ~[jackson-databind-2.18.4.jar:2.18.4]
	at com.fasterxml.jackson.databind.ser.BeanPropertyWriter.serializeAsField(BeanPropertyWriter.java:732) ~[jackson-databind-2.18.4.jar:2.18.4]
	at com.fasterxml.jackson.databind.ser.std.BeanSerializerBase.serializeFields(BeanSerializerBase.java:770) ~[jackson-databind-2.18.4.jar:2.18.4]
	at com.fasterxml.jackson.databind.ser.BeanSerializer.serialize(BeanSerializer.java:184) ~[jackson-databind-2.18.4.jar:2.18.4]
	at com.fasterxml.jackson.databind.ser.BeanPropertyWriter.serializeAsField(BeanPropertyWriter.java:732) ~[jackson-databind-2.18.4.jar:2.18.4]
	at com.fasterxml.jackson.databind.ser.std.BeanSerializerBase.serializeFields(BeanSerializerBase.java:770) ~[jackson-databind-2.18.4.jar:2.18.4]
	at com.fasterxml.jackson.databind.ser.BeanSerializer.serialize(BeanSerializer.java:184) ~[jackson-databind-2.18.4.jar:2.18.4]
	at com.fasterxml.jackson.databind.ser.BeanPropertyWriter.serializeAsField(BeanPropertyWriter.java:732) ~[jackson-databind-2.18.4.jar:2.18.4]
	at com.fasterxml.jackson.databind.ser.std.BeanSerializerBase.serializeFields(BeanSerializerBase.java:770) ~[jackson-databind-2.18.4.jar:2.18.4]
	at com.fasterxml.jackson.databind.ser.BeanSerializer.serialize(BeanSerializer.java:184) ~[jackson-databind-2.18.4.jar:2.18.4]
	at com.fasterxml.jackson.databind.ser.BeanPropertyWriter.serializeAsField(BeanPropertyWriter.java:732) ~[jackson-databind-2.18.4.jar:2.18.4]
	at com.fasterxml.jackson.databind.ser.std.BeanSerializerBase.serializeFields(BeanSerializerBase.java:770) ~[jackson-databind-2.18.4.jar:2.18.4]
	at com.fasterxml.jackson.databind.ser.BeanSerializer.serialize(BeanSerializer.java:184) ~[jackson-databind-2.18.4.jar:2.18.4]
	at com.fasterxml.jackson.databind.ser.BeanPropertyWriter.serializeAsField(BeanPropertyWriter.java:732) ~[jackson-databind-2.18.4.jar:2.18.4]
	at com.fasterxml.jackson.databind.ser.std.BeanSerializerBase.serializeFields(BeanSerializerBase.java:770) ~[jackson-databind-2.18.4.jar:2.18.4]
	at com.fasterxml.jackson.databind.ser.BeanSerializer.serialize(BeanSerializer.java:184) ~[jackson-databind-2.18.4.jar:2.18.4]
	at com.fasterxml.jackson.databind.ser.BeanPropertyWriter.serializeAsField(BeanPropertyWriter.java:732) ~[jackson-databind-2.18.4.jar:2.18.4]
	at com.fasterxml.jackson.databind.ser.std.BeanSerializerBase.serializeFields(BeanSerializerBase.java:770) ~[jackson-databind-2.18.4.jar:2.18.4]
	at com.fasterxml.jackson.databind.ser.BeanSerializer.serialize(BeanSerializer.java:184) ~[jackson-databind-2.18.4.jar:2.18.4]
	at com.fasterxml.jackson.databind.ser.BeanPropertyWriter.serializeAsField(BeanPropertyWriter.java:732) ~[jackson-databind-2.18.4.jar:2.18.4]
	at com.fasterxml.jackson.databind.ser.std.BeanSerializerBase.serializeFields(BeanSerializerBase.java:770) ~[jackson-databind-2.18.4.jar:2.18.4]
	at com.fasterxml.jackson.databind.ser.BeanSerializer.serialize(BeanSerializer.java:184) ~[jackson-databind-2.18.4.jar:2.18.4]
	at com.fasterxml.jackson.databind.ser.BeanPropertyWriter.serializeAsField(BeanPropertyWriter.java:732) ~[jackson-databind-2.18.4.jar:2.18.4]
	at com.fasterxml.jackson.databind.ser.std.BeanSerializerBase.serializeFields(BeanSerializerBase.java:770) ~[jackson-databind-2.18.4.jar:2.18.4]
	at com.fasterxml.jackson.databind.ser.BeanSerializer.serialize(BeanSerializer.java:184) ~[jackson-databind-2.18.4.jar:2.18.4]
	at com.fasterxml.jackson.databind.ser.BeanPropertyWriter.serializeAsField(BeanPropertyWriter.java:732) ~[jackson-databind-2.18.4.jar:2.18.4]
	at com.fasterxml.jackson.databind.ser.std.BeanSerializerBase.serializeFields(BeanSerializerBase.java:770) ~[jackson-databind-2.18.4.jar:2.18.4]
	at com.fasterxml.jackson.databind.ser.BeanSerializer.serialize(BeanSerializer.java:184) ~[jackson-databind-2.18.4.jar:2.18.4]
	at com.fasterxml.jackson.databind.ser.BeanPropertyWriter.serializeAsField(BeanPropertyWriter.java:732) ~[jackson-databind-2.18.4.jar:2.18.4]
	at com.fasterxml.jackson.databind.ser.std.BeanSerializerBase.serializeFields(BeanSerializerBase.java:770) ~[jackson-databind-2.18.4.jar:2.18.4]
	at com.fasterxml.jackson.databind.ser.BeanSerializer.serialize(BeanSerializer.java:184) ~[jackson-databind-2.18.4.jar:2.18.4]
	at com.fasterxml.jackson.databind.ser.BeanPropertyWriter.serializeAsField(BeanPropertyWriter.java:732) ~[jackson-databind-2.18.4.jar:2.18.4]
	at com.fasterxml.jackson.databind.ser.std.BeanSerializerBase.serializeFields(BeanSerializerBase.java:770) ~[jackson-databind-2.18.4.jar:2.18.4]
	at com.fasterxml.jackson.databind.ser.BeanSerializer.serialize(BeanSerializer.java:184) ~[jackson-databind-2.18.4.jar:2.18.4]
	at com.fasterxml.jackson.databind.ser.BeanPropertyWriter.serializeAsField(BeanPropertyWriter.java:732) ~[jackson-databind-2.18.4.jar:2.18.4]
	at com.fasterxml.jackson.databind.ser.std.BeanSerializerBase.serializeFields(BeanSerializerBase.java:770) ~[jackson-databind-2.18.4.jar:2.18.4]
	at com.fasterxml.jackson.databind.ser.BeanSerializer.serialize(BeanSerializer.java:184) ~[jackson-databind-2.18.4.jar:2.18.4]
	at com.fasterxml.jackson.databind.ser.BeanPropertyWriter.serializeAsField(BeanPropertyWriter.java:732) ~[jackson-databind-2.18.4.jar:2.18.4]
	at com.fasterxml.jackson.databind.ser.std.BeanSerializerBase.serializeFields(BeanSerializerBase.java:770) ~[jackson-databind-2.18.4.jar:2.18.4]
	at com.fasterxml.jackson.databind.ser.BeanSerializer.serialize(BeanSerializer.java:184) ~[jackson-databind-2.18.4.jar:2.18.4]
	at com.fasterxml.jackson.databind.ser.BeanPropertyWriter.serializeAsField(BeanPropertyWriter.java:732) ~[jackson-databind-2.18.4.jar:2.18.4]
	at com.fasterxml.jackson.databind.ser.std.BeanSerializerBase.serializeFields(BeanSerializerBase.java:770) ~[jackson-databind-2.18.4.jar:2.18.4]
	at com.fasterxml.jackson.databind.ser.BeanSerializer.serialize(BeanSerializer.java:184) ~[jackson-databind-2.18.4.jar:2.18.4]
	at com.fasterxml.jackson.databind.ser.BeanPropertyWriter.serializeAsField(BeanPropertyWriter.java:732) ~[jackson-databind-2.18.4.jar:2.18.4]
	at com.fasterxml.jackson.databind.ser.std.BeanSerializerBase.serializeFields(BeanSerializerBase.java:770) ~[jackson-databind-2.18.4.jar:2.18.4]
	at com.fasterxml.jackson.databind.ser.BeanSerializer.serialize(BeanSerializer.java:184) ~[jackson-databind-2.18.4.jar:2.18.4]
	at com.fasterxml.jackson.databind.ser.BeanPropertyWriter.serializeAsField(BeanPropertyWriter.java:732) ~[jackson-databind-2.18.4.jar:2.18.4]
	at com.fasterxml.jackson.databind.ser.std.BeanSerializerBase.serializeFields(BeanSerializerBase.java:770) ~[jackson-databind-2.18.4.jar:2.18.4]
	at com.fasterxml.jackson.databind.ser.BeanSerializer.serialize(BeanSerializer.java:184) ~[jackson-databind-2.18.4.jar:2.18.4]
	at com.fasterxml.jackson.databind.ser.BeanPropertyWriter.serializeAsField(BeanPropertyWriter.java:732) ~[jackson-databind-2.18.4.jar:2.18.4]
	at com.fasterxml.jackson.databind.ser.std.BeanSerializerBase.serializeFields(BeanSerializerBase.java:770) ~[jackson-databind-2.18.4.jar:2.18.4]
	at com.fasterxml.jackson.databind.ser.BeanSerializer.serialize(BeanSerializer.java:184) ~[jackson-databind-2.18.4.jar:2.18.4]
	at com.fasterxml.jackson.databind.ser.BeanPropertyWriter.serializeAsField(BeanPropertyWriter.java:732) ~[jackson-databind-2.18.4.jar:2.18.4]
	at com.fasterxml.jackson.databind.ser.std.BeanSerializerBase.serializeFields(BeanSerializerBase.java:770) ~[jackson-databind-2.18.4.jar:2.18.4]
	at com.fasterxml.jackson.databind.ser.BeanSerializer.serialize(BeanSerializer.java:184) ~[jackson-databind-2.18.4.jar:2.18.4]
	at com.fasterxml.jackson.databind.ser.BeanPropertyWriter.serializeAsField(BeanPropertyWriter.java:732) ~[jackson-databind-2.18.4.jar:2.18.4]
	at com.fasterxml.jackson.databind.ser.std.BeanSerializerBase.serializeFields(BeanSerializerBase.java:770) ~[jackson-databind-2.18.4.jar:2.18.4]
	at com.fasterxml.jackson.databind.ser.BeanSerializer.serialize(BeanSerializer.java:184) ~[jackson-databind-2.18.4.jar:2.18.4]
	at com.fasterxml.jackson.databind.ser.BeanPropertyWriter.serializeAsField(BeanPropertyWriter.java:732) ~[jackson-databind-2.18.4.jar:2.18.4]
	at com.fasterxml.jackson.databind.ser.std.BeanSerializerBase.serializeFields(BeanSerializerBase.java:770) ~[jackson-databind-2.18.4.jar:2.18.4]
	at com.fasterxml.jackson.databind.ser.BeanSerializer.serialize(BeanSerializer.java:184) ~[jackson-databind-2.18.4.jar:2.18.4]
	at com.fasterxml.jackson.databind.ser.BeanPropertyWriter.serializeAsField(BeanPropertyWriter.java:732) ~[jackson-databind-2.18.4.jar:2.18.4]
	at com.fasterxml.jackson.databind.ser.std.BeanSerializerBase.serializeFields(BeanSerializerBase.java:770) ~[jackson-databind-2.18.4.jar:2.18.4]
	at com.fasterxml.jackson.databind.ser.BeanSerializer.serialize(BeanSerializer.java:184) ~[jackson-databind-2.18.4.jar:2.18.4]
	at com.fasterxml.jackson.databind.ser.BeanPropertyWriter.serializeAsField(BeanPropertyWriter.java:732) ~[jackson-databind-2.18.4.jar:2.18.4]
	at com.fasterxml.jackson.databind.ser.std.BeanSerializerBase.serializeFields(BeanSerializerBase.java:770) ~[jackson-databind-2.18.4.jar:2.18.4]
	at com.fasterxml.jackson.databind.ser.BeanSerializer.serialize(BeanSerializer.java:184) ~[jackson-databind-2.18.4.jar:2.18.4]
	at com.fasterxml.jackson.databind.ser.BeanPropertyWriter.serializeAsField(BeanPropertyWriter.java:732) ~[jackson-databind-2.18.4.jar:2.18.4]
	at com.fasterxml.jackson.databind.ser.std.BeanSerializerBase.serializeFields(BeanSerializerBase.java:770) ~[jackson-databind-2.18.4.jar:2.18.4]
	at com.fasterxml.jackson.databind.ser.BeanSerializer.serialize(BeanSerializer.java:184) ~[jackson-databind-2.18.4.jar:2.18.4]
	at com.fasterxml.jackson.databind.ser.BeanPropertyWriter.serializeAsField(BeanPropertyWriter.java:732) ~[jackson-databind-2.18.4.jar:2.18.4]
	at com.fasterxml.jackson.databind.ser.std.BeanSerializerBase.serializeFields(BeanSerializerBase.java:770) ~[jackson-databind-2.18.4.jar:2.18.4]
	at com.fasterxml.jackson.databind.ser.BeanSerializer.serialize(BeanSerializer.java:184) ~[jackson-databind-2.18.4.jar:2.18.4]
	at com.fasterxml.jackson.databind.ser.BeanPropertyWriter.serializeAsField(BeanPropertyWriter.java:732) ~[jackson-databind-2.18.4.jar:2.18.4]
	at com.fasterxml.jackson.databind.ser.std.BeanSerializerBase.serializeFields(BeanSerializerBase.java:770) ~[jackson-databind-2.18.4.jar:2.18.4]
	at com.fasterxml.jackson.databind.ser.BeanSerializer.serialize(BeanSerializer.java:184) ~[jackson-databind-2.18.4.jar:2.18.4]
	at com.fasterxml.jackson.databind.ser.BeanPropertyWriter.serializeAsField(BeanPropertyWriter.java:732) ~[jackson-databind-2.18.4.jar:2.18.4]
	at com.fasterxml.jackson.databind.ser.std.BeanSerializerBase.serializeFields(BeanSerializerBase.java:770) ~[jackson-databind-2.18.4.jar:2.18.4]
	at com.fasterxml.jackson.databind.ser.BeanSerializer.serialize(BeanSerializer.java:184) ~[jackson-databind-2.18.4.jar:2.18.4]
	at com.fasterxml.jackson.databind.ser.BeanPropertyWriter.serializeAsField(BeanPropertyWriter.java:732) ~[jackson-databind-2.18.4.jar:2.18.4]
	at com.fasterxml.jackson.databind.ser.std.BeanSerializerBase.serializeFields(BeanSerializerBase.java:770) ~[jackson-databind-2.18.4.jar:2.18.4]
	at com.fasterxml.jackson.databind.ser.BeanSerializer.serialize(BeanSerializer.java:184) ~[jackson-databind-2.18.4.jar:2.18.4]
	at com.fasterxml.jackson.databind.ser.BeanPropertyWriter.serializeAsField(BeanPropertyWriter.java:732) ~[jackson-databind-2.18.4.jar:2.18.4]
	at com.fasterxml.jackson.databind.ser.std.BeanSerializerBase.serializeFields(BeanSerializerBase.java:770) ~[jackson-databind-2.18.4.jar:2.18.4]
	at com.fasterxml.jackson.databind.ser.BeanSerializer.serialize(BeanSerializer.java:184) ~[jackson-databind-2.18.4.jar:2.18.4]
	at com.fasterxml.jackson.databind.ser.BeanPropertyWriter.serializeAsField(BeanPropertyWriter.java:732) ~[jackson-databind-2.18.4.jar:2.18.4]
	at com.fasterxml.jackson.databind.ser.std.BeanSerializerBase.serializeFields(BeanSerializerBase.java:770) ~[jackson-databind-2.18.4.jar:2.18.4]
	at com.fasterxml.jackson.databind.ser.BeanSerializer.serialize(BeanSerializer.java:184) ~[jackson-databind-2.18.4.jar:2.18.4]
	at com.fasterxml.jackson.databind.ser.BeanPropertyWriter.serializeAsField(BeanPropertyWriter.java:732) ~[jackson-databind-2.18.4.jar:2.18.4]
	at com.fasterxml.jackson.databind.ser.std.BeanSerializerBase.serializeFields(BeanSerializerBase.java:770) ~[jackson-databind-2.18.4.jar:2.18.4]
	at com.fasterxml.jackson.databind.ser.BeanSerializer.serialize(BeanSerializer.java:184) ~[jackson-databind-2.18.4.jar:2.18.4]
	at com.fasterxml.jackson.databind.ser.BeanPropertyWriter.serializeAsField(BeanPropertyWriter.java:732) ~[jackson-databind-2.18.4.jar:2.18.4]
	at com.fasterxml.jackson.databind.ser.std.BeanSerializerBase.serializeFields(BeanSerializerBase.java:770) ~[jackson-databind-2.18.4.jar:2.18.4]
	at com.fasterxml.jackson.databind.ser.BeanSerializer.serialize(BeanSerializer.java:184) ~[jackson-databind-2.18.4.jar:2.18.4]
	at com.fasterxml.jackson.databind.ser.BeanPropertyWriter.serializeAsField(BeanPropertyWriter.java:732) ~[jackson-databind-2.18.4.jar:2.18.4]
	at com.fasterxml.jackson.databind.ser.std.BeanSerializerBase.serializeFields(BeanSerializerBase.java:770) ~[jackson-databind-2.18.4.jar:2.18.4]
	at com.fasterxml.jackson.databind.ser.BeanSerializer.serialize(BeanSerializer.java:184) ~[jackson-databind-2.18.4.jar:2.18.4]
	at com.fasterxml.jackson.databind.ser.BeanPropertyWriter.serializeAsField(BeanPropertyWriter.java:732) ~[jackson-databind-2.18.4.jar:2.18.4]
	at com.fasterxml.jackson.databind.ser.std.BeanSerializerBase.serializeFields(BeanSerializerBase.java:770) ~[jackson-databind-2.18.4.jar:2.18.4]
	at com.fasterxml.jackson.databind.ser.BeanSerializer.serialize(BeanSerializer.java:184) ~[jackson-databind-2.18.4.jar:2.18.4]
	at com.fasterxml.jackson.databind.ser.BeanPropertyWriter.serializeAsField(BeanPropertyWriter.java:732) ~[jackson-databind-2.18.4.jar:2.18.4]
	at com.fasterxml.jackson.databind.ser.std.BeanSerializerBase.serializeFields(BeanSerializerBase.java:770) ~[jackson-databind-2.18.4.jar:2.18.4]
	at com.fasterxml.jackson.databind.ser.BeanSerializer.serialize(BeanSerializer.java:184) ~[jackson-databind-2.18.4.jar:2.18.4]
	at com.fasterxml.jackson.databind.ser.BeanPropertyWriter.serializeAsField(BeanPropertyWriter.java:732) ~[jackson-databind-2.18.4.jar:2.18.4]
	at com.fasterxml.jackson.databind.ser.std.BeanSerializerBase.serializeFields(BeanSerializerBase.java:770) ~[jackson-databind-2.18.4.jar:2.18.4]
	at com.fasterxml.jackson.databind.ser.BeanSerializer.serialize(BeanSerializer.java:184) ~[jackson-databind-2.18.4.jar:2.18.4]
	at com.fasterxml.jackson.databind.ser.BeanPropertyWriter.serializeAsField(BeanPropertyWriter.java:732) ~[jackson-databind-2.18.4.jar:2.18.4]
	at com.fasterxml.jackson.databind.ser.std.BeanSerializerBase.serializeFields(BeanSerializerBase.java:770) ~[jackson-databind-2.18.4.jar:2.18.4]
	at com.fasterxml.jackson.databind.ser.BeanSerializer.serialize(BeanSerializer.java:184) ~[jackson-databind-2.18.4.jar:2.18.4]
	at com.fasterxml.jackson.databind.ser.BeanPropertyWriter.serializeAsField(BeanPropertyWriter.java:732) ~[jackson-databind-2.18.4.jar:2.18.4]
	at com.fasterxml.jackson.databind.ser.std.BeanSerializerBase.serializeFields(BeanSerializerBase.java:770) ~[jackson-databind-2.18.4.jar:2.18.4]
	at com.fasterxml.jackson.databind.ser.BeanSerializer.serialize(BeanSerializer.java:184) ~[jackson-databind-2.18.4.jar:2.18.4]
	at com.fasterxml.jackson.databind.ser.BeanPropertyWriter.serializeAsField(BeanPropertyWriter.java:732) ~[jackson-databind-2.18.4.jar:2.18.4]
	at com.fasterxml.jackson.databind.ser.std.BeanSerializerBase.serializeFields(BeanSerializerBase.java:770) ~[jackson-databind-2.18.4.jar:2.18.4]
	at com.fasterxml.jackson.databind.ser.BeanSerializer.serialize(BeanSerializer.java:184) ~[jackson-databind-2.18.4.jar:2.18.4]
	at com.fasterxml.jackson.databind.ser.BeanPropertyWriter.serializeAsField(BeanPropertyWriter.java:732) ~[jackson-databind-2.18.4.jar:2.18.4]
	at com.fasterxml.jackson.databind.ser.std.BeanSerializerBase.serializeFields(BeanSerializerBase.java:770) ~[jackson-databind-2.18.4.jar:2.18.4]
	at com.fasterxml.jackson.databind.ser.BeanSerializer.serialize(BeanSerializer.java:184) ~[jackson-databind-2.18.4.jar:2.18.4]
	at com.fasterxml.jackson.databind.ser.BeanPropertyWriter.serializeAsField(BeanPropertyWriter.java:732) ~[jackson-databind-2.18.4.jar:2.18.4]
	at com.fasterxml.jackson.databind.ser.std.BeanSerializerBase.serializeFields(BeanSerializerBase.java:770) ~[jackson-databind-2.18.4.jar:2.18.4]
	at com.fasterxml.jackson.databind.ser.BeanSerializer.serialize(BeanSerializer.java:184) ~[jackson-databind-2.18.4.jar:2.18.4]
	at com.fasterxml.jackson.databind.ser.BeanPropertyWriter.serializeAsField(BeanPropertyWriter.java:732) ~[jackson-databind-2.18.4.jar:2.18.4]
	at com.fasterxml.jackson.databind.ser.std.BeanSerializerBase.serializeFields(BeanSerializerBase.java:770) ~[jackson-databind-2.18.4.jar:2.18.4]
	at com.fasterxml.jackson.databind.ser.BeanSerializer.serialize(BeanSerializer.java:184) ~[jackson-databind-2.18.4.jar:2.18.4]
	at com.fasterxml.jackson.databind.ser.BeanPropertyWriter.serializeAsField(BeanPropertyWriter.java:732) ~[jackson-databind-2.18.4.jar:2.18.4]
	at com.fasterxml.jackson.databind.ser.std.BeanSerializerBase.serializeFields(BeanSerializerBase.java:770) ~[jackson-databind-2.18.4.jar:2.18.4]
	at com.fasterxml.jackson.databind.ser.BeanSerializer.serialize(BeanSerializer.java:184) ~[jackson-databind-2.18.4.jar:2.18.4]
	at com.fasterxml.jackson.databind.ser.BeanPropertyWriter.serializeAsField(BeanPropertyWriter.java:732) ~[jackson-databind-2.18.4.jar:2.18.4]
	at com.fasterxml.jackson.databind.ser.std.BeanSerializerBase.serializeFields(BeanSerializerBase.java:770) ~[jackson-databind-2.18.4.jar:2.18.4]
	at com.fasterxml.jackson.databind.ser.BeanSerializer.serialize(BeanSerializer.java:184) ~[jackson-databind-2.18.4.jar:2.18.4]
	at com.fasterxml.jackson.databind.ser.BeanPropertyWriter.serializeAsField(BeanPropertyWriter.java:732) ~[jackson-databind-2.18.4.jar:2.18.4]
	at com.fasterxml.jackson.databind.ser.std.BeanSerializerBase.serializeFields(BeanSerializerBase.java:770) ~[jackson-databind-2.18.4.jar:2.18.4]
	at com.fasterxml.jackson.databind.ser.BeanSerializer.serialize(BeanSerializer.java:184) ~[jackson-databind-2.18.4.jar:2.18.4]
	at com.fasterxml.jackson.databind.ser.BeanPropertyWriter.serializeAsField(BeanPropertyWriter.java:732) ~[jackson-databind-2.18.4.jar:2.18.4]
	at com.fasterxml.jackson.databind.ser.std.BeanSerializerBase.serializeFields(BeanSerializerBase.java:770) ~[jackson-databind-2.18.4.jar:2.18.4]
	at com.fasterxml.jackson.databind.ser.BeanSerializer.serialize(BeanSerializer.java:184) ~[jackson-databind-2.18.4.jar:2.18.4]
	at com.fasterxml.jackson.databind.ser.BeanPropertyWriter.serializeAsField(BeanPropertyWriter.java:732) ~[jackson-databind-2.18.4.jar:2.18.4]
	at com.fasterxml.jackson.databind.ser.std.BeanSerializerBase.serializeFields(BeanSerializerBase.java:770) ~[jackson-databind-2.18.4.jar:2.18.4]
	at com.fasterxml.jackson.databind.ser.BeanSerializer.serialize(BeanSerializer.java:184) ~[jackson-databind-2.18.4.jar:2.18.4]
	at com.fasterxml.jackson.databind.ser.BeanPropertyWriter.serializeAsField(BeanPropertyWriter.java:732) ~[jackson-databind-2.18.4.jar:2.18.4]
	at com.fasterxml.jackson.databind.ser.std.BeanSerializerBase.serializeFields(BeanSerializerBase.java:770) ~[jackson-databind-2.18.4.jar:2.18.4]
	at com.fasterxml.jackson.databind.ser.BeanSerializer.serialize(BeanSerializer.java:184) ~[jackson-databind-2.18.4.jar:2.18.4]
	at com.fasterxml.jackson.databind.ser.BeanPropertyWriter.serializeAsField(BeanPropertyWriter.java:732) ~[jackson-databind-2.18.4.jar:2.18.4]
	at com.fasterxml.jackson.databind.ser.std.BeanSerializerBase.serializeFields(BeanSerializerBase.java:770) ~[jackson-databind-2.18.4.jar:2.18.4]
	at com.fasterxml.jackson.databind.ser.BeanSerializer.serialize(BeanSerializer.java:184) ~[jackson-databind-2.18.4.jar:2.18.4]
	at com.fasterxml.jackson.databind.ser.BeanPropertyWriter.serializeAsField(BeanPropertyWriter.java:732) ~[jackson-databind-2.18.4.jar:2.18.4]
	at com.fasterxml.jackson.databind.ser.std.BeanSerializerBase.serializeFields(BeanSerializerBase.java:770) ~[jackson-databind-2.18.4.jar:2.18.4]
	at com.fasterxml.jackson.databind.ser.BeanSerializer.serialize(BeanSerializer.java:184) ~[jackson-databind-2.18.4.jar:2.18.4]
	at com.fasterxml.jackson.databind.ser.BeanPropertyWriter.serializeAsField(BeanPropertyWriter.java:732) ~[jackson-databind-2.18.4.jar:2.18.4]
	at com.fasterxml.jackson.databind.ser.std.BeanSerializerBase.serializeFields(BeanSerializerBase.java:770) ~[jackson-databind-2.18.4.jar:2.18.4]
	at com.fasterxml.jackson.databind.ser.BeanSerializer.serialize(BeanSerializer.java:184) ~[jackson-databind-2.18.4.jar:2.18.4]
	at com.fasterxml.jackson.databind.ser.BeanPropertyWriter.serializeAsField(BeanPropertyWriter.java:732) ~[jackson-databind-2.18.4.jar:2.18.4]
	at com.fasterxml.jackson.databind.ser.std.BeanSerializerBase.serializeFields(BeanSerializerBase.java:770) ~[jackson-databind-2.18.4.jar:2.18.4]
	at com.fasterxml.jackson.databind.ser.BeanSerializer.serialize(BeanSerializer.java:184) ~[jackson-databind-2.18.4.jar:2.18.4]
	at com.fasterxml.jackson.databind.ser.BeanPropertyWriter.serializeAsField(BeanPropertyWriter.java:732) ~[jackson-databind-2.18.4.jar:2.18.4]
	at com.fasterxml.jackson.databind.ser.std.BeanSerializerBase.serializeFields(BeanSerializerBase.java:770) ~[jackson-databind-2.18.4.jar:2.18.4]
	at com.fasterxml.jackson.databind.ser.BeanSerializer.serialize(BeanSerializer.java:184) ~[jackson-databind-2.18.4.jar:2.18.4]
	at com.fasterxml.jackson.databind.ser.BeanPropertyWriter.serializeAsField(BeanPropertyWriter.java:732) ~[jackson-databind-2.18.4.jar:2.18.4]
	at com.fasterxml.jackson.databind.ser.std.BeanSerializerBase.serializeFields(BeanSerializerBase.java:770) ~[jackson-databind-2.18.4.jar:2.18.4]
	at com.fasterxml.jackson.databind.ser.BeanSerializer.serialize(BeanSerializer.java:184) ~[jackson-databind-2.18.4.jar:2.18.4]
	at com.fasterxml.jackson.databind.ser.BeanPropertyWriter.serializeAsField(BeanPropertyWriter.java:732) ~[jackson-databind-2.18.4.jar:2.18.4]
	at com.fasterxml.jackson.databind.ser.std.BeanSerializerBase.serializeFields(BeanSerializerBase.java:770) ~[jackson-databind-2.18.4.jar:2.18.4]
	at com.fasterxml.jackson.databind.ser.BeanSerializer.serialize(BeanSerializer.java:184) ~[jackson-databind-2.18.4.jar:2.18.4]
	at com.fasterxml.jackson.databind.ser.BeanPropertyWriter.serializeAsField(BeanPropertyWriter.java:732) ~[jackson-databind-2.18.4.jar:2.18.4]
	at com.fasterxml.jackson.databind.ser.std.BeanSerializerBase.serializeFields(BeanSerializerBase.java:770) ~[jackson-databind-2.18.4.jar:2.18.4]
	at com.fasterxml.jackson.databind.ser.BeanSerializer.serialize(BeanSerializer.java:184) ~[jackson-databind-2.18.4.jar:2.18.4]
	at com.fasterxml.jackson.databind.ser.BeanPropertyWriter.serializeAsField(BeanPropertyWriter.java:732) ~[jackson-databind-2.18.4.jar:2.18.4]
	at com.fasterxml.jackson.databind.ser.std.BeanSerializerBase.serializeFields(BeanSerializerBase.java:770) ~[jackson-databind-2.18.4.jar:2.18.4]
	at com.fasterxml.jackson.databind.ser.BeanSerializer.serialize(BeanSerializer.java:184) ~[jackson-databind-2.18.4.jar:2.18.4]
	at com.fasterxml.jackson.databind.ser.BeanPropertyWriter.serializeAsField(BeanPropertyWriter.java:732) ~[jackson-databind-2.18.4.jar:2.18.4]
	at com.fasterxml.jackson.databind.ser.std.BeanSerializerBase.serializeFields(BeanSerializerBase.java:770) ~[jackson-databind-2.18.4.jar:2.18.4]
	at com.fasterxml.jackson.databind.ser.BeanSerializer.serialize(BeanSerializer.java:184) ~[jackson-databind-2.18.4.jar:2.18.4]
	at com.fasterxml.jackson.databind.ser.BeanPropertyWriter.serializeAsField(BeanPropertyWriter.java:732) ~[jackson-databind-2.18.4.jar:2.18.4]
	at com.fasterxml.jackson.databind.ser.std.BeanSerializerBase.serializeFields(BeanSerializerBase.java:770) ~[jackson-databind-2.18.4.jar:2.18.4]
	at com.fasterxml.jackson.databind.ser.BeanSerializer.serialize(BeanSerializer.java:184) ~[jackson-databind-2.18.4.jar:2.18.4]
	at com.fasterxml.jackson.databind.ser.BeanPropertyWriter.serializeAsField(BeanPropertyWriter.java:732) ~[jackson-databind-2.18.4.jar:2.18.4]
	at com.fasterxml.jackson.databind.ser.std.BeanSerializerBase.serializeFields(BeanSerializerBase.java:770) ~[jackson-databind-2.18.4.jar:2.18.4]
	at com.fasterxml.jackson.databind.ser.BeanSerializer.serialize(BeanSerializer.java:184) ~[jackson-databind-2.18.4.jar:2.18.4]
	at com.fasterxml.jackson.databind.ser.BeanPropertyWriter.serializeAsField(BeanPropertyWriter.java:732) ~[jackson-databind-2.18.4.jar:2.18.4]
	at com.fasterxml.jackson.databind.ser.std.BeanSerializerBase.serializeFields(BeanSerializerBase.java:770) ~[jackson-databind-2.18.4.jar:2.18.4]
	at com.fasterxml.jackson.databind.ser.BeanSerializer.serialize(BeanSerializer.java:184) ~[jackson-databind-2.18.4.jar:2.18.4]
	at com.fasterxml.jackson.databind.ser.BeanPropertyWriter.serializeAsField(BeanPropertyWriter.java:732) ~[jackson-databind-2.18.4.jar:2.18.4]
	at com.fasterxml.jackson.databind.ser.std.BeanSerializerBase.serializeFields(BeanSerializerBase.java:770) ~[jackson-databind-2.18.4.jar:2.18.4]
	at com.fasterxml.jackson.databind.ser.BeanSerializer.serialize(BeanSerializer.java:184) ~[jackson-databind-2.18.4.jar:2.18.4]
	at com.fasterxml.jackson.databind.ser.BeanPropertyWriter.serializeAsField(BeanPropertyWriter.java:732) ~[jackson-databind-2.18.4.jar:2.18.4]
	at com.fasterxml.jackson.databind.ser.std.BeanSerializerBase.serializeFields(BeanSerializerBase.java:770) ~[jackson-databind-2.18.4.jar:2.18.4]
	at com.fasterxml.jackson.databind.ser.BeanSerializer.serialize(BeanSerializer.java:184) ~[jackson-databind-2.18.4.jar:2.18.4]
	at com.fasterxml.jackson.databind.ser.BeanPropertyWriter.serializeAsField(BeanPropertyWriter.java:732) ~[jackson-databind-2.18.4.jar:2.18.4]
	at com.fasterxml.jackson.databind.ser.std.BeanSerializerBase.serializeFields(BeanSerializerBase.java:770) ~[jackson-databind-2.18.4.jar:2.18.4]
	at com.fasterxml.jackson.databind.ser.BeanSerializer.serialize(BeanSerializer.java:184) ~[jackson-databind-2.18.4.jar:2.18.4]
	at com.fasterxml.jackson.databind.ser.BeanPropertyWriter.serializeAsField(BeanPropertyWriter.java:732) ~[jackson-databind-2.18.4.jar:2.18.4]
	at com.fasterxml.jackson.databind.ser.std.BeanSerializerBase.serializeFields(BeanSerializerBase.java:770) ~[jackson-databind-2.18.4.jar:2.18.4]
	at com.fasterxml.jackson.databind.ser.BeanSerializer.serialize(BeanSerializer.java:184) ~[jackson-databind-2.18.4.jar:2.18.4]
	at com.fasterxml.jackson.databind.ser.BeanPropertyWriter.serializeAsField(BeanPropertyWriter.java:732) ~[jackson-databind-2.18.4.jar:2.18.4]
	at com.fasterxml.jackson.databind.ser.std.BeanSerializerBase.serializeFields(BeanSerializerBase.java:770) ~[jackson-databind-2.18.4.jar:2.18.4]
	at com.fasterxml.jackson.databind.ser.BeanSerializer.serialize(BeanSerializer.java:184) ~[jackson-databind-2.18.4.jar:2.18.4]
	at com.fasterxml.jackson.databind.ser.BeanPropertyWriter.serializeAsField(BeanPropertyWriter.java:732) ~[jackson-databind-2.18.4.jar:2.18.4]
	at com.fasterxml.jackson.databind.ser.std.BeanSerializerBase.serializeFields(BeanSerializerBase.java:770) ~[jackson-databind-2.18.4.jar:2.18.4]
	at com.fasterxml.jackson.databind.ser.BeanSerializer.serialize(BeanSerializer.java:184) ~[jackson-databind-2.18.4.jar:2.18.4]
	at com.fasterxml.jackson.databind.ser.BeanPropertyWriter.serializeAsField(BeanPropertyWriter.java:732) ~[jackson-databind-2.18.4.jar:2.18.4]
	at com.fasterxml.jackson.databind.ser.std.BeanSerializerBase.serializeFields(BeanSerializerBase.java:770) ~[jackson-databind-2.18.4.jar:2.18.4]
	at com.fasterxml.jackson.databind.ser.BeanSerializer.serialize(BeanSerializer.java:184) ~[jackson-databind-2.18.4.jar:2.18.4]
	at com.fasterxml.jackson.databind.ser.BeanPropertyWriter.serializeAsField(BeanPropertyWriter.java:732) ~[jackson-databind-2.18.4.jar:2.18.4]
	at com.fasterxml.jackson.databind.ser.std.BeanSerializerBase.serializeFields(BeanSerializerBase.java:770) ~[jackson-databind-2.18.4.jar:2.18.4]
	at com.fasterxml.jackson.databind.ser.BeanSerializer.serialize(BeanSerializer.java:184) ~[jackson-databind-2.18.4.jar:2.18.4]
	at com.fasterxml.jackson.databind.ser.BeanPropertyWriter.serializeAsField(BeanPropertyWriter.java:732) ~[jackson-databind-2.18.4.jar:2.18.4]
	at com.fasterxml.jackson.databind.ser.std.BeanSerializerBase.serializeFields(BeanSerializerBase.java:770) ~[jackson-databind-2.18.4.jar:2.18.4]
	at com.fasterxml.jackson.databind.ser.BeanSerializer.serialize(BeanSerializer.java:184) ~[jackson-databind-2.18.4.jar:2.18.4]
	at com.fasterxml.jackson.databind.ser.BeanPropertyWriter.serializeAsField(BeanPropertyWriter.java:732) ~[jackson-databind-2.18.4.jar:2.18.4]
	at com.fasterxml.jackson.databind.ser.std.BeanSerializerBase.serializeFields(BeanSerializerBase.java:770) ~[jackson-databind-2.18.4.jar:2.18.4]
	at com.fasterxml.jackson.databind.ser.BeanSerializer.serialize(BeanSerializer.java:184) ~[jackson-databind-2.18.4.jar:2.18.4]
	at com.fasterxml.jackson.databind.ser.BeanPropertyWriter.serializeAsField(BeanPropertyWriter.java:732) ~[jackson-databind-2.18.4.jar:2.18.4]
	at com.fasterxml.jackson.databind.ser.std.BeanSerializerBase.serializeFields(BeanSerializerBase.java:770) ~[jackson-databind-2.18.4.jar:2.18.4]
	at com.fasterxml.jackson.databind.ser.BeanSerializer.serialize(BeanSerializer.java:184) ~[jackson-databind-2.18.4.jar:2.18.4]
	at com.fasterxml.jackson.databind.ser.BeanPropertyWriter.serializeAsField(BeanPropertyWriter.java:732) ~[jackson-databind-2.18.4.jar:2.18.4]
	at com.fasterxml.jackson.databind.ser.std.BeanSerializerBase.serializeFields(BeanSerializerBase.java:770) ~[jackson-databind-2.18.4.jar:2.18.4]
	at com.fasterxml.jackson.databind.ser.BeanSerializer.serialize(BeanSerializer.java:184) ~[jackson-databind-2.18.4.jar:2.18.4]
	at com.fasterxml.jackson.databind.ser.BeanPropertyWriter.serializeAsField(BeanPropertyWriter.java:732) ~[jackson-databind-2.18.4.jar:2.18.4]
	at com.fasterxml.jackson.databind.ser.std.BeanSerializerBase.serializeFields(BeanSerializerBase.java:770) ~[jackson-databind-2.18.4.jar:2.18.4]
	at com.fasterxml.jackson.databind.ser.BeanSerializer.serialize(BeanSerializer.java:184) ~[jackson-databind-2.18.4.jar:2.18.4]
	at com.fasterxml.jackson.databind.ser.BeanPropertyWriter.serializeAsField(BeanPropertyWriter.java:732) ~[jackson-databind-2.18.4.jar:2.18.4]
	at com.fasterxml.jackson.databind.ser.std.BeanSerializerBase.serializeFields(BeanSerializerBase.java:770) ~[jackson-databind-2.18.4.jar:2.18.4]
	at com.fasterxml.jackson.databind.ser.BeanSerializer.serialize(BeanSerializer.java:184) ~[jackson-databind-2.18.4.jar:2.18.4]
	at com.fasterxml.jackson.databind.ser.BeanPropertyWriter.serializeAsField(BeanPropertyWriter.java:732) ~[jackson-databind-2.18.4.jar:2.18.4]
	at com.fasterxml.jackson.databind.ser.std.BeanSerializerBase.serializeFields(BeanSerializerBase.java:770) ~[jackson-databind-2.18.4.jar:2.18.4]
	at com.fasterxml.jackson.databind.ser.BeanSerializer.serialize(BeanSerializer.java:184) ~[jackson-databind-2.18.4.jar:2.18.4]
	at com.fasterxml.jackson.databind.ser.BeanPropertyWriter.serializeAsField(BeanPropertyWriter.java:732) ~[jackson-databind-2.18.4.jar:2.18.4]
	at com.fasterxml.jackson.databind.ser.std.BeanSerializerBase.serializeFields(BeanSerializerBase.java:770) ~[jackson-databind-2.18.4.jar:2.18.4]
	at com.fasterxml.jackson.databind.ser.BeanSerializer.serialize(BeanSerializer.java:184) ~[jackson-databind-2.18.4.jar:2.18.4]
	at com.fasterxml.jackson.databind.ser.BeanPropertyWriter.serializeAsField(BeanPropertyWriter.java:732) ~[jackson-databind-2.18.4.jar:2.18.4]
	at com.fasterxml.jackson.databind.ser.std.BeanSerializerBase.serializeFields(BeanSerializerBase.java:770) ~[jackson-databind-2.18.4.jar:2.18.4]
	at com.fasterxml.jackson.databind.ser.BeanSerializer.serialize(BeanSerializer.java:184) ~[jackson-databind-2.18.4.jar:2.18.4]
	at com.fasterxml.jackson.databind.ser.BeanPropertyWriter.serializeAsField(BeanPropertyWriter.java:732) ~[jackson-databind-2.18.4.jar:2.18.4]
	at com.fasterxml.jackson.databind.ser.std.BeanSerializerBase.serializeFields(BeanSerializerBase.java:770) ~[jackson-databind-2.18.4.jar:2.18.4]
	at com.fasterxml.jackson.databind.ser.BeanSerializer.serialize(BeanSerializer.java:184) ~[jackson-databind-2.18.4.jar:2.18.4]
	at com.fasterxml.jackson.databind.ser.BeanPropertyWriter.serializeAsField(BeanPropertyWriter.java:732) ~[jackson-databind-2.18.4.jar:2.18.4]
	at com.fasterxml.jackson.databind.ser.std.BeanSerializerBase.serializeFields(BeanSerializerBase.java:770) ~[jackson-databind-2.18.4.jar:2.18.4]
	at com.fasterxml.jackson.databind.ser.BeanSerializer.serialize(BeanSerializer.java:184) ~[jackson-databind-2.18.4.jar:2.18.4]
	at com.fasterxml.jackson.databind.ser.BeanPropertyWriter.serializeAsField(BeanPropertyWriter.java:732) ~[jackson-databind-2.18.4.jar:2.18.4]
	at com.fasterxml.jackson.databind.ser.std.BeanSerializerBase.serializeFields(BeanSerializerBase.java:770) ~[jackson-databind-2.18.4.jar:2.18.4]
	at com.fasterxml.jackson.databind.ser.BeanSerializer.serialize(BeanSerializer.java:184) ~[jackson-databind-2.18.4.jar:2.18.4]
	at com.fasterxml.jackson.databind.ser.BeanPropertyWriter.serializeAsField(BeanPropertyWriter.java:732) ~[jackson-databind-2.18.4.jar:2.18.4]
	at com.fasterxml.jackson.databind.ser.std.BeanSerializerBase.serializeFields(BeanSerializerBase.java:770) ~[jackson-databind-2.18.4.jar:2.18.4]
	at com.fasterxml.jackson.databind.ser.BeanSerializer.serialize(BeanSerializer.java:184) ~[jackson-databind-2.18.4.jar:2.18.4]
	at com.fasterxml.jackson.databind.ser.BeanPropertyWriter.serializeAsField(BeanPropertyWriter.java:732) ~[jackson-databind-2.18.4.jar:2.18.4]
	at com.fasterxml.jackson.databind.ser.std.BeanSerializerBase.serializeFields(BeanSerializerBase.java:770) ~[jackson-databind-2.18.4.jar:2.18.4]
	at com.fasterxml.jackson.databind.ser.BeanSerializer.serialize(BeanSerializer.java:184) ~[jackson-databind-2.18.4.jar:2.18.4]
	at com.fasterxml.jackson.databind.ser.BeanPropertyWriter.serializeAsField(BeanPropertyWriter.java:732) ~[jackson-databind-2.18.4.jar:2.18.4]
	at com.fasterxml.jackson.databind.ser.std.BeanSerializerBase.serializeFields(BeanSerializerBase.java:770) ~[jackson-databind-2.18.4.jar:2.18.4]
	at com.fasterxml.jackson.databind.ser.BeanSerializer.serialize(BeanSerializer.java:184) ~[jackson-databind-2.18.4.jar:2.18.4]
	at com.fasterxml.jackson.databind.ser.BeanPropertyWriter.serializeAsField(BeanPropertyWriter.java:732) ~[jackson-databind-2.18.4.jar:2.18.4]
	at com.fasterxml.jackson.databind.ser.std.BeanSerializerBase.serializeFields(BeanSerializerBase.java:770) ~[jackson-databind-2.18.4.jar:2.18.4]
	at com.fasterxml.jackson.databind.ser.BeanSerializer.serialize(BeanSerializer.java:184) ~[jackson-databind-2.18.4.jar:2.18.4]
	at com.fasterxml.jackson.databind.ser.BeanPropertyWriter.serializeAsField(BeanPropertyWriter.java:732) ~[jackson-databind-2.18.4.jar:2.18.4]
	at com.fasterxml.jackson.databind.ser.std.BeanSerializerBase.serializeFields(BeanSerializerBase.java:770) ~[jackson-databind-2.18.4.jar:2.18.4]
	at com.fasterxml.jackson.databind.ser.BeanSerializer.serialize(BeanSerializer.java:184) ~[jackson-databind-2.18.4.jar:2.18.4]
	at com.fasterxml.jackson.databind.ser.BeanPropertyWriter.serializeAsField(BeanPropertyWriter.java:732) ~[jackson-databind-2.18.4.jar:2.18.4]
	at com.fasterxml.jackson.databind.ser.std.BeanSerializerBase.serializeFields(BeanSerializerBase.java:770) ~[jackson-databind-2.18.4.jar:2.18.4]
	at com.fasterxml.jackson.databind.ser.BeanSerializer.serialize(BeanSerializer.java:184) ~[jackson-databind-2.18.4.jar:2.18.4]
	at com.fasterxml.jackson.databind.ser.BeanPropertyWriter.serializeAsField(BeanPropertyWriter.java:732) ~[jackson-databind-2.18.4.jar:2.18.4]
	at com.fasterxml.jackson.databind.ser.std.BeanSerializerBase.serializeFields(BeanSerializerBase.java:770) ~[jackson-databind-2.18.4.jar:2.18.4]
	at com.fasterxml.jackson.databind.ser.BeanSerializer.serialize(BeanSerializer.java:184) ~[jackson-databind-2.18.4.jar:2.18.4]
	at com.fasterxml.jackson.databind.ser.BeanPropertyWriter.serializeAsField(BeanPropertyWriter.java:732) ~[jackson-databind-2.18.4.jar:2.18.4]
	at com.fasterxml.jackson.databind.ser.std.BeanSerializerBase.serializeFields(BeanSerializerBase.java:770) ~[jackson-databind-2.18.4.jar:2.18.4]
	at com.fasterxml.jackson.databind.ser.BeanSerializer.serialize(BeanSerializer.java:184) ~[jackson-databind-2.18.4.jar:2.18.4]
	at com.fasterxml.jackson.databind.ser.BeanPropertyWriter.serializeAsField(BeanPropertyWriter.java:732) ~[jackson-databind-2.18.4.jar:2.18.4]
	at com.fasterxml.jackson.databind.ser.std.BeanSerializerBase.serializeFields(BeanSerializerBase.java:770) ~[jackson-databind-2.18.4.jar:2.18.4]
	at com.fasterxml.jackson.databind.ser.BeanSerializer.serialize(BeanSerializer.java:184) ~[jackson-databind-2.18.4.jar:2.18.4]
	at com.fasterxml.jackson.databind.ser.BeanPropertyWriter.serializeAsField(BeanPropertyWriter.java:732) ~[jackson-databind-2.18.4.jar:2.18.4]
	at com.fasterxml.jackson.databind.ser.std.BeanSerializerBase.serializeFields(BeanSerializerBase.java:770) ~[jackson-databind-2.18.4.jar:2.18.4]
	at com.fasterxml.jackson.databind.ser.BeanSerializer.serialize(BeanSerializer.java:184) ~[jackson-databind-2.18.4.jar:2.18.4]
	at com.fasterxml.jackson.databind.ser.BeanPropertyWriter.serializeAsField(BeanPropertyWriter.java:732) ~[jackson-databind-2.18.4.jar:2.18.4]
	at com.fasterxml.jackson.databind.ser.std.BeanSerializerBase.serializeFields(BeanSerializerBase.java:770) ~[jackson-databind-2.18.4.jar:2.18.4]
	at com.fasterxml.jackson.databind.ser.BeanSerializer.serialize(BeanSerializer.java:184) ~[jackson-databind-2.18.4.jar:2.18.4]
	at com.fasterxml.jackson.databind.ser.BeanPropertyWriter.serializeAsField(BeanPropertyWriter.java:732) ~[jackson-databind-2.18.4.jar:2.18.4]
	at com.fasterxml.jackson.databind.ser.std.BeanSerializerBase.serializeFields(BeanSerializerBase.java:770) ~[jackson-databind-2.18.4.jar:2.18.4]
	at com.fasterxml.jackson.databind.ser.BeanSerializer.serialize(BeanSerializer.java:184) ~[jackson-databind-2.18.4.jar:2.18.4]
	at com.fasterxml.jackson.databind.ser.BeanPropertyWriter.serializeAsField(BeanPropertyWriter.java:732) ~[jackson-databind-2.18.4.jar:2.18.4]
	at com.fasterxml.jackson.databind.ser.std.BeanSerializerBase.serializeFields(BeanSerializerBase.java:770) ~[jackson-databind-2.18.4.jar:2.18.4]
	at com.fasterxml.jackson.databind.ser.BeanSerializer.serialize(BeanSerializer.java:184) ~[jackson-databind-2.18.4.jar:2.18.4]
	at com.fasterxml.jackson.databind.ser.BeanPropertyWriter.serializeAsField(BeanPropertyWriter.java:732) ~[jackson-databind-2.18.4.jar:2.18.4]
	at com.fasterxml.jackson.databind.ser.std.BeanSerializerBase.serializeFields(BeanSerializerBase.java:770) ~[jackson-databind-2.18.4.jar:2.18.4]
	at com.fasterxml.jackson.databind.ser.BeanSerializer.serialize(BeanSerializer.java:184) ~[jackson-databind-2.18.4.jar:2.18.4]
	at com.fasterxml.jackson.databind.ser.BeanPropertyWriter.serializeAsField(BeanPropertyWriter.java:732) ~[jackson-databind-2.18.4.jar:2.18.4]
	at com.fasterxml.jackson.databind.ser.std.BeanSerializerBase.serializeFields(BeanSerializerBase.java:770) ~[jackson-databind-2.18.4.jar:2.18.4]
	at com.fasterxml.jackson.databind.ser.BeanSerializer.serialize(BeanSerializer.java:184) ~[jackson-databind-2.18.4.jar:2.18.4]
	at com.fasterxml.jackson.databind.ser.BeanPropertyWriter.serializeAsField(BeanPropertyWriter.java:732) ~[jackson-databind-2.18.4.jar:2.18.4]
	at com.fasterxml.jackson.databind.ser.std.BeanSerializerBase.serializeFields(BeanSerializerBase.java:770) ~[jackson-databind-2.18.4.jar:2.18.4]
	at com.fasterxml.jackson.databind.ser.BeanSerializer.serialize(BeanSerializer.java:184) ~[jackson-databind-2.18.4.jar:2.18.4]
	at com.fasterxml.jackson.databind.ser.BeanPropertyWriter.serializeAsField(BeanPropertyWriter.java:732) ~[jackson-databind-2.18.4.jar:2.18.4]
	at com.fasterxml.jackson.databind.ser.std.BeanSerializerBase.serializeFields(BeanSerializerBase.java:770) ~[jackson-databind-2.18.4.jar:2.18.4]
	at com.fasterxml.jackson.databind.ser.BeanSerializer.serialize(BeanSerializer.java:184) ~[jackson-databind-2.18.4.jar:2.18.4]
	at com.fasterxml.jackson.databind.ser.BeanPropertyWriter.serializeAsField(BeanPropertyWriter.java:732) ~[jackson-databind-2.18.4.jar:2.18.4]
	at com.fasterxml.jackson.databind.ser.std.BeanSerializerBase.serializeFields(BeanSerializerBase.java:770) ~[jackson-databind-2.18.4.jar:2.18.4]
	at com.fasterxml.jackson.databind.ser.BeanSerializer.serialize(BeanSerializer.java:184) ~[jackson-databind-2.18.4.jar:2.18.4]
	at com.fasterxml.jackson.databind.ser.BeanPropertyWriter.serializeAsField(BeanPropertyWriter.java:732) ~[jackson-databind-2.18.4.jar:2.18.4]
	at com.fasterxml.jackson.databind.ser.std.BeanSerializerBase.serializeFields(BeanSerializerBase.java:770) ~[jackson-databind-2.18.4.jar:2.18.4]
	at com.fasterxml.jackson.databind.ser.BeanSerializer.serialize(BeanSerializer.java:184) ~[jackson-databind-2.18.4.jar:2.18.4]
	at com.fasterxml.jackson.databind.ser.BeanPropertyWriter.serializeAsField(BeanPropertyWriter.java:732) ~[jackson-databind-2.18.4.jar:2.18.4]
	at com.fasterxml.jackson.databind.ser.std.BeanSerializerBase.serializeFields(BeanSerializerBase.java:770) ~[jackson-databind-2.18.4.jar:2.18.4]
	at com.fasterxml.jackson.databind.ser.BeanSerializer.serialize(BeanSerializer.java:184) ~[jackson-databind-2.18.4.jar:2.18.4]
	at com.fasterxml.jackson.databind.ser.BeanPropertyWriter.serializeAsField(BeanPropertyWriter.java:732) ~[jackson-databind-2.18.4.jar:2.18.4]
	at com.fasterxml.jackson.databind.ser.std.BeanSerializerBase.serializeFields(BeanSerializerBase.java:770) ~[jackson-databind-2.18.4.jar:2.18.4]
	at com.fasterxml.jackson.databind.ser.BeanSerializer.serialize(BeanSerializer.java:184) ~[jackson-databind-2.18.4.jar:2.18.4]
	at com.fasterxml.jackson.databind.ser.BeanPropertyWriter.serializeAsField(BeanPropertyWriter.java:732) ~[jackson-databind-2.18.4.jar:2.18.4]
	at com.fasterxml.jackson.databind.ser.std.BeanSerializerBase.serializeFields(BeanSerializerBase.java:770) ~[jackson-databind-2.18.4.jar:2.18.4]
	at com.fasterxml.jackson.databind.ser.BeanSerializer.serialize(BeanSerializer.java:184) ~[jackson-databind-2.18.4.jar:2.18.4]
	at com.fasterxml.jackson.databind.ser.BeanPropertyWriter.serializeAsField(BeanPropertyWriter.java:732) ~[jackson-databind-2.18.4.jar:2.18.4]
	at com.fasterxml.jackson.databind.ser.std.BeanSerializerBase.serializeFields(BeanSerializerBase.java:770) ~[jackson-databind-2.18.4.jar:2.18.4]
	at com.fasterxml.jackson.databind.ser.BeanSerializer.serialize(BeanSerializer.java:184) ~[jackson-databind-2.18.4.jar:2.18.4]
	at com.fasterxml.jackson.databind.ser.BeanPropertyWriter.serializeAsField(BeanPropertyWriter.java:732) ~[jackson-databind-2.18.4.jar:2.18.4]
	at com.fasterxml.jackson.databind.ser.std.BeanSerializerBase.serializeFields(BeanSerializerBase.java:770) ~[jackson-databind-2.18.4.jar:2.18.4]
	at com.fasterxml.jackson.databind.ser.BeanSerializer.serialize(BeanSerializer.java:184) ~[jackson-databind-2.18.4.jar:2.18.4]
	at com.fasterxml.jackson.databind.ser.BeanPropertyWriter.serializeAsField(BeanPropertyWriter.java:732) ~[jackson-databind-2.18.4.jar:2.18.4]
	at com.fasterxml.jackson.databind.ser.std.BeanSerializerBase.serializeFields(BeanSerializerBase.java:770) ~[jackson-databind-2.18.4.jar:2.18.4]
	at com.fasterxml.jackson.databind.ser.BeanSerializer.serialize(BeanSerializer.java:184) ~[jackson-databind-2.18.4.jar:2.18.4]
	at com.fasterxml.jackson.databind.ser.BeanPropertyWriter.serializeAsField(BeanPropertyWriter.java:732) ~[jackson-databind-2.18.4.jar:2.18.4]
	at com.fasterxml.jackson.databind.ser.std.BeanSerializerBase.serializeFields(BeanSerializerBase.java:770) ~[jackson-databind-2.18.4.jar:2.18.4]
	at com.fasterxml.jackson.databind.ser.BeanSerializer.serialize(BeanSerializer.java:184) ~[jackson-databind-2.18.4.jar:2.18.4]
	at com.fasterxml.jackson.databind.ser.BeanPropertyWriter.serializeAsField(BeanPropertyWriter.java:732) ~[jackson-databind-2.18.4.jar:2.18.4]
	at com.fasterxml.jackson.databind.ser.std.BeanSerializerBase.serializeFields(BeanSerializerBase.java:770) ~[jackson-databind-2.18.4.jar:2.18.4]
	at com.fasterxml.jackson.databind.ser.BeanSerializer.serialize(BeanSerializer.java:184) ~[jackson-databind-2.18.4.jar:2.18.4]
	at com.fasterxml.jackson.databind.ser.BeanPropertyWriter.serializeAsField(BeanPropertyWriter.java:732) ~[jackson-databind-2.18.4.jar:2.18.4]
	at com.fasterxml.jackson.databind.ser.std.BeanSerializerBase.serializeFields(BeanSerializerBase.java:770) ~[jackson-databind-2.18.4.jar:2.18.4]
	at com.fasterxml.jackson.databind.ser.BeanSerializer.serialize(BeanSerializer.java:184) ~[jackson-databind-2.18.4.jar:2.18.4]
	at com.fasterxml.jackson.databind.ser.BeanPropertyWriter.serializeAsField(BeanPropertyWriter.java:732) ~[jackson-databind-2.18.4.jar:2.18.4]
	at com.fasterxml.jackson.databind.ser.std.BeanSerializerBase.serializeFields(BeanSerializerBase.java:770) ~[jackson-databind-2.18.4.jar:2.18.4]
	at com.fasterxml.jackson.databind.ser.BeanSerializer.serialize(BeanSerializer.java:184) ~[jackson-databind-2.18.4.jar:2.18.4]
	at com.fasterxml.jackson.databind.ser.BeanPropertyWriter.serializeAsField(BeanPropertyWriter.java:732) ~[jackson-databind-2.18.4.jar:2.18.4]
	at com.fasterxml.jackson.databind.ser.std.BeanSerializerBase.serializeFields(BeanSerializerBase.java:770) ~[jackson-databind-2.18.4.jar:2.18.4]
	at com.fasterxml.jackson.databind.ser.BeanSerializer.serialize(BeanSerializer.java:184) ~[jackson-databind-2.18.4.jar:2.18.4]
	at com.fasterxml.jackson.databind.ser.BeanPropertyWriter.serializeAsField(BeanPropertyWriter.java:732) ~[jackson-databind-2.18.4.jar:2.18.4]
	at com.fasterxml.jackson.databind.ser.std.BeanSerializerBase.serializeFields(BeanSerializerBase.java:770) ~[jackson-databind-2.18.4.jar:2.18.4]
	at com.fasterxml.jackson.databind.ser.BeanSerializer.serialize(BeanSerializer.java:184) ~[jackson-databind-2.18.4.jar:2.18.4]
	at com.fasterxml.jackson.databind.ser.BeanPropertyWriter.serializeAsField(BeanPropertyWriter.java:732) ~[jackson-databind-2.18.4.jar:2.18.4]
	at com.fasterxml.jackson.databind.ser.std.BeanSerializerBase.serializeFields(BeanSerializerBase.java:770) ~[jackson-databind-2.18.4.jar:2.18.4]
	at com.fasterxml.jackson.databind.ser.BeanSerializer.serialize(BeanSerializer.java:184) ~[jackson-databind-2.18.4.jar:2.18.4]
	at com.fasterxml.jackson.databind.ser.BeanPropertyWriter.serializeAsField(BeanPropertyWriter.java:732) ~[jackson-databind-2.18.4.jar:2.18.4]
	at com.fasterxml.jackson.databind.ser.std.BeanSerializerBase.serializeFields(BeanSerializerBase.java:770) ~[jackson-databind-2.18.4.jar:2.18.4]
	at com.fasterxml.jackson.databind.ser.BeanSerializer.serialize(BeanSerializer.java:184) ~[jackson-databind-2.18.4.jar:2.18.4]
	at com.fasterxml.jackson.databind.ser.BeanPropertyWriter.serializeAsField(BeanPropertyWriter.java:732) ~[jackson-databind-2.18.4.jar:2.18.4]
	at com.fasterxml.jackson.databind.ser.std.BeanSerializerBase.serializeFields(BeanSerializerBase.java:770) ~[jackson-databind-2.18.4.jar:2.18.4]
	at com.fasterxml.jackson.databind.ser.BeanSerializer.serialize(BeanSerializer.java:184) ~[jackson-databind-2.18.4.jar:2.18.4]
	at com.fasterxml.jackson.databind.ser.BeanPropertyWriter.serializeAsField(BeanPropertyWriter.java:732) ~[jackson-databind-2.18.4.jar:2.18.4]
	at com.fasterxml.jackson.databind.ser.std.BeanSerializerBase.serializeFields(BeanSerializerBase.java:770) ~[jackson-databind-2.18.4.jar:2.18.4]
	at com.fasterxml.jackson.databind.ser.BeanSerializer.serialize(BeanSerializer.java:184) ~[jackson-databind-2.18.4.jar:2.18.4]
	at com.fasterxml.jackson.databind.ser.BeanPropertyWriter.serializeAsField(BeanPropertyWriter.java:732) ~[jackson-databind-2.18.4.jar:2.18.4]
	at com.fasterxml.jackson.databind.ser.std.BeanSerializerBase.serializeFields(BeanSerializerBase.java:770) ~[jackson-databind-2.18.4.jar:2.18.4]
	at com.fasterxml.jackson.databind.ser.BeanSerializer.serialize(BeanSerializer.java:184) ~[jackson-databind-2.18.4.jar:2.18.4]
	at com.fasterxml.jackson.databind.ser.BeanPropertyWriter.serializeAsField(BeanPropertyWriter.java:732) ~[jackson-databind-2.18.4.jar:2.18.4]
	at com.fasterxml.jackson.databind.ser.std.BeanSerializerBase.serializeFields(BeanSerializerBase.java:770) ~[jackson-databind-2.18.4.jar:2.18.4]
	at com.fasterxml.jackson.databind.ser.BeanSerializer.serialize(BeanSerializer.java:184) ~[jackson-databind-2.18.4.jar:2.18.4]
	at com.fasterxml.jackson.databind.ser.BeanPropertyWriter.serializeAsField(BeanPropertyWriter.java:732) ~[jackson-databind-2.18.4.jar:2.18.4]
	at com.fasterxml.jackson.databind.ser.std.BeanSerializerBase.serializeFields(BeanSerializerBase.java:770) ~[jackson-databind-2.18.4.jar:2.18.4]
	at com.fasterxml.jackson.databind.ser.BeanSerializer.serialize(BeanSerializer.java:184) ~[jackson-databind-2.18.4.jar:2.18.4]
	at com.fasterxml.jackson.databind.ser.BeanPropertyWriter.serializeAsField(BeanPropertyWriter.java:732) ~[jackson-databind-2.18.4.jar:2.18.4]
	at com.fasterxml.jackson.databind.ser.std.BeanSerializerBase.serializeFields(BeanSerializerBase.java:770) ~[jackson-databind-2.18.4.jar:2.18.4]
	at com.fasterxml.jackson.databind.ser.BeanSerializer.serialize(BeanSerializer.java:184) ~[jackson-databind-2.18.4.jar:2.18.4]
	at com.fasterxml.jackson.databind.ser.BeanPropertyWriter.serializeAsField(BeanPropertyWriter.java:732) ~[jackson-databind-2.18.4.jar:2.18.4]
	at com.fasterxml.jackson.databind.ser.std.BeanSerializerBase.serializeFields(BeanSerializerBase.java:770) ~[jackson-databind-2.18.4.jar:2.18.4]
	at com.fasterxml.jackson.databind.ser.BeanSerializer.serialize(BeanSerializer.java:184) ~[jackson-databind-2.18.4.jar:2.18.4]
	at com.fasterxml.jackson.databind.ser.BeanPropertyWriter.serializeAsField(BeanPropertyWriter.java:732) ~[jackson-databind-2.18.4.jar:2.18.4]
	at com.fasterxml.jackson.databind.ser.std.BeanSerializerBase.serializeFields(BeanSerializerBase.java:770) ~[jackson-databind-2.18.4.jar:2.18.4]
	at com.fasterxml.jackson.databind.ser.BeanSerializer.serialize(BeanSerializer.java:184) ~[jackson-databind-2.18.4.jar:2.18.4]
	at com.fasterxml.jackson.databind.ser.BeanPropertyWriter.serializeAsField(BeanPropertyWriter.java:732) ~[jackson-databind-2.18.4.jar:2.18.4]
	at com.fasterxml.jackson.databind.ser.std.BeanSerializerBase.serializeFields(BeanSerializerBase.java:770) ~[jackson-databind-2.18.4.jar:2.18.4]
	at com.fasterxml.jackson.databind.ser.BeanSerializer.serialize(BeanSerializer.java:184) ~[jackson-databind-2.18.4.jar:2.18.4]
	at com.fasterxml.jackson.databind.ser.BeanPropertyWriter.serializeAsField(BeanPropertyWriter.java:732) ~[jackson-databind-2.18.4.jar:2.18.4]
	at com.fasterxml.jackson.databind.ser.std.BeanSerializerBase.serializeFields(BeanSerializerBase.java:770) ~[jackson-databind-2.18.4.jar:2.18.4]
	at com.fasterxml.jackson.databind.ser.BeanSerializer.serialize(BeanSerializer.java:184) ~[jackson-databind-2.18.4.jar:2.18.4]
	at com.fasterxml.jackson.databind.ser.BeanPropertyWriter.serializeAsField(BeanPropertyWriter.java:732) ~[jackson-databind-2.18.4.jar:2.18.4]
	at com.fasterxml.jackson.databind.ser.std.BeanSerializerBase.serializeFields(BeanSerializerBase.java:770) ~[jackson-databind-2.18.4.jar:2.18.4]
	at com.fasterxml.jackson.databind.ser.BeanSerializer.serialize(BeanSerializer.java:184) ~[jackson-databind-2.18.4.jar:2.18.4]
	at com.fasterxml.jackson.databind.ser.BeanPropertyWriter.serializeAsField(BeanPropertyWriter.java:732) ~[jackson-databind-2.18.4.jar:2.18.4]
	at com.fasterxml.jackson.databind.ser.std.BeanSerializerBase.serializeFields(BeanSerializerBase.java:770) ~[jackson-databind-2.18.4.jar:2.18.4]
	at com.fasterxml.jackson.databind.ser.BeanSerializer.serialize(BeanSerializer.java:184) ~[jackson-databind-2.18.4.jar:2.18.4]
	at com.fasterxml.jackson.databind.ser.BeanPropertyWriter.serializeAsField(BeanPropertyWriter.java:732) ~[jackson-databind-2.18.4.jar:2.18.4]
	at com.fasterxml.jackson.databind.ser.std.BeanSerializerBase.serializeFields(BeanSerializerBase.java:770) ~[jackson-databind-2.18.4.jar:2.18.4]
	at com.fasterxml.jackson.databind.ser.BeanSerializer.serialize(BeanSerializer.java:184) ~[jackson-databind-2.18.4.jar:2.18.4]
	at com.fasterxml.jackson.databind.ser.BeanPropertyWriter.serializeAsField(BeanPropertyWriter.java:732) ~[jackson-databind-2.18.4.jar:2.18.4]
	at com.fasterxml.jackson.databind.ser.std.BeanSerializerBase.serializeFields(BeanSerializerBase.java:770) ~[jackson-databind-2.18.4.jar:2.18.4]
	at com.fasterxml.jackson.databind.ser.BeanSerializer.serialize(BeanSerializer.java:184) ~[jackson-databind-2.18.4.jar:2.18.4]
	at com.fasterxml.jackson.databind.ser.BeanPropertyWriter.serializeAsField(BeanPropertyWriter.java:732) ~[jackson-databind-2.18.4.jar:2.18.4]
	at com.fasterxml.jackson.databind.ser.std.BeanSerializerBase.serializeFields(BeanSerializerBase.java:770) ~[jackson-databind-2.18.4.jar:2.18.4]
	at com.fasterxml.jackson.databind.ser.BeanSerializer.serialize(BeanSerializer.java:184) ~[jackson-databind-2.18.4.jar:2.18.4]
	at com.fasterxml.jackson.databind.ser.BeanPropertyWriter.serializeAsField(BeanPropertyWriter.java:732) ~[jackson-databind-2.18.4.jar:2.18.4]
	at com.fasterxml.jackson.databind.ser.std.BeanSerializerBase.serializeFields(BeanSerializerBase.java:770) ~[jackson-databind-2.18.4.jar:2.18.4]
	at com.fasterxml.jackson.databind.ser.BeanSerializer.serialize(BeanSerializer.java:184) ~[jackson-databind-2.18.4.jar:2.18.4]
	at com.fasterxml.jackson.databind.ser.BeanPropertyWriter.serializeAsField(BeanPropertyWriter.java:732) ~[jackson-databind-2.18.4.jar:2.18.4]
	at com.fasterxml.jackson.databind.ser.std.BeanSerializerBase.serializeFields(BeanSerializerBase.java:770) ~[jackson-databind-2.18.4.jar:2.18.4]
	at com.fasterxml.jackson.databind.ser.BeanSerializer.serialize(BeanSerializer.java:184) ~[jackson-databind-2.18.4.jar:2.18.4]
	at com.fasterxml.jackson.databind.ser.BeanPropertyWriter.serializeAsField(BeanPropertyWriter.java:732) ~[jackson-databind-2.18.4.jar:2.18.4]
	at com.fasterxml.jackson.databind.ser.std.BeanSerializerBase.serializeFields(BeanSerializerBase.java:770) ~[jackson-databind-2.18.4.jar:2.18.4]
	at com.fasterxml.jackson.databind.ser.BeanSerializer.serialize(BeanSerializer.java:184) ~[jackson-databind-2.18.4.jar:2.18.4]
	at com.fasterxml.jackson.databind.ser.BeanPropertyWriter.serializeAsField(BeanPropertyWriter.java:732) ~[jackson-databind-2.18.4.jar:2.18.4]
	at com.fasterxml.jackson.databind.ser.std.BeanSerializerBase.serializeFields(BeanSerializerBase.java:770) ~[jackson-databind-2.18.4.jar:2.18.4]
	at com.fasterxml.jackson.databind.ser.BeanSerializer.serialize(BeanSerializer.java:184) ~[jackson-databind-2.18.4.jar:2.18.4]
	at com.fasterxml.jackson.databind.ser.BeanPropertyWriter.serializeAsField(BeanPropertyWriter.java:732) ~[jackson-databind-2.18.4.jar:2.18.4]
	at com.fasterxml.jackson.databind.ser.std.BeanSerializerBase.serializeFields(BeanSerializerBase.java:770) ~[jackson-databind-2.18.4.jar:2.18.4]
	at com.fasterxml.jackson.databind.ser.BeanSerializer.serialize(BeanSerializer.java:184) ~[jackson-databind-2.18.4.jar:2.18.4]
	at com.fasterxml.jackson.databind.ser.BeanPropertyWriter.serializeAsField(BeanPropertyWriter.java:732) ~[jackson-databind-2.18.4.jar:2.18.4]
	at com.fasterxml.jackson.databind.ser.std.BeanSerializerBase.serializeFields(BeanSerializerBase.java:770) ~[jackson-databind-2.18.4.jar:2.18.4]
	at com.fasterxml.jackson.databind.ser.BeanSerializer.serialize(BeanSerializer.java:184) ~[jackson-databind-2.18.4.jar:2.18.4]
	at com.fasterxml.jackson.databind.ser.BeanPropertyWriter.serializeAsField(BeanPropertyWriter.java:732) ~[jackson-databind-2.18.4.jar:2.18.4]
	at com.fasterxml.jackson.databind.ser.std.BeanSerializerBase.serializeFields(BeanSerializerBase.java:770) ~[jackson-databind-2.18.4.jar:2.18.4]
	at com.fasterxml.jackson.databind.ser.BeanSerializer.serialize(BeanSerializer.java:184) ~[jackson-databind-2.18.4.jar:2.18.4]
	at com.fasterxml.jackson.databind.ser.BeanPropertyWriter.serializeAsField(BeanPropertyWriter.java:732) ~[jackson-databind-2.18.4.jar:2.18.4]
	at com.fasterxml.jackson.databind.ser.std.BeanSerializerBase.serializeFields(BeanSerializerBase.java:770) ~[jackson-databind-2.18.4.jar:2.18.4]
	at com.fasterxml.jackson.databind.ser.BeanSerializer.serialize(BeanSerializer.java:184) ~[jackson-databind-2.18.4.jar:2.18.4]
	at com.fasterxml.jackson.databind.ser.BeanPropertyWriter.serializeAsField(BeanPropertyWriter.java:732) ~[jackson-databind-2.18.4.jar:2.18.4]
	at com.fasterxml.jackson.databind.ser.std.BeanSerializerBase.serializeFields(BeanSerializerBase.java:770) ~[jackson-databind-2.18.4.jar:2.18.4]
	at com.fasterxml.jackson.databind.ser.BeanSerializer.serialize(BeanSerializer.java:184) ~[jackson-databind-2.18.4.jar:2.18.4]
	at com.fasterxml.jackson.databind.ser.BeanPropertyWriter.serializeAsField(BeanPropertyWriter.java:732) ~[jackson-databind-2.18.4.jar:2.18.4]
	at com.fasterxml.jackson.databind.ser.std.BeanSerializerBase.serializeFields(BeanSerializerBase.java:770) ~[jackson-databind-2.18.4.jar:2.18.4]
	at com.fasterxml.jackson.databind.ser.BeanSerializer.serialize(BeanSerializer.java:184) ~[jackson-databind-2.18.4.jar:2.18.4]
	at com.fasterxml.jackson.databind.ser.BeanPropertyWriter.serializeAsField(BeanPropertyWriter.java:732) ~[jackson-databind-2.18.4.jar:2.18.4]
	at com.fasterxml.jackson.databind.ser.std.BeanSerializerBase.serializeFields(BeanSerializerBase.java:770) ~[jackson-databind-2.18.4.jar:2.18.4]
	at com.fasterxml.jackson.databind.ser.BeanSerializer.serialize(BeanSerializer.java:184) ~[jackson-databind-2.18.4.jar:2.18.4]
	at com.fasterxml.jackson.databind.ser.BeanPropertyWriter.serializeAsField(BeanPropertyWriter.java:732) ~[jackson-databind-2.18.4.jar:2.18.4]
	at com.fasterxml.jackson.databind.ser.std.BeanSerializerBase.serializeFields(BeanSerializerBase.java:770) ~[jackson-databind-2.18.4.jar:2.18.4]
	at com.fasterxml.jackson.databind.ser.BeanSerializer.serialize(BeanSerializer.java:184) ~[jackson-databind-2.18.4.jar:2.18.4]
	at com.fasterxml.jackson.databind.ser.BeanPropertyWriter.serializeAsField(BeanPropertyWriter.java:732) ~[jackson-databind-2.18.4.jar:2.18.4]
	at com.fasterxml.jackson.databind.ser.std.BeanSerializerBase.serializeFields(BeanSerializerBase.java:770) ~[jackson-databind-2.18.4.jar:2.18.4]
	at com.fasterxml.jackson.databind.ser.BeanSerializer.serialize(BeanSerializer.java:184) ~[jackson-databind-2.18.4.jar:2.18.4]
	at com.fasterxml.jackson.databind.ser.BeanPropertyWriter.serializeAsField(BeanPropertyWriter.java:732) ~[jackson-databind-2.18.4.jar:2.18.4]
	at com.fasterxml.jackson.databind.ser.std.BeanSerializerBase.serializeFields(BeanSerializerBase.java:770) ~[jackson-databind-2.18.4.jar:2.18.4]
	at com.fasterxml.jackson.databind.ser.BeanSerializer.serialize(BeanSerializer.java:184) ~[jackson-databind-2.18.4.jar:2.18.4]
	at com.fasterxml.jackson.databind.ser.BeanPropertyWriter.serializeAsField(BeanPropertyWriter.java:732) ~[jackson-databind-2.18.4.jar:2.18.4]
	at com.fasterxml.jackson.databind.ser.std.BeanSerializerBase.serializeFields(BeanSerializerBase.java:770) ~[jackson-databind-2.18.4.jar:2.18.4]
	at com.fasterxml.jackson.databind.ser.BeanSerializer.serialize(BeanSerializer.java:184) ~[jackson-databind-2.18.4.jar:2.18.4]
	at com.fasterxml.jackson.databind.ser.BeanPropertyWriter.serializeAsField(BeanPropertyWriter.java:732) ~[jackson-databind-2.18.4.jar:2.18.4]
	at com.fasterxml.jackson.databind.ser.std.BeanSerializerBase.serializeFields(BeanSerializerBase.java:770) ~[jackson-databind-2.18.4.jar:2.18.4]
	at com.fasterxml.jackson.databind.ser.BeanSerializer.serialize(BeanSerializer.java:184) ~[jackson-databind-2.18.4.jar:2.18.4]
	at com.fasterxml.jackson.databind.ser.BeanPropertyWriter.serializeAsField(BeanPropertyWriter.java:732) ~[jackson-databind-2.18.4.jar:2.18.4]
	at com.fasterxml.jackson.databind.ser.std.BeanSerializerBase.serializeFields(BeanSerializerBase.java:770) ~[jackson-databind-2.18.4.jar:2.18.4]
	at com.fasterxml.jackson.databind.ser.BeanSerializer.serialize(BeanSerializer.java:184) ~[jackson-databind-2.18.4.jar:2.18.4]
	at com.fasterxml.jackson.databind.ser.BeanPropertyWriter.serializeAsField(BeanPropertyWriter.java:732) ~[jackson-databind-2.18.4.jar:2.18.4]
	at com.fasterxml.jackson.databind.ser.std.BeanSerializerBase.serializeFields(BeanSerializerBase.java:770) ~[jackson-databind-2.18.4.jar:2.18.4]
	at com.fasterxml.jackson.databind.ser.BeanSerializer.serialize(BeanSerializer.java:184) ~[jackson-databind-2.18.4.jar:2.18.4]
	at com.fasterxml.jackson.databind.ser.BeanPropertyWriter.serializeAsField(BeanPropertyWriter.java:732) ~[jackson-databind-2.18.4.jar:2.18.4]
	at com.fasterxml.jackson.databind.ser.std.BeanSerializerBase.serializeFields(BeanSerializerBase.java:770) ~[jackson-databind-2.18.4.jar:2.18.4]
	at com.fasterxml.jackson.databind.ser.BeanSerializer.serialize(BeanSerializer.java:184) ~[jackson-databind-2.18.4.jar:2.18.4]
	at com.fasterxml.jackson.databind.ser.BeanPropertyWriter.serializeAsField(BeanPropertyWriter.java:732) ~[jackson-databind-2.18.4.jar:2.18.4]
	at com.fasterxml.jackson.databind.ser.std.BeanSerializerBase.serializeFields(BeanSerializerBase.java:770) ~[jackson-databind-2.18.4.jar:2.18.4]
	at com.fasterxml.jackson.databind.ser.BeanSerializer.serialize(BeanSerializer.java:184) ~[jackson-databind-2.18.4.jar:2.18.4]
	at com.fasterxml.jackson.databind.ser.BeanPropertyWriter.serializeAsField(BeanPropertyWriter.java:732) ~[jackson-databind-2.18.4.jar:2.18.4]
	at com.fasterxml.jackson.databind.ser.std.BeanSerializerBase.serializeFields(BeanSerializerBase.java:770) ~[jackson-databind-2.18.4.jar:2.18.4]
	at com.fasterxml.jackson.databind.ser.BeanSerializer.serialize(BeanSerializer.java:184) ~[jackson-databind-2.18.4.jar:2.18.4]
	at com.fasterxml.jackson.databind.ser.BeanPropertyWriter.serializeAsField(BeanPropertyWriter.java:732) ~[jackson-databind-2.18.4.jar:2.18.4]
	at com.fasterxml.jackson.databind.ser.std.BeanSerializerBase.serializeFields(BeanSerializerBase.java:770) ~[jackson-databind-2.18.4.jar:2.18.4]
	at com.fasterxml.jackson.databind.ser.BeanSerializer.serialize(BeanSerializer.java:184) ~[jackson-databind-2.18.4.jar:2.18.4]
	at com.fasterxml.jackson.databind.ser.BeanPropertyWriter.serializeAsField(BeanPropertyWriter.java:732) ~[jackson-databind-2.18.4.jar:2.18.4]
	at com.fasterxml.jackson.databind.ser.std.BeanSerializerBase.serializeFields(BeanSerializerBase.java:770) ~[jackson-databind-2.18.4.jar:2.18.4]
	at com.fasterxml.jackson.databind.ser.BeanSerializer.serialize(BeanSerializer.java:184) ~[jackson-databind-2.18.4.jar:2.18.4]
	at com.fasterxml.jackson.databind.ser.BeanPropertyWriter.serializeAsField(BeanPropertyWriter.java:732) ~[jackson-databind-2.18.4.jar:2.18.4]
	at com.fasterxml.jackson.databind.ser.std.BeanSerializerBase.serializeFields(BeanSerializerBase.java:770) ~[jackson-databind-2.18.4.jar:2.18.4]
	at com.fasterxml.jackson.databind.ser.BeanSerializer.serialize(BeanSerializer.java:184) ~[jackson-databind-2.18.4.jar:2.18.4]
	at com.fasterxml.jackson.databind.ser.BeanPropertyWriter.serializeAsField(BeanPropertyWriter.java:732) ~[jackson-databind-2.18.4.jar:2.18.4]
	at com.fasterxml.jackson.databind.ser.std.BeanSerializerBase.serializeFields(BeanSerializerBase.java:770) ~[jackson-databind-2.18.4.jar:2.18.4]
	at com.fasterxml.jackson.databind.ser.BeanSerializer.serialize(BeanSerializer.java:184) ~[jackson-databind-2.18.4.jar:2.18.4]
	at com.fasterxml.jackson.databind.ser.BeanPropertyWriter.serializeAsField(BeanPropertyWriter.java:732) ~[jackson-databind-2.18.4.jar:2.18.4]
	at com.fasterxml.jackson.databind.ser.std.BeanSerializerBase.serializeFields(BeanSerializerBase.java:770) ~[jackson-databind-2.18.4.jar:2.18.4]
	at com.fasterxml.jackson.databind.ser.BeanSerializer.serialize(BeanSerializer.java:184) ~[jackson-databind-2.18.4.jar:2.18.4]
	at com.fasterxml.jackson.databind.ser.BeanPropertyWriter.serializeAsField(BeanPropertyWriter.java:732) ~[jackson-databind-2.18.4.jar:2.18.4]
	at com.fasterxml.jackson.databind.ser.std.BeanSerializerBase.serializeFields(BeanSerializerBase.java:770) ~[jackson-databind-2.18.4.jar:2.18.4]
	at com.fasterxml.jackson.databind.ser.BeanSerializer.serialize(BeanSerializer.java:184) ~[jackson-databind-2.18.4.jar:2.18.4]
	at com.fasterxml.jackson.databind.ser.BeanPropertyWriter.serializeAsField(BeanPropertyWriter.java:732) ~[jackson-databind-2.18.4.jar:2.18.4]
	at com.fasterxml.jackson.databind.ser.std.BeanSerializerBase.serializeFields(BeanSerializerBase.java:770) ~[jackson-databind-2.18.4.jar:2.18.4]
	at com.fasterxml.jackson.databind.ser.BeanSerializer.serialize(BeanSerializer.java:184) ~[jackson-databind-2.18.4.jar:2.18.4]
	at com.fasterxml.jackson.databind.ser.BeanPropertyWriter.serializeAsField(BeanPropertyWriter.java:732) ~[jackson-databind-2.18.4.jar:2.18.4]
	at com.fasterxml.jackson.databind.ser.std.BeanSerializerBase.serializeFields(BeanSerializerBase.java:770) ~[jackson-databind-2.18.4.jar:2.18.4]
	at com.fasterxml.jackson.databind.ser.BeanSerializer.serialize(BeanSerializer.java:184) ~[jackson-databind-2.18.4.jar:2.18.4]
	at com.fasterxml.jackson.databind.ser.BeanPropertyWriter.serializeAsField(BeanPropertyWriter.java:732) ~[jackson-databind-2.18.4.jar:2.18.4]
	at com.fasterxml.jackson.databind.ser.std.BeanSerializerBase.serializeFields(BeanSerializerBase.java:770) ~[jackson-databind-2.18.4.jar:2.18.4]
	at com.fasterxml.jackson.databind.ser.BeanSerializer.serialize(BeanSerializer.java:184) ~[jackson-databind-2.18.4.jar:2.18.4]
	at com.fasterxml.jackson.databind.ser.BeanPropertyWriter.serializeAsField(BeanPropertyWriter.java:732) ~[jackson-databind-2.18.4.jar:2.18.4]
	at com.fasterxml.jackson.databind.ser.std.BeanSerializerBase.serializeFields(BeanSerializerBase.java:770) ~[jackson-databind-2.18.4.jar:2.18.4]
	at com.fasterxml.jackson.databind.ser.BeanSerializer.serialize(BeanSerializer.java:184) ~[jackson-databind-2.18.4.jar:2.18.4]
	at com.fasterxml.jackson.databind.ser.BeanPropertyWriter.serializeAsField(BeanPropertyWriter.java:732) ~[jackson-databind-2.18.4.jar:2.18.4]
	at com.fasterxml.jackson.databind.ser.std.BeanSerializerBase.serializeFields(BeanSerializerBase.java:770) ~[jackson-databind-2.18.4.jar:2.18.4]
	at com.fasterxml.jackson.databind.ser.BeanSerializer.serialize(BeanSerializer.java:184) ~[jackson-databind-2.18.4.jar:2.18.4]
	at com.fasterxml.jackson.databind.ser.BeanPropertyWriter.serializeAsField(BeanPropertyWriter.java:732) ~[jackson-databind-2.18.4.jar:2.18.4]
	at com.fasterxml.jackson.databind.ser.std.BeanSerializerBase.serializeFields(BeanSerializerBase.java:770) ~[jackson-databind-2.18.4.jar:2.18.4]
	at com.fasterxml.jackson.databind.ser.BeanSerializer.serialize(BeanSerializer.java:184) ~[jackson-databind-2.18.4.jar:2.18.4]
	at com.fasterxml.jackson.databind.ser.BeanPropertyWriter.serializeAsField(BeanPropertyWriter.java:732) ~[jackson-databind-2.18.4.jar:2.18.4]
	at com.fasterxml.jackson.databind.ser.std.BeanSerializerBase.serializeFields(BeanSerializerBase.java:770) ~[jackson-databind-2.18.4.jar:2.18.4]
	at com.fasterxml.jackson.databind.ser.BeanSerializer.serialize(BeanSerializer.java:184) ~[jackson-databind-2.18.4.jar:2.18.4]
	at com.fasterxml.jackson.databind.ser.BeanPropertyWriter.serializeAsField(BeanPropertyWriter.java:732) ~[jackson-databind-2.18.4.jar:2.18.4]
	at com.fasterxml.jackson.databind.ser.std.BeanSerializerBase.serializeFields(BeanSerializerBase.java:770) ~[jackson-databind-2.18.4.jar:2.18.4]
	at com.fasterxml.jackson.databind.ser.BeanSerializer.serialize(BeanSerializer.java:184) ~[jackson-databind-2.18.4.jar:2.18.4]
	at com.fasterxml.jackson.databind.ser.BeanPropertyWriter.serializeAsField(BeanPropertyWriter.java:732) ~[jackson-databind-2.18.4.jar:2.18.4]
	at com.fasterxml.jackson.databind.ser.std.BeanSerializerBase.serializeFields(BeanSerializerBase.java:770) ~[jackson-databind-2.18.4.jar:2.18.4]
	at com.fasterxml.jackson.databind.ser.BeanSerializer.serialize(BeanSerializer.java:184) ~[jackson-databind-2.18.4.jar:2.18.4]
	at com.fasterxml.jackson.databind.ser.BeanPropertyWriter.serializeAsField(BeanPropertyWriter.java:732) ~[jackson-databind-2.18.4.jar:2.18.4]
	at com.fasterxml.jackson.databind.ser.std.BeanSerializerBase.serializeFields(BeanSerializerBase.java:770) ~[jackson-databind-2.18.4.jar:2.18.4]
	at com.fasterxml.jackson.databind.ser.BeanSerializer.serialize(BeanSerializer.java:184) ~[jackson-databind-2.18.4.jar:2.18.4]
	at com.fasterxml.jackson.databind.ser.BeanPropertyWriter.serializeAsField(BeanPropertyWriter.java:732) ~[jackson-databind-2.18.4.jar:2.18.4]
	at com.fasterxml.jackson.databind.ser.std.BeanSerializerBase.serializeFields(BeanSerializerBase.java:770) ~[jackson-databind-2.18.4.jar:2.18.4]
	at com.fasterxml.jackson.databind.ser.BeanSerializer.serialize(BeanSerializer.java:184) ~[jackson-databind-2.18.4.jar:2.18.4]
	at com.fasterxml.jackson.databind.ser.BeanPropertyWriter.serializeAsField(BeanPropertyWriter.java:732) ~[jackson-databind-2.18.4.jar:2.18.4]
	at com.fasterxml.jackson.databind.ser.std.BeanSerializerBase.serializeFields(BeanSerializerBase.java:770) ~[jackson-databind-2.18.4.jar:2.18.4]
	at com.fasterxml.jackson.databind.ser.BeanSerializer.serialize(BeanSerializer.java:184) ~[jackson-databind-2.18.4.jar:2.18.4]
	at com.fasterxml.jackson.databind.ser.BeanPropertyWriter.serializeAsField(BeanPropertyWriter.java:732) ~[jackson-databind-2.18.4.jar:2.18.4]
	at com.fasterxml.jackson.databind.ser.std.BeanSerializerBase.serializeFields(BeanSerializerBase.java:770) ~[jackson-databind-2.18.4.jar:2.18.4]
	at com.fasterxml.jackson.databind.ser.BeanSerializer.serialize(BeanSerializer.java:184) ~[jackson-databind-2.18.4.jar:2.18.4]
	at com.fasterxml.jackson.databind.ser.BeanPropertyWriter.serializeAsField(BeanPropertyWriter.java:732) ~[jackson-databind-2.18.4.jar:2.18.4]
	at com.fasterxml.jackson.databind.ser.std.BeanSerializerBase.serializeFields(BeanSerializerBase.java:770) ~[jackson-databind-2.18.4.jar:2.18.4]
	at com.fasterxml.jackson.databind.ser.BeanSerializer.serialize(BeanSerializer.java:184) ~[jackson-databind-2.18.4.jar:2.18.4]
	at com.fasterxml.jackson.databind.ser.BeanPropertyWriter.serializeAsField(BeanPropertyWriter.java:732) ~[jackson-databind-2.18.4.jar:2.18.4]
	at com.fasterxml.jackson.databind.ser.std.BeanSerializerBase.serializeFields(BeanSerializerBase.java:770) ~[jackson-databind-2.18.4.jar:2.18.4]
	at com.fasterxml.jackson.databind.ser.BeanSerializer.serialize(BeanSerializer.java:184) ~[jackson-databind-2.18.4.jar:2.18.4]
	at com.fasterxml.jackson.databind.ser.BeanPropertyWriter.serializeAsField(BeanPropertyWriter.java:732) ~[jackson-databind-2.18.4.jar:2.18.4]
	at com.fasterxml.jackson.databind.ser.std.BeanSerializerBase.serializeFields(BeanSerializerBase.java:770) ~[jackson-databind-2.18.4.jar:2.18.4]
	at com.fasterxml.jackson.databind.ser.BeanSerializer.serialize(BeanSerializer.java:184) ~[jackson-databind-2.18.4.jar:2.18.4]
	at com.fasterxml.jackson.databind.ser.BeanPropertyWriter.serializeAsField(BeanPropertyWriter.java:732) ~[jackson-databind-2.18.4.jar:2.18.4]
	at com.fasterxml.jackson.databind.ser.std.BeanSerializerBase.serializeFields(BeanSerializerBase.java:770) ~[jackson-databind-2.18.4.jar:2.18.4]
	at com.fasterxml.jackson.databind.ser.BeanSerializer.serialize(BeanSerializer.java:184) ~[jackson-databind-2.18.4.jar:2.18.4]
	at com.fasterxml.jackson.databind.ser.BeanPropertyWriter.serializeAsField(BeanPropertyWriter.java:732) ~[jackson-databind-2.18.4.jar:2.18.4]
	at com.fasterxml.jackson.databind.ser.std.BeanSerializerBase.serializeFields(BeanSerializerBase.java:770) ~[jackson-databind-2.18.4.jar:2.18.4]
	at com.fasterxml.jackson.databind.ser.BeanSerializer.serialize(BeanSerializer.java:184) ~[jackson-databind-2.18.4.jar:2.18.4]
	at com.fasterxml.jackson.databind.ser.BeanPropertyWriter.serializeAsField(BeanPropertyWriter.java:732) ~[jackson-databind-2.18.4.jar:2.18.4]
	at com.fasterxml.jackson.databind.ser.std.BeanSerializerBase.serializeFields(BeanSerializerBase.java:770) ~[jackson-databind-2.18.4.jar:2.18.4]
	at com.fasterxml.jackson.databind.ser.BeanSerializer.serialize(BeanSerializer.java:184) ~[jackson-databind-2.18.4.jar:2.18.4]
	at com.fasterxml.jackson.databind.ser.BeanPropertyWriter.serializeAsField(BeanPropertyWriter.java:732) ~[jackson-databind-2.18.4.jar:2.18.4]
	at com.fasterxml.jackson.databind.ser.std.BeanSerializerBase.serializeFields(BeanSerializerBase.java:770) ~[jackson-databind-2.18.4.jar:2.18.4]
	at com.fasterxml.jackson.databind.ser.BeanSerializer.serialize(BeanSerializer.java:184) ~[jackson-databind-2.18.4.jar:2.18.4]
	at com.fasterxml.jackson.databind.ser.BeanPropertyWriter.serializeAsField(BeanPropertyWriter.java:732) ~[jackson-databind-2.18.4.jar:2.18.4]
	at com.fasterxml.jackson.databind.ser.std.BeanSerializerBase.serializeFields(BeanSerializerBase.java:770) ~[jackson-databind-2.18.4.jar:2.18.4]
	at com.fasterxml.jackson.databind.ser.BeanSerializer.serialize(BeanSerializer.java:184) ~[jackson-databind-2.18.4.jar:2.18.4]
	at com.fasterxml.jackson.databind.ser.BeanPropertyWriter.serializeAsField(BeanPropertyWriter.java:732) ~[jackson-databind-2.18.4.jar:2.18.4]
	at com.fasterxml.jackson.databind.ser.std.BeanSerializerBase.serializeFields(BeanSerializerBase.java:770) ~[jackson-databind-2.18.4.jar:2.18.4]
	at com.fasterxml.jackson.databind.ser.BeanSerializer.serialize(BeanSerializer.java:184) ~[jackson-databind-2.18.4.jar:2.18.4]
	at com.fasterxml.jackson.databind.ser.BeanPropertyWriter.serializeAsField(BeanPropertyWriter.java:732) ~[jackson-databind-2.18.4.jar:2.18.4]
	at com.fasterxml.jackson.databind.ser.std.BeanSerializerBase.serializeFields(BeanSerializerBase.java:770) ~[jackson-databind-2.18.4.jar:2.18.4]
	at com.fasterxml.jackson.databind.ser.BeanSerializer.serialize(BeanSerializer.java:184) ~[jackson-databind-2.18.4.jar:2.18.4]
	at com.fasterxml.jackson.databind.ser.BeanPropertyWriter.serializeAsField(BeanPropertyWriter.java:732) ~[jackson-databind-2.18.4.jar:2.18.4]
	at com.fasterxml.jackson.databind.ser.std.BeanSerializerBase.serializeFields(BeanSerializerBase.java:770) ~[jackson-databind-2.18.4.jar:2.18.4]
	at com.fasterxml.jackson.databind.ser.BeanSerializer.serialize(BeanSerializer.java:184) ~[jackson-databind-2.18.4.jar:2.18.4]
	at com.fasterxml.jackson.databind.ser.BeanPropertyWriter.serializeAsField(BeanPropertyWriter.java:732) ~[jackson-databind-2.18.4.jar:2.18.4]
	at com.fasterxml.jackson.databind.ser.std.BeanSerializerBase.serializeFields(BeanSerializerBase.java:770) ~[jackson-databind-2.18.4.jar:2.18.4]
	at com.fasterxml.jackson.databind.ser.BeanSerializer.serialize(BeanSerializer.java:184) ~[jackson-databind-2.18.4.jar:2.18.4]
	at com.fasterxml.jackson.databind.ser.BeanPropertyWriter.serializeAsField(BeanPropertyWriter.java:732) ~[jackson-databind-2.18.4.jar:2.18.4]
	at com.fasterxml.jackson.databind.ser.std.BeanSerializerBase.serializeFields(BeanSerializerBase.java:770) ~[jackson-databind-2.18.4.jar:2.18.4]
	at com.fasterxml.jackson.databind.ser.BeanSerializer.serialize(BeanSerializer.java:184) ~[jackson-databind-2.18.4.jar:2.18.4]
	at com.fasterxml.jackson.databind.ser.BeanPropertyWriter.serializeAsField(BeanPropertyWriter.java:732) ~[jackson-databind-2.18.4.jar:2.18.4]
	at com.fasterxml.jackson.databind.ser.std.BeanSerializerBase.serializeFields(BeanSerializerBase.java:770) ~[jackson-databind-2.18.4.jar:2.18.4]
	at com.fasterxml.jackson.databind.ser.BeanSerializer.serialize(BeanSerializer.java:184) ~[jackson-databind-2.18.4.jar:2.18.4]
	at com.fasterxml.jackson.databind.ser.BeanPropertyWriter.serializeAsField(BeanPropertyWriter.java:732) ~[jackson-databind-2.18.4.jar:2.18.4]
	at com.fasterxml.jackson.databind.ser.std.BeanSerializerBase.serializeFields(BeanSerializerBase.java:770) ~[jackson-databind-2.18.4.jar:2.18.4]
	at com.fasterxml.jackson.databind.ser.BeanSerializer.serialize(BeanSerializer.java:184) ~[jackson-databind-2.18.4.jar:2.18.4]
	at com.fasterxml.jackson.databind.ser.BeanPropertyWriter.serializeAsField(BeanPropertyWriter.java:732) ~[jackson-databind-2.18.4.jar:2.18.4]
	at com.fasterxml.jackson.databind.ser.std.BeanSerializerBase.serializeFields(BeanSerializerBase.java:770) ~[jackson-databind-2.18.4.jar:2.18.4]
	at com.fasterxml.jackson.databind.ser.BeanSerializer.serialize(BeanSerializer.java:184) ~[jackson-databind-2.18.4.jar:2.18.4]
	at com.fasterxml.jackson.databind.ser.BeanPropertyWriter.serializeAsField(BeanPropertyWriter.java:732) ~[jackson-databind-2.18.4.jar:2.18.4]
	at com.fasterxml.jackson.databind.ser.std.BeanSerializerBase.serializeFields(BeanSerializerBase.java:770) ~[jackson-databind-2.18.4.jar:2.18.4]
	at com.fasterxml.jackson.databind.ser.BeanSerializer.serialize(BeanSerializer.java:184) ~[jackson-databind-2.18.4.jar:2.18.4]
	at com.fasterxml.jackson.databind.ser.BeanPropertyWriter.serializeAsField(BeanPropertyWriter.java:732) ~[jackson-databind-2.18.4.jar:2.18.4]
	at com.fasterxml.jackson.databind.ser.std.BeanSerializerBase.serializeFields(BeanSerializerBase.java:770) ~[jackson-databind-2.18.4.jar:2.18.4]
	at com.fasterxml.jackson.databind.ser.BeanSerializer.serialize(BeanSerializer.java:184) ~[jackson-databind-2.18.4.jar:2.18.4]
	at com.fasterxml.jackson.databind.ser.BeanPropertyWriter.serializeAsField(BeanPropertyWriter.java:732) ~[jackson-databind-2.18.4.jar:2.18.4]
	at com.fasterxml.jackson.databind.ser.std.BeanSerializerBase.serializeFields(BeanSerializerBase.java:770) ~[jackson-databind-2.18.4.jar:2.18.4]
	at com.fasterxml.jackson.databind.ser.BeanSerializer.serialize(BeanSerializer.java:184) ~[jackson-databind-2.18.4.jar:2.18.4]
	at com.fasterxml.jackson.databind.ser.BeanPropertyWriter.serializeAsField(BeanPropertyWriter.java:732) ~[jackson-databind-2.18.4.jar:2.18.4]
	at com.fasterxml.jackson.databind.ser.std.BeanSerializerBase.serializeFields(BeanSerializerBase.java:770) ~[jackson-databind-2.18.4.jar:2.18.4]
	at com.fasterxml.jackson.databind.ser.BeanSerializer.serialize(BeanSerializer.java:184) ~[jackson-databind-2.18.4.jar:2.18.4]
	at com.fasterxml.jackson.databind.ser.BeanPropertyWriter.serializeAsField(BeanPropertyWriter.java:732) ~[jackson-databind-2.18.4.jar:2.18.4]
	at com.fasterxml.jackson.databind.ser.std.BeanSerializerBase.serializeFields(BeanSerializerBase.java:770) ~[jackson-databind-2.18.4.jar:2.18.4]
	at com.fasterxml.jackson.databind.ser.BeanSerializer.serialize(BeanSerializer.java:184) ~[jackson-databind-2.18.4.jar:2.18.4]
	at com.fasterxml.jackson.databind.ser.BeanPropertyWriter.serializeAsField(BeanPropertyWriter.java:732) ~[jackson-databind-2.18.4.jar:2.18.4]
	at com.fasterxml.jackson.databind.ser.std.BeanSerializerBase.serializeFields(BeanSerializerBase.java:770) ~[jackson-databind-2.18.4.jar:2.18.4]
	at com.fasterxml.jackson.databind.ser.BeanSerializer.serialize(BeanSerializer.java:184) ~[jackson-databind-2.18.4.jar:2.18.4]
	at com.fasterxml.jackson.databind.ser.BeanPropertyWriter.serializeAsField(BeanPropertyWriter.java:732) ~[jackson-databind-2.18.4.jar:2.18.4]
	at com.fasterxml.jackson.databind.ser.std.BeanSerializerBase.serializeFields(BeanSerializerBase.java:770) ~[jackson-databind-2.18.4.jar:2.18.4]
	at com.fasterxml.jackson.databind.ser.BeanSerializer.serialize(BeanSerializer.java:184) ~[jackson-databind-2.18.4.jar:2.18.4]
	at com.fasterxml.jackson.databind.ser.BeanPropertyWriter.serializeAsField(BeanPropertyWriter.java:732) ~[jackson-databind-2.18.4.jar:2.18.4]
	at com.fasterxml.jackson.databind.ser.std.BeanSerializerBase.serializeFields(BeanSerializerBase.java:770) ~[jackson-databind-2.18.4.jar:2.18.4]
	at com.fasterxml.jackson.databind.ser.BeanSerializer.serialize(BeanSerializer.java:184) ~[jackson-databind-2.18.4.jar:2.18.4]
	at com.fasterxml.jackson.databind.ser.BeanPropertyWriter.serializeAsField(BeanPropertyWriter.java:732) ~[jackson-databind-2.18.4.jar:2.18.4]
	at com.fasterxml.jackson.databind.ser.std.BeanSerializerBase.serializeFields(BeanSerializerBase.java:770) ~[jackson-databind-2.18.4.jar:2.18.4]
	at com.fasterxml.jackson.databind.ser.BeanSerializer.serialize(BeanSerializer.java:184) ~[jackson-databind-2.18.4.jar:2.18.4]
	at com.fasterxml.jackson.databind.ser.BeanPropertyWriter.serializeAsField(BeanPropertyWriter.java:732) ~[jackson-databind-2.18.4.jar:2.18.4]
	at com.fasterxml.jackson.databind.ser.std.BeanSerializerBase.serializeFields(BeanSerializerBase.java:770) ~[jackson-databind-2.18.4.jar:2.18.4]
	at com.fasterxml.jackson.databind.ser.BeanSerializer.serialize(BeanSerializer.java:184) ~[jackson-databind-2.18.4.jar:2.18.4]
	at com.fasterxml.jackson.databind.ser.BeanPropertyWriter.serializeAsField(BeanPropertyWriter.java:732) ~[jackson-databind-2.18.4.jar:2.18.4]
	at com.fasterxml.jackson.databind.ser.std.BeanSerializerBase.serializeFields(BeanSerializerBase.java:770) ~[jackson-databind-2.18.4.jar:2.18.4]
	at com.fasterxml.jackson.databind.ser.BeanSerializer.serialize(BeanSerializer.java:184) ~[jackson-databind-2.18.4.jar:2.18.4]
	at com.fasterxml.jackson.databind.ser.BeanPropertyWriter.serializeAsField(BeanPropertyWriter.java:732) ~[jackson-databind-2.18.4.jar:2.18.4]
	at com.fasterxml.jackson.databind.ser.std.BeanSerializerBase.serializeFields(BeanSerializerBase.java:770) ~[jackson-databind-2.18.4.jar:2.18.4]
	at com.fasterxml.jackson.databind.ser.BeanSerializer.serialize(BeanSerializer.java:184) ~[jackson-databind-2.18.4.jar:2.18.4]
	at com.fasterxml.jackson.databind.ser.BeanPropertyWriter.serializeAsField(BeanPropertyWriter.java:732) ~[jackson-databind-2.18.4.jar:2.18.4]
	at com.fasterxml.jackson.databind.ser.std.BeanSerializerBase.serializeFields(BeanSerializerBase.java:770) ~[jackson-databind-2.18.4.jar:2.18.4]
	at com.fasterxml.jackson.databind.ser.BeanSerializer.serialize(BeanSerializer.java:184) ~[jackson-databind-2.18.4.jar:2.18.4]
	at com.fasterxml.jackson.databind.ser.BeanPropertyWriter.serializeAsField(BeanPropertyWriter.java:732) ~[jackson-databind-2.18.4.jar:2.18.4]
	at com.fasterxml.jackson.databind.ser.std.BeanSerializerBase.serializeFields(BeanSerializerBase.java:770) ~[jackson-databind-2.18.4.jar:2.18.4]
	at com.fasterxml.jackson.databind.ser.BeanSerializer.serialize(BeanSerializer.java:184) ~[jackson-databind-2.18.4.jar:2.18.4]
	at com.fasterxml.jackson.databind.ser.BeanPropertyWriter.serializeAsField(BeanPropertyWriter.java:732) ~[jackson-databind-2.18.4.jar:2.18.4]
	at com.fasterxml.jackson.databind.ser.std.BeanSerializerBase.serializeFields(BeanSerializerBase.java:770) ~[jackson-databind-2.18.4.jar:2.18.4]
	at com.fasterxml.jackson.databind.ser.BeanSerializer.serialize(BeanSerializer.java:184) ~[jackson-databind-2.18.4.jar:2.18.4]
	at com.fasterxml.jackson.databind.ser.BeanPropertyWriter.serializeAsField(BeanPropertyWriter.java:732) ~[jackson-databind-2.18.4.jar:2.18.4]
	at com.fasterxml.jackson.databind.ser.std.BeanSerializerBase.serializeFields(BeanSerializerBase.java:770) ~[jackson-databind-2.18.4.jar:2.18.4]
	at com.fasterxml.jackson.databind.ser.BeanSerializer.serialize(BeanSerializer.java:184) ~[jackson-databind-2.18.4.jar:2.18.4]
	at com.fasterxml.jackson.databind.ser.BeanPropertyWriter.serializeAsField(BeanPropertyWriter.java:732) ~[jackson-databind-2.18.4.jar:2.18.4]
	at com.fasterxml.jackson.databind.ser.std.BeanSerializerBase.serializeFields(BeanSerializerBase.java:770) ~[jackson-databind-2.18.4.jar:2.18.4]
	at com.fasterxml.jackson.databind.ser.BeanSerializer.serialize(BeanSerializer.java:184) ~[jackson-databind-2.18.4.jar:2.18.4]
	at com.fasterxml.jackson.databind.ser.BeanPropertyWriter.serializeAsField(BeanPropertyWriter.java:732) ~[jackson-databind-2.18.4.jar:2.18.4]
	at com.fasterxml.jackson.databind.ser.std.BeanSerializerBase.serializeFields(BeanSerializerBase.java:770) ~[jackson-databind-2.18.4.jar:2.18.4]
	at com.fasterxml.jackson.databind.ser.BeanSerializer.serialize(BeanSerializer.java:184) ~[jackson-databind-2.18.4.jar:2.18.4]
	at com.fasterxml.jackson.databind.ser.BeanPropertyWriter.serializeAsField(BeanPropertyWriter.java:732) ~[jackson-databind-2.18.4.jar:2.18.4]
	at com.fasterxml.jackson.databind.ser.std.BeanSerializerBase.serializeFields(BeanSerializerBase.java:770) ~[jackson-databind-2.18.4.jar:2.18.4]
	at com.fasterxml.jackson.databind.ser.BeanSerializer.serialize(BeanSerializer.java:184) ~[jackson-databind-2.18.4.jar:2.18.4]
	at com.fasterxml.jackson.databind.ser.BeanPropertyWriter.serializeAsField(BeanPropertyWriter.java:732) ~[jackson-databind-2.18.4.jar:2.18.4]
	at com.fasterxml.jackson.databind.ser.std.BeanSerializerBase.serializeFields(BeanSerializerBase.java:770) ~[jackson-databind-2.18.4.jar:2.18.4]
	at com.fasterxml.jackson.databind.ser.BeanSerializer.serialize(BeanSerializer.java:184) ~[jackson-databind-2.18.4.jar:2.18.4]
	at com.fasterxml.jackson.databind.ser.BeanPropertyWriter.serializeAsField(BeanPropertyWriter.java:732) ~[jackson-databind-2.18.4.jar:2.18.4]
	at com.fasterxml.jackson.databind.ser.std.BeanSerializerBase.serializeFields(BeanSerializerBase.java:770) ~[jackson-databind-2.18.4.jar:2.18.4]
	at com.fasterxml.jackson.databind.ser.BeanSerializer.serialize(BeanSerializer.java:184) ~[jackson-databind-2.18.4.jar:2.18.4]
	at com.fasterxml.jackson.databind.ser.BeanPropertyWriter.serializeAsField(BeanPropertyWriter.java:732) ~[jackson-databind-2.18.4.jar:2.18.4]
	at com.fasterxml.jackson.databind.ser.std.BeanSerializerBase.serializeFields(BeanSerializerBase.java:770) ~[jackson-databind-2.18.4.jar:2.18.4]
	at com.fasterxml.jackson.databind.ser.BeanSerializer.serialize(BeanSerializer.java:184) ~[jackson-databind-2.18.4.jar:2.18.4]
	at com.fasterxml.jackson.databind.ser.BeanPropertyWriter.serializeAsField(BeanPropertyWriter.java:732) ~[jackson-databind-2.18.4.jar:2.18.4]
	at com.fasterxml.jackson.databind.ser.std.BeanSerializerBase.serializeFields(BeanSerializerBase.java:770) ~[jackson-databind-2.18.4.jar:2.18.4]
	at com.fasterxml.jackson.databind.ser.BeanSerializer.serialize(BeanSerializer.java:184) ~[jackson-databind-2.18.4.jar:2.18.4]
	at com.fasterxml.jackson.databind.ser.BeanPropertyWriter.serializeAsField(BeanPropertyWriter.java:732) ~[jackson-databind-2.18.4.jar:2.18.4]
	at com.fasterxml.jackson.databind.ser.std.BeanSerializerBase.serializeFields(BeanSerializerBase.java:770) ~[jackson-databind-2.18.4.jar:2.18.4]
	at com.fasterxml.jackson.databind.ser.BeanSerializer.serialize(BeanSerializer.java:184) ~[jackson-databind-2.18.4.jar:2.18.4]
	at com.fasterxml.jackson.databind.ser.BeanPropertyWriter.serializeAsField(BeanPropertyWriter.java:732) ~[jackson-databind-2.18.4.jar:2.18.4]
	at com.fasterxml.jackson.databind.ser.std.BeanSerializerBase.serializeFields(BeanSerializerBase.java:770) ~[jackson-databind-2.18.4.jar:2.18.4]
	at com.fasterxml.jackson.databind.ser.BeanSerializer.serialize(BeanSerializer.java:184) ~[jackson-databind-2.18.4.jar:2.18.4]
	at com.fasterxml.jackson.databind.ser.BeanPropertyWriter.serializeAsField(BeanPropertyWriter.java:732) ~[jackson-databind-2.18.4.jar:2.18.4]
	at com.fasterxml.jackson.databind.ser.std.BeanSerializerBase.serializeFields(BeanSerializerBase.java:770) ~[jackson-databind-2.18.4.jar:2.18.4]
	at com.fasterxml.jackson.databind.ser.BeanSerializer.serialize(BeanSerializer.java:184) ~[jackson-databind-2.18.4.jar:2.18.4]
	at com.fasterxml.jackson.databind.ser.BeanPropertyWriter.serializeAsField(BeanPropertyWriter.java:732) ~[jackson-databind-2.18.4.jar:2.18.4]
	at com.fasterxml.jackson.databind.ser.std.BeanSerializerBase.serializeFields(BeanSerializerBase.java:770) ~[jackson-databind-2.18.4.jar:2.18.4]
	at com.fasterxml.jackson.databind.ser.BeanSerializer.serialize(BeanSerializer.java:184) ~[jackson-databind-2.18.4.jar:2.18.4]
	at com.fasterxml.jackson.databind.ser.BeanPropertyWriter.serializeAsField(BeanPropertyWriter.java:732) ~[jackson-databind-2.18.4.jar:2.18.4]
	at com.fasterxml.jackson.databind.ser.std.BeanSerializerBase.serializeFields(BeanSerializerBase.java:770) ~[jackson-databind-2.18.4.jar:2.18.4]
	at com.fasterxml.jackson.databind.ser.BeanSerializer.serialize(BeanSerializer.java:184) ~[jackson-databind-2.18.4.jar:2.18.4]
	at com.fasterxml.jackson.databind.ser.BeanPropertyWriter.serializeAsField(BeanPropertyWriter.java:732) ~[jackson-databind-2.18.4.jar:2.18.4]
	at com.fasterxml.jackson.databind.ser.std.BeanSerializerBase.serializeFields(BeanSerializerBase.java:770) ~[jackson-databind-2.18.4.jar:2.18.4]
	at com.fasterxml.jackson.databind.ser.BeanSerializer.serialize(BeanSerializer.java:184) ~[jackson-databind-2.18.4.jar:2.18.4]
	at com.fasterxml.jackson.databind.ser.BeanPropertyWriter.serializeAsField(BeanPropertyWriter.java:732) ~[jackson-databind-2.18.4.jar:2.18.4]
	at com.fasterxml.jackson.databind.ser.std.BeanSerializerBase.serializeFields(BeanSerializerBase.java:770) ~[jackson-databind-2.18.4.jar:2.18.4]
	at com.fasterxml.jackson.databind.ser.BeanSerializer.serialize(BeanSerializer.java:184) ~[jackson-databind-2.18.4.jar:2.18.4]
	at com.fasterxml.jackson.databind.ser.BeanPropertyWriter.serializeAsField(BeanPropertyWriter.java:732) ~[jackson-databind-2.18.4.jar:2.18.4]
	at com.fasterxml.jackson.databind.ser.std.BeanSerializerBase.serializeFields(BeanSerializerBase.java:770) ~[jackson-databind-2.18.4.jar:2.18.4]
	at com.fasterxml.jackson.databind.ser.BeanSerializer.serialize(BeanSerializer.java:184) ~[jackson-databind-2.18.4.jar:2.18.4]
	at com.fasterxml.jackson.databind.ser.BeanPropertyWriter.serializeAsField(BeanPropertyWriter.java:732) ~[jackson-databind-2.18.4.jar:2.18.4]
	at com.fasterxml.jackson.databind.ser.std.BeanSerializerBase.serializeFields(BeanSerializerBase.java:770) ~[jackson-databind-2.18.4.jar:2.18.4]
	at com.fasterxml.jackson.databind.ser.BeanSerializer.serialize(BeanSerializer.java:184) ~[jackson-databind-2.18.4.jar:2.18.4]
	at com.fasterxml.jackson.databind.ser.BeanPropertyWriter.serializeAsField(BeanPropertyWriter.java:732) ~[jackson-databind-2.18.4.jar:2.18.4]
	at com.fasterxml.jackson.databind.ser.std.BeanSerializerBase.serializeFields(BeanSerializerBase.java:770) ~[jackson-databind-2.18.4.jar:2.18.4]
	at com.fasterxml.jackson.databind.ser.BeanSerializer.serialize(BeanSerializer.java:184) ~[jackson-databind-2.18.4.jar:2.18.4]
	at com.fasterxml.jackson.databind.ser.BeanPropertyWriter.serializeAsField(BeanPropertyWriter.java:732) ~[jackson-databind-2.18.4.jar:2.18.4]
	at com.fasterxml.jackson.databind.ser.std.BeanSerializerBase.serializeFields(BeanSerializerBase.java:770) ~[jackson-databind-2.18.4.jar:2.18.4]
	at com.fasterxml.jackson.databind.ser.BeanSerializer.serialize(BeanSerializer.java:184) ~[jackson-databind-2.18.4.jar:2.18.4]
	at com.fasterxml.jackson.databind.ser.BeanPropertyWriter.serializeAsField(BeanPropertyWriter.java:732) ~[jackson-databind-2.18.4.jar:2.18.4]
	at com.fasterxml.jackson.databind.ser.std.BeanSerializerBase.serializeFields(BeanSerializerBase.java:770) ~[jackson-databind-2.18.4.jar:2.18.4]
	at com.fasterxml.jackson.databind.ser.BeanSerializer.serialize(BeanSerializer.java:184) ~[jackson-databind-2.18.4.jar:2.18.4]
	at com.fasterxml.jackson.databind.ser.BeanPropertyWriter.serializeAsField(BeanPropertyWriter.java:732) ~[jackson-databind-2.18.4.jar:2.18.4]
	at com.fasterxml.jackson.databind.ser.std.BeanSerializerBase.serializeFields(BeanSerializerBase.java:770) ~[jackson-databind-2.18.4.jar:2.18.4]
	at com.fasterxml.jackson.databind.ser.BeanSerializer.serialize(BeanSerializer.java:184) ~[jackson-databind-2.18.4.jar:2.18.4]
	at com.fasterxml.jackson.databind.ser.BeanPropertyWriter.serializeAsField(BeanPropertyWriter.java:732) ~[jackson-databind-2.18.4.jar:2.18.4]
	at com.fasterxml.jackson.databind.ser.std.BeanSerializerBase.serializeFields(BeanSerializerBase.java:770) ~[jackson-databind-2.18.4.jar:2.18.4]
	at com.fasterxml.jackson.databind.ser.BeanSerializer.serialize(BeanSerializer.java:184) ~[jackson-databind-2.18.4.jar:2.18.4]
	at com.fasterxml.jackson.databind.ser.BeanPropertyWriter.serializeAsField(BeanPropertyWriter.java:732) ~[jackson-databind-2.18.4.jar:2.18.4]
	at com.fasterxml.jackson.databind.ser.std.BeanSerializerBase.serializeFields(BeanSerializerBase.java:770) ~[jackson-databind-2.18.4.jar:2.18.4]
	at com.fasterxml.jackson.databind.ser.BeanSerializer.serialize(BeanSerializer.java:184) ~[jackson-databind-2.18.4.jar:2.18.4]
	at com.fasterxml.jackson.databind.ser.BeanPropertyWriter.serializeAsField(BeanPropertyWriter.java:732) ~[jackson-databind-2.18.4.jar:2.18.4]
	at com.fasterxml.jackson.databind.ser.std.BeanSerializerBase.serializeFields(BeanSerializerBase.java:770) ~[jackson-databind-2.18.4.jar:2.18.4]
	at com.fasterxml.jackson.databind.ser.BeanSerializer.serialize(BeanSerializer.java:184) ~[jackson-databind-2.18.4.jar:2.18.4]
	at com.fasterxml.jackson.databind.ser.BeanPropertyWriter.serializeAsField(BeanPropertyWriter.java:732) ~[jackson-databind-2.18.4.jar:2.18.4]
	at com.fasterxml.jackson.databind.ser.std.BeanSerializerBase.serializeFields(BeanSerializerBase.java:770) ~[jackson-databind-2.18.4.jar:2.18.4]
	at com.fasterxml.jackson.databind.ser.BeanSerializer.serialize(BeanSerializer.java:184) ~[jackson-databind-2.18.4.jar:2.18.4]
	at com.fasterxml.jackson.databind.ser.BeanPropertyWriter.serializeAsField(BeanPropertyWriter.java:732) ~[jackson-databind-2.18.4.jar:2.18.4]
	at com.fasterxml.jackson.databind.ser.std.BeanSerializerBase.serializeFields(BeanSerializerBase.java:770) ~[jackson-databind-2.18.4.jar:2.18.4]
	at com.fasterxml.jackson.databind.ser.BeanSerializer.serialize(BeanSerializer.java:184) ~[jackson-databind-2.18.4.jar:2.18.4]
	at com.fasterxml.jackson.databind.ser.BeanPropertyWriter.serializeAsField(BeanPropertyWriter.java:732) ~[jackson-databind-2.18.4.jar:2.18.4]
	at com.fasterxml.jackson.databind.ser.std.BeanSerializerBase.serializeFields(BeanSerializerBase.java:770) ~[jackson-databind-2.18.4.jar:2.18.4]
	at com.fasterxml.jackson.databind.ser.BeanSerializer.serialize(BeanSerializer.java:184) ~[jackson-databind-2.18.4.jar:2.18.4]
	at com.fasterxml.jackson.databind.ser.BeanPropertyWriter.serializeAsField(BeanPropertyWriter.java:732) ~[jackson-databind-2.18.4.jar:2.18.4]
	at com.fasterxml.jackson.databind.ser.std.BeanSerializerBase.serializeFields(BeanSerializerBase.java:770) ~[jackson-databind-2.18.4.jar:2.18.4]
	at com.fasterxml.jackson.databind.ser.BeanSerializer.serialize(BeanSerializer.java:184) ~[jackson-databind-2.18.4.jar:2.18.4]
	at com.fasterxml.jackson.databind.ser.BeanPropertyWriter.serializeAsField(BeanPropertyWriter.java:732) ~[jackson-databind-2.18.4.jar:2.18.4]
	at com.fasterxml.jackson.databind.ser.std.BeanSerializerBase.serializeFields(BeanSerializerBase.java:770) ~[jackson-databind-2.18.4.jar:2.18.4]
	at com.fasterxml.jackson.databind.ser.BeanSerializer.serialize(BeanSerializer.java:184) ~[jackson-databind-2.18.4.jar:2.18.4]
	at com.fasterxml.jackson.databind.ser.BeanPropertyWriter.serializeAsField(BeanPropertyWriter.java:732) ~[jackson-databind-2.18.4.jar:2.18.4]
	at com.fasterxml.jackson.databind.ser.std.BeanSerializerBase.serializeFields(BeanSerializerBase.java:770) ~[jackson-databind-2.18.4.jar:2.18.4]
	at com.fasterxml.jackson.databind.ser.BeanSerializer.serialize(BeanSerializer.java:184) ~[jackson-databind-2.18.4.jar:2.18.4]
	at com.fasterxml.jackson.databind.ser.BeanPropertyWriter.serializeAsField(BeanPropertyWriter.java:732) ~[jackson-databind-2.18.4.jar:2.18.4]
	at com.fasterxml.jackson.databind.ser.std.BeanSerializerBase.serializeFields(BeanSerializerBase.java:770) ~[jackson-databind-2.18.4.jar:2.18.4]
	at com.fasterxml.jackson.databind.ser.BeanSerializer.serialize(BeanSerializer.java:184) ~[jackson-databind-2.18.4.jar:2.18.4]
	at com.fasterxml.jackson.databind.ser.BeanPropertyWriter.serializeAsField(BeanPropertyWriter.java:732) ~[jackson-databind-2.18.4.jar:2.18.4]
	at com.fasterxml.jackson.databind.ser.std.BeanSerializerBase.serializeFields(BeanSerializerBase.java:770) ~[jackson-databind-2.18.4.jar:2.18.4]
	at com.fasterxml.jackson.databind.ser.BeanSerializer.serialize(BeanSerializer.java:184) ~[jackson-databind-2.18.4.jar:2.18.4]
	at com.fasterxml.jackson.databind.ser.BeanPropertyWriter.serializeAsField(BeanPropertyWriter.java:732) ~[jackson-databind-2.18.4.jar:2.18.4]
	at com.fasterxml.jackson.databind.ser.std.BeanSerializerBase.serializeFields(BeanSerializerBase.java:770) ~[jackson-databind-2.18.4.jar:2.18.4]
	at com.fasterxml.jackson.databind.ser.BeanSerializer.serialize(BeanSerializer.java:184) ~[jackson-databind-2.18.4.jar:2.18.4]
	at com.fasterxml.jackson.databind.ser.BeanPropertyWriter.serializeAsField(BeanPropertyWriter.java:732) ~[jackson-databind-2.18.4.jar:2.18.4]
	at com.fasterxml.jackson.databind.ser.std.BeanSerializerBase.serializeFields(BeanSerializerBase.java:770) ~[jackson-databind-2.18.4.jar:2.18.4]
	at com.fasterxml.jackson.databind.ser.BeanSerializer.serialize(BeanSerializer.java:184) ~[jackson-databind-2.18.4.jar:2.18.4]
	at com.fasterxml.jackson.databind.ser.BeanPropertyWriter.serializeAsField(BeanPropertyWriter.java:732) ~[jackson-databind-2.18.4.jar:2.18.4]
	at com.fasterxml.jackson.databind.ser.std.BeanSerializerBase.serializeFields(BeanSerializerBase.java:770) ~[jackson-databind-2.18.4.jar:2.18.4]
	at com.fasterxml.jackson.databind.ser.BeanSerializer.serialize(BeanSerializer.java:184) ~[jackson-databind-2.18.4.jar:2.18.4]
	at com.fasterxml.jackson.databind.ser.BeanPropertyWriter.serializeAsField(BeanPropertyWriter.java:732) ~[jackson-databind-2.18.4.jar:2.18.4]
	at com.fasterxml.jackson.databind.ser.std.BeanSerializerBase.serializeFields(BeanSerializerBase.java:770) ~[jackson-databind-2.18.4.jar:2.18.4]
	at com.fasterxml.jackson.databind.ser.BeanSerializer.serialize(BeanSerializer.java:184) ~[jackson-databind-2.18.4.jar:2.18.4]
	at com.fasterxml.jackson.databind.ser.BeanPropertyWriter.serializeAsField(BeanPropertyWriter.java:732) ~[jackson-databind-2.18.4.jar:2.18.4]
	at com.fasterxml.jackson.databind.ser.std.BeanSerializerBase.serializeFields(BeanSerializerBase.java:770) ~[jackson-databind-2.18.4.jar:2.18.4]
	at com.fasterxml.jackson.databind.ser.BeanSerializer.serialize(BeanSerializer.java:184) ~[jackson-databind-2.18.4.jar:2.18.4]
	at com.fasterxml.jackson.databind.ser.BeanPropertyWriter.serializeAsField(BeanPropertyWriter.java:732) ~[jackson-databind-2.18.4.jar:2.18.4]
	at com.fasterxml.jackson.databind.ser.std.BeanSerializerBase.serializeFields(BeanSerializerBase.java:770) ~[jackson-databind-2.18.4.jar:2.18.4]
	at com.fasterxml.jackson.databind.ser.BeanSerializer.serialize(BeanSerializer.java:184) ~[jackson-databind-2.18.4.jar:2.18.4]
	at com.fasterxml.jackson.databind.ser.BeanPropertyWriter.serializeAsField(BeanPropertyWriter.java:732) ~[jackson-databind-2.18.4.jar:2.18.4]
	at com.fasterxml.jackson.databind.ser.std.BeanSerializerBase.serializeFields(BeanSerializerBase.java:770) ~[jackson-databind-2.18.4.jar:2.18.4]
	at com.fasterxml.jackson.databind.ser.BeanSerializer.serialize(BeanSerializer.java:184) ~[jackson-databind-2.18.4.jar:2.18.4]
	at com.fasterxml.jackson.databind.ser.BeanPropertyWriter.serializeAsField(BeanPropertyWriter.java:732) ~[jackson-databind-2.18.4.jar:2.18.4]
	at com.fasterxml.jackson.databind.ser.std.BeanSerializerBase.serializeFields(BeanSerializerBase.java:770) ~[jackson-databind-2.18.4.jar:2.18.4]
	at com.fasterxml.jackson.databind.ser.BeanSerializer.serialize(BeanSerializer.java:184) ~[jackson-databind-2.18.4.jar:2.18.4]
	at com.fasterxml.jackson.databind.ser.BeanPropertyWriter.serializeAsField(BeanPropertyWriter.java:732) ~[jackson-databind-2.18.4.jar:2.18.4]
	at com.fasterxml.jackson.databind.ser.std.BeanSerializerBase.serializeFields(BeanSerializerBase.java:770) ~[jackson-databind-2.18.4.jar:2.18.4]
	at com.fasterxml.jackson.databind.ser.BeanSerializer.serialize(BeanSerializer.java:184) ~[jackson-databind-2.18.4.jar:2.18.4]
	at com.fasterxml.jackson.databind.ser.BeanPropertyWriter.serializeAsField(BeanPropertyWriter.java:732) ~[jackson-databind-2.18.4.jar:2.18.4]
	at com.fasterxml.jackson.databind.ser.std.BeanSerializerBase.serializeFields(BeanSerializerBase.java:770) ~[jackson-databind-2.18.4.jar:2.18.4]
	at com.fasterxml.jackson.databind.ser.BeanSerializer.serialize(BeanSerializer.java:184) ~[jackson-databind-2.18.4.jar:2.18.4]
	at com.fasterxml.jackson.databind.ser.BeanPropertyWriter.serializeAsField(BeanPropertyWriter.java:732) ~[jackson-databind-2.18.4.jar:2.18.4]
	at com.fasterxml.jackson.databind.ser.std.BeanSerializerBase.serializeFields(BeanSerializerBase.java:770) ~[jackson-databind-2.18.4.jar:2.18.4]
	at com.fasterxml.jackson.databind.ser.BeanSerializer.serialize(BeanSerializer.java:184) ~[jackson-databind-2.18.4.jar:2.18.4]
	at com.fasterxml.jackson.databind.ser.BeanPropertyWriter.serializeAsField(BeanPropertyWriter.java:732) ~[jackson-databind-2.18.4.jar:2.18.4]
	at com.fasterxml.jackson.databind.ser.std.BeanSerializerBase.serializeFields(BeanSerializerBase.java:770) ~[jackson-databind-2.18.4.jar:2.18.4]
	at com.fasterxml.jackson.databind.ser.BeanSerializer.serialize(BeanSerializer.java:184) ~[jackson-databind-2.18.4.jar:2.18.4]
	at com.fasterxml.jackson.databind.ser.BeanPropertyWriter.serializeAsField(BeanPropertyWriter.java:732) ~[jackson-databind-2.18.4.jar:2.18.4]
	at com.fasterxml.jackson.databind.ser.std.BeanSerializerBase.serializeFields(BeanSerializerBase.java:770) ~[jackson-databind-2.18.4.jar:2.18.4]
Caused by: com.fasterxml.jackson.core.exc.StreamConstraintsException: Document nesting depth (1001) exceeds the maximum allowed (1000, from `StreamWriteConstraints.getMaxNestingDepth()`)
	at com.fasterxml.jackson.core.StreamWriteConstraints._constructException(StreamWriteConstraints.java:177) ~[jackson-core-2.18.4.1.jar:2.18.4.1]
	at com.fasterxml.jackson.core.StreamWriteConstraints.validateNestingDepth(StreamWriteConstraints.java:162) ~[jackson-core-2.18.4.1.jar:2.18.4.1]
	at com.fasterxml.jackson.core.json.UTF8JsonGenerator.writeStartObject(UTF8JsonGenerator.java:396) ~[jackson-core-2.18.4.1.jar:2.18.4.1]
	at com.fasterxml.jackson.databind.ser.BeanSerializer.serialize(BeanSerializer.java:180) ~[jackson-databind-2.18.4.jar:2.18.4]
	at com.fasterxml.jackson.databind.ser.BeanPropertyWriter.serializeAsField(BeanPropertyWriter.java:732) ~[jackson-databind-2.18.4.jar:2.18.4]
	at com.fasterxml.jackson.databind.ser.std.BeanSerializerBase.serializeFields(BeanSerializerBase.java:770) ~[jackson-databind-2.18.4.jar:2.18.4]
	at com.fasterxml.jackson.databind.ser.BeanSerializer.serialize(BeanSerializer.java:184) ~[jackson-databind-2.18.4.jar:2.18.4]
	at com.fasterxml.jackson.databind.ser.BeanPropertyWriter.serializeAsField(BeanPropertyWriter.java:732) ~[jackson-databind-2.18.4.jar:2.18.4]
	at com.fasterxml.jackson.databind.ser.std.BeanSerializerBase.serializeFields(BeanSerializerBase.java:770) ~[jackson-databind-2.18.4.jar:2.18.4]
	at com.fasterxml.jackson.databind.ser.BeanSerializer.serialize(BeanSerializer.java:184) ~[jackson-databind-2.18.4.jar:2.18.4]
	at com.fasterxml.jackson.databind.ser.BeanPropertyWriter.serializeAsField(BeanPropertyWriter.java:732) ~[jackson-databind-2.18.4.jar:2.18.4]
	at com.fasterxml.jackson.databind.ser.std.BeanSerializerBase.serializeFields(BeanSerializerBase.java:770) ~[jackson-databind-2.18.4.jar:2.18.4]
	at com.fasterxml.jackson.databind.ser.BeanSerializer.serialize(BeanSerializer.java:184) ~[jackson-databind-2.18.4.jar:2.18.4]
	at com.fasterxml.jackson.databind.ser.BeanPropertyWriter.serializeAsField(BeanPropertyWriter.java:732) ~[jackson-databind-2.18.4.jar:2.18.4]
	at com.fasterxml.jackson.databind.ser.std.BeanSerializerBase.serializeFields(BeanSerializerBase.java:770) ~[jackson-databind-2.18.4.jar:2.18.4]
	at com.fasterxml.jackson.databind.ser.BeanSerializer.serialize(BeanSerializer.java:184) ~[jackson-databind-2.18.4.jar:2.18.4]
	at com.fasterxml.jackson.databind.ser.BeanPropertyWriter.serializeAsField(BeanPropertyWriter.java:732) ~[jackson-databind-2.18.4.jar:2.18.4]
	at com.fasterxml.jackson.databind.ser.std.BeanSerializerBase.serializeFields(BeanSerializerBase.java:770) ~[jackson-databind-2.18.4.jar:2.18.4]
	at com.fasterxml.jackson.databind.ser.BeanSerializer.serialize(BeanSerializer.java:184) ~[jackson-databind-2.18.4.jar:2.18.4]
	at com.fasterxml.jackson.databind.ser.BeanPropertyWriter.serializeAsField(BeanPropertyWriter.java:732) ~[jackson-databind-2.18.4.jar:2.18.4]
	at com.fasterxml.jackson.databind.ser.std.BeanSerializerBase.serializeFields(BeanSerializerBase.java:770) ~[jackson-databind-2.18.4.jar:2.18.4]
	at com.fasterxml.jackson.databind.ser.BeanSerializer.serialize(BeanSerializer.java:184) ~[jackson-databind-2.18.4.jar:2.18.4]
	at com.fasterxml.jackson.databind.ser.BeanPropertyWriter.serializeAsField(BeanPropertyWriter.java:732) ~[jackson-databind-2.18.4.jar:2.18.4]
	at com.fasterxml.jackson.databind.ser.std.BeanSerializerBase.serializeFields(BeanSerializerBase.java:770) ~[jackson-databind-2.18.4.jar:2.18.4]
	at com.fasterxml.jackson.databind.ser.BeanSerializer.serialize(BeanSerializer.java:184) ~[jackson-databind-2.18.4.jar:2.18.4]
	at com.fasterxml.jackson.databind.ser.BeanPropertyWriter.serializeAsField(BeanPropertyWriter.java:732) ~[jackson-databind-2.18.4.jar:2.18.4]
	at com.fasterxml.jackson.databind.ser.std.BeanSerializerBase.serializeFields(BeanSerializerBase.java:770) ~[jackson-databind-2.18.4.jar:2.18.4]
	at com.fasterxml.jackson.databind.ser.BeanSerializer.serialize(BeanSerializer.java:184) ~[jackson-databind-2.18.4.jar:2.18.4]
	at com.fasterxml.jackson.databind.ser.BeanPropertyWriter.serializeAsField(BeanPropertyWriter.java:732) ~[jackson-databind-2.18.4.jar:2.18.4]
	at com.fasterxml.jackson.databind.ser.std.BeanSerializerBase.serializeFields(BeanSerializerBase.java:770) ~[jackson-databind-2.18.4.jar:2.18.4]
	at com.fasterxml.jackson.databind.ser.BeanSerializer.serialize(BeanSerializer.java:184) ~[jackson-databind-2.18.4.jar:2.18.4]
	at com.fasterxml.jackson.databind.ser.BeanPropertyWriter.serializeAsField(BeanPropertyWriter.java:732) ~[jackson-databind-2.18.4.jar:2.18.4]
	at com.fasterxml.jackson.databind.ser.std.BeanSerializerBase.serializeFields(BeanSerializerBase.java:770) ~[jackson-databind-2.18.4.jar:2.18.4]
	at com.fasterxml.jackson.databind.ser.BeanSerializer.serialize(BeanSerializer.java:184) ~[jackson-databind-2.18.4.jar:2.18.4]
	at com.fasterxml.jackson.databind.ser.BeanPropertyWriter.serializeAsField(BeanPropertyWriter.java:732) ~[jackson-databind-2.18.4.jar:2.18.4]
	at com.fasterxml.jackson.databind.ser.std.BeanSerializerBase.serializeFields(BeanSerializerBase.java:770) ~[jackson-databind-2.18.4.jar:2.18.4]
	at com.fasterxml.jackson.databind.ser.BeanSerializer.serialize(BeanSerializer.java:184) ~[jackson-databind-2.18.4.jar:2.18.4]
	at com.fasterxml.jackson.databind.ser.BeanPropertyWriter.serializeAsField(BeanPropertyWriter.java:732) ~[jackson-databind-2.18.4.jar:2.18.4]
	at com.fasterxml.jackson.databind.ser.std.BeanSerializerBase.serializeFields(BeanSerializerBase.java:770) ~[jackson-databind-2.18.4.jar:2.18.4]
	at com.fasterxml.jackson.databind.ser.BeanSerializer.serialize(BeanSerializer.java:184) ~[jackson-databind-2.18.4.jar:2.18.4]
	at com.fasterxml.jackson.databind.ser.BeanPropertyWriter.serializeAsField(BeanPropertyWriter.java:732) ~[jackson-databind-2.18.4.jar:2.18.4]
	at com.fasterxml.jackson.databind.ser.std.BeanSerializerBase.serializeFields(BeanSerializerBase.java:770) ~[jackson-databind-2.18.4.jar:2.18.4]
	at com.fasterxml.jackson.databind.ser.BeanSerializer.serialize(BeanSerializer.java:184) ~[jackson-databind-2.18.4.jar:2.18.4]
	at com.fasterxml.jackson.databind.ser.BeanPropertyWriter.serializeAsField(BeanPropertyWriter.java:732) ~[jackson-databind-2.18.4.jar:2.18.4]
	at com.fasterxml.jackson.databind.ser.std.BeanSerializerBase.serializeFields(BeanSerializerBase.java:770) ~[jackson-databind-2.18.4.jar:2.18.4]
	at com.fasterxml.jackson.databind.ser.BeanSerializer.serialize(BeanSerializer.java:184) ~[jackson-databind-2.18.4.jar:2.18.4]
	at com.fasterxml.jackson.databind.ser.BeanPropertyWriter.serializeAsField(BeanPropertyWriter.java:732) ~[jackson-databind-2.18.4.jar:2.18.4]
	at com.fasterxml.jackson.databind.ser.std.BeanSerializerBase.serializeFields(BeanSerializerBase.java:770) ~[jackson-databind-2.18.4.jar:2.18.4]
	at com.fasterxml.jackson.databind.ser.BeanSerializer.serialize(BeanSerializer.java:184) ~[jackson-databind-2.18.4.jar:2.18.4]
	at com.fasterxml.jackson.databind.ser.BeanPropertyWriter.serializeAsField(BeanPropertyWriter.java:732) ~[jackson-databind-2.18.4.jar:2.18.4]
	at com.fasterxml.jackson.databind.ser.std.BeanSerializerBase.serializeFields(BeanSerializerBase.java:770) ~[jackson-databind-2.18.4.jar:2.18.4]
	at com.fasterxml.jackson.databind.ser.BeanSerializer.serialize(BeanSerializer.java:184) ~[jackson-databind-2.18.4.jar:2.18.4]
	at com.fasterxml.jackson.databind.ser.BeanPropertyWriter.serializeAsField(BeanPropertyWriter.java:732) ~[jackson-databind-2.18.4.jar:2.18.4]
	at com.fasterxml.jackson.databind.ser.std.BeanSerializerBase.serializeFields(BeanSerializerBase.java:770) ~[jackson-databind-2.18.4.jar:2.18.4]
	at com.fasterxml.jackson.databind.ser.BeanSerializer.serialize(BeanSerializer.java:184) ~[jackson-databind-2.18.4.jar:2.18.4]
	at com.fasterxml.jackson.databind.ser.BeanPropertyWriter.serializeAsField(BeanPropertyWriter.java:732) ~[jackson-databind-2.18.4.jar:2.18.4]
	at com.fasterxml.jackson.databind.ser.std.BeanSerializerBase.serializeFields(BeanSerializerBase.java:770) ~[jackson-databind-2.18.4.jar:2.18.4]
	at com.fasterxml.jackson.databind.ser.BeanSerializer.serialize(BeanSerializer.java:184) ~[jackson-databind-2.18.4.jar:2.18.4]
	at com.fasterxml.jackson.databind.ser.BeanPropertyWriter.serializeAsField(BeanPropertyWriter.java:732) ~[jackson-databind-2.18.4.jar:2.18.4]
	at com.fasterxml.jackson.databind.ser.std.BeanSerializerBase.serializeFields(BeanSerializerBase.java:770) ~[jackson-databind-2.18.4.jar:2.18.4]
	at com.fasterxml.jackson.databind.ser.BeanSerializer.serialize(BeanSerializer.java:184) ~[jackson-databind-2.18.4.jar:2.18.4]
	at com.fasterxml.jackson.databind.ser.BeanPropertyWriter.serializeAsField(BeanPropertyWriter.java:732) ~[jackson-databind-2.18.4.jar:2.18.4]
	at com.fasterxml.jackson.databind.ser.std.BeanSerializerBase.serializeFields(BeanSerializerBase.java:770) ~[jackson-databind-2.18.4.jar:2.18.4]
	at com.fasterxml.jackson.databind.ser.BeanSerializer.serialize(BeanSerializer.java:184) ~[jackson-databind-2.18.4.jar:2.18.4]
	at com.fasterxml.jackson.databind.ser.BeanPropertyWriter.serializeAsField(BeanPropertyWriter.java:732) ~[jackson-databind-2.18.4.jar:2.18.4]
	at com.fasterxml.jackson.databind.ser.std.BeanSerializerBase.serializeFields(BeanSerializerBase.java:770) ~[jackson-databind-2.18.4.jar:2.18.4]
	at com.fasterxml.jackson.databind.ser.BeanSerializer.serialize(BeanSerializer.java:184) ~[jackson-databind-2.18.4.jar:2.18.4]
	at com.fasterxml.jackson.databind.ser.BeanPropertyWriter.serializeAsField(BeanPropertyWriter.java:732) ~[jackson-databind-2.18.4.jar:2.18.4]
	at com.fasterxml.jackson.databind.ser.std.BeanSerializerBase.serializeFields(BeanSerializerBase.java:770) ~[jackson-databind-2.18.4.jar:2.18.4]
	at com.fasterxml.jackson.databind.ser.BeanSerializer.serialize(BeanSerializer.java:184) ~[jackson-databind-2.18.4.jar:2.18.4]
	at com.fasterxml.jackson.databind.ser.BeanPropertyWriter.serializeAsField(BeanPropertyWriter.java:732) ~[jackson-databind-2.18.4.jar:2.18.4]
	at com.fasterxml.jackson.databind.ser.std.BeanSerializerBase.serializeFields(BeanSerializerBase.java:770) ~[jackson-databind-2.18.4.jar:2.18.4]
	at com.fasterxml.jackson.databind.ser.BeanSerializer.serialize(BeanSerializer.java:184) ~[jackson-databind-2.18.4.jar:2.18.4]
	at com.fasterxml.jackson.databind.ser.BeanPropertyWriter.serializeAsField(BeanPropertyWriter.java:732) ~[jackson-databind-2.18.4.jar:2.18.4]
	at com.fasterxml.jackson.databind.ser.std.BeanSerializerBase.serializeFields(BeanSerializerBase.java:770) ~[jackson-databind-2.18.4.jar:2.18.4]
	at com.fasterxml.jackson.databind.ser.BeanSerializer.serialize(BeanSerializer.java:184) ~[jackson-databind-2.18.4.jar:2.18.4]
	at com.fasterxml.jackson.databind.ser.BeanPropertyWriter.serializeAsField(BeanPropertyWriter.java:732) ~[jackson-databind-2.18.4.jar:2.18.4]
	at com.fasterxml.jackson.databind.ser.std.BeanSerializerBase.serializeFields(BeanSerializerBase.java:770) ~[jackson-databind-2.18.4.jar:2.18.4]
	at com.fasterxml.jackson.databind.ser.BeanSerializer.serialize(BeanSerializer.java:184) ~[jackson-databind-2.18.4.jar:2.18.4]
	at com.fasterxml.jackson.databind.ser.BeanPropertyWriter.serializeAsField(BeanPropertyWriter.java:732) ~[jackson-databind-2.18.4.jar:2.18.4]
	at com.fasterxml.jackson.databind.ser.std.BeanSerializerBase.serializeFields(BeanSerializerBase.java:770) ~[jackson-databind-2.18.4.jar:2.18.4]
	at com.fasterxml.jackson.databind.ser.BeanSerializer.serialize(BeanSerializer.java:184) ~[jackson-databind-2.18.4.jar:2.18.4]
	at com.fasterxml.jackson.databind.ser.BeanPropertyWriter.serializeAsField(BeanPropertyWriter.java:732) ~[jackson-databind-2.18.4.jar:2.18.4]
	at com.fasterxml.jackson.databind.ser.std.BeanSerializerBase.serializeFields(BeanSerializerBase.java:770) ~[jackson-databind-2.18.4.jar:2.18.4]
	at com.fasterxml.jackson.databind.ser.BeanSerializer.serialize(BeanSerializer.java:184) ~[jackson-databind-2.18.4.jar:2.18.4]
	at com.fasterxml.jackson.databind.ser.BeanPropertyWriter.serializeAsField(BeanPropertyWriter.java:732) ~[jackson-databind-2.18.4.jar:2.18.4]
	at com.fasterxml.jackson.databind.ser.std.BeanSerializerBase.serializeFields(BeanSerializerBase.java:770) ~[jackson-databind-2.18.4.jar:2.18.4]
	at com.fasterxml.jackson.databind.ser.BeanSerializer.serialize(BeanSerializer.java:184) ~[jackson-databind-2.18.4.jar:2.18.4]
	at com.fasterxml.jackson.databind.ser.BeanPropertyWriter.serializeAsField(BeanPropertyWriter.java:732) ~[jackson-databind-2.18.4.jar:2.18.4]
	at com.fasterxml.jackson.databind.ser.std.BeanSerializerBase.serializeFields(BeanSerializerBase.java:770) ~[jackson-databind-2.18.4.jar:2.18.4]
	at com.fasterxml.jackson.databind.ser.BeanSerializer.serialize(BeanSerializer.java:184) ~[jackson-databind-2.18.4.jar:2.18.4]
	at com.fasterxml.jackson.databind.ser.BeanPropertyWriter.serializeAsField(BeanPropertyWriter.java:732) ~[jackson-databind-2.18.4.jar:2.18.4]
	at com.fasterxml.jackson.databind.ser.std.BeanSerializerBase.serializeFields(BeanSerializerBase.java:770) ~[jackson-databind-2.18.4.jar:2.18.4]
	at com.fasterxml.jackson.databind.ser.BeanSerializer.serialize(BeanSerializer.java:184) ~[jackson-databind-2.18.4.jar:2.18.4]
	at com.fasterxml.jackson.databind.ser.BeanPropertyWriter.serializeAsField(BeanPropertyWriter.java:732) ~[jackson-databind-2.18.4.jar:2.18.4]
	at com.fasterxml.jackson.databind.ser.std.BeanSerializerBase.serializeFields(BeanSerializerBase.java:770) ~[jackson-databind-2.18.4.jar:2.18.4]
	at com.fasterxml.jackson.databind.ser.BeanSerializer.serialize(BeanSerializer.java:184) ~[jackson-databind-2.18.4.jar:2.18.4]
	at com.fasterxml.jackson.databind.ser.BeanPropertyWriter.serializeAsField(BeanPropertyWriter.java:732) ~[jackson-databind-2.18.4.jar:2.18.4]
	at com.fasterxml.jackson.databind.ser.std.BeanSerializerBase.serializeFields(BeanSerializerBase.java:770) ~[jackson-databind-2.18.4.jar:2.18.4]
	at com.fasterxml.jackson.databind.ser.BeanSerializer.serialize(BeanSerializer.java:184) ~[jackson-databind-2.18.4.jar:2.18.4]
	at com.fasterxml.jackson.databind.ser.BeanPropertyWriter.serializeAsField(BeanPropertyWriter.java:732) ~[jackson-databind-2.18.4.jar:2.18.4]
	at com.fasterxml.jackson.databind.ser.std.BeanSerializerBase.serializeFields(BeanSerializerBase.java:770) ~[jackson-databind-2.18.4.jar:2.18.4]
	at com.fasterxml.jackson.databind.ser.BeanSerializer.serialize(BeanSerializer.java:184) ~[jackson-databind-2.18.4.jar:2.18.4]
	at com.fasterxml.jackson.databind.ser.BeanPropertyWriter.serializeAsField(BeanPropertyWriter.java:732) ~[jackson-databind-2.18.4.jar:2.18.4]
	at com.fasterxml.jackson.databind.ser.std.BeanSerializerBase.serializeFields(BeanSerializerBase.java:770) ~[jackson-databind-2.18.4.jar:2.18.4]
	at com.fasterxml.jackson.databind.ser.BeanSerializer.serialize(BeanSerializer.java:184) ~[jackson-databind-2.18.4.jar:2.18.4]
	at com.fasterxml.jackson.databind.ser.BeanPropertyWriter.serializeAsField(BeanPropertyWriter.java:732) ~[jackson-databind-2.18.4.jar:2.18.4]
	at com.fasterxml.jackson.databind.ser.std.BeanSerializerBase.serializeFields(BeanSerializerBase.java:770) ~[jackson-databind-2.18.4.jar:2.18.4]
	at com.fasterxml.jackson.databind.ser.BeanSerializer.serialize(BeanSerializer.java:184) ~[jackson-databind-2.18.4.jar:2.18.4]
	at com.fasterxml.jackson.databind.ser.BeanPropertyWriter.serializeAsField(BeanPropertyWriter.java:732) ~[jackson-databind-2.18.4.jar:2.18.4]
	at com.fasterxml.jackson.databind.ser.std.BeanSerializerBase.serializeFields(BeanSerializerBase.java:770) ~[jackson-databind-2.18.4.jar:2.18.4]
	at com.fasterxml.jackson.databind.ser.BeanSerializer.serialize(BeanSerializer.java:184) ~[jackson-databind-2.18.4.jar:2.18.4]
	at com.fasterxml.jackson.databind.ser.BeanPropertyWriter.serializeAsField(BeanPropertyWriter.java:732) ~[jackson-databind-2.18.4.jar:2.18.4]
	at com.fasterxml.jackson.databind.ser.std.BeanSerializerBase.serializeFields(BeanSerializerBase.java:770) ~[jackson-databind-2.18.4.jar:2.18.4]
	at com.fasterxml.jackson.databind.ser.BeanSerializer.serialize(BeanSerializer.java:184) ~[jackson-databind-2.18.4.jar:2.18.4]
	at com.fasterxml.jackson.databind.ser.BeanPropertyWriter.serializeAsField(BeanPropertyWriter.java:732) ~[jackson-databind-2.18.4.jar:2.18.4]
	at com.fasterxml.jackson.databind.ser.std.BeanSerializerBase.serializeFields(BeanSerializerBase.java:770) ~[jackson-databind-2.18.4.jar:2.18.4]
	at com.fasterxml.jackson.databind.ser.BeanSerializer.serialize(BeanSerializer.java:184) ~[jackson-databind-2.18.4.jar:2.18.4]
	at com.fasterxml.jackson.databind.ser.BeanPropertyWriter.serializeAsField(BeanPropertyWriter.java:732) ~[jackson-databind-2.18.4.jar:2.18.4]
	at com.fasterxml.jackson.databind.ser.std.BeanSerializerBase.serializeFields(BeanSerializerBase.java:770) ~[jackson-databind-2.18.4.jar:2.18.4]
	at com.fasterxml.jackson.databind.ser.BeanSerializer.serialize(BeanSerializer.java:184) ~[jackson-databind-2.18.4.jar:2.18.4]
	at com.fasterxml.jackson.databind.ser.BeanPropertyWriter.serializeAsField(BeanPropertyWriter.java:732) ~[jackson-databind-2.18.4.jar:2.18.4]
	at com.fasterxml.jackson.databind.ser.std.BeanSerializerBase.serializeFields(BeanSerializerBase.java:770) ~[jackson-databind-2.18.4.jar:2.18.4]
	at com.fasterxml.jackson.databind.ser.BeanSerializer.serialize(BeanSerializer.java:184) ~[jackson-databind-2.18.4.jar:2.18.4]
	at com.fasterxml.jackson.databind.ser.BeanPropertyWriter.serializeAsField(BeanPropertyWriter.java:732) ~[jackson-databind-2.18.4.jar:2.18.4]
	at com.fasterxml.jackson.databind.ser.std.BeanSerializerBase.serializeFields(BeanSerializerBase.java:770) ~[jackson-databind-2.18.4.jar:2.18.4]
	at com.fasterxml.jackson.databind.ser.BeanSerializer.serialize(BeanSerializer.java:184) ~[jackson-databind-2.18.4.jar:2.18.4]
	at com.fasterxml.jackson.databind.ser.BeanPropertyWriter.serializeAsField(BeanPropertyWriter.java:732) ~[jackson-databind-2.18.4.jar:2.18.4]
	at com.fasterxml.jackson.databind.ser.std.BeanSerializerBase.serializeFields(BeanSerializerBase.java:770) ~[jackson-databind-2.18.4.jar:2.18.4]
	at com.fasterxml.jackson.databind.ser.BeanSerializer.serialize(BeanSerializer.java:184) ~[jackson-databind-2.18.4.jar:2.18.4]
	at com.fasterxml.jackson.databind.ser.BeanPropertyWriter.serializeAsField(BeanPropertyWriter.java:732) ~[jackson-databind-2.18.4.jar:2.18.4]
	at com.fasterxml.jackson.databind.ser.std.BeanSerializerBase.serializeFields(BeanSerializerBase.java:770) ~[jackson-databind-2.18.4.jar:2.18.4]
	at com.fasterxml.jackson.databind.ser.BeanSerializer.serialize(BeanSerializer.java:184) ~[jackson-databind-2.18.4.jar:2.18.4]
	at com.fasterxml.jackson.databind.ser.BeanPropertyWriter.serializeAsField(BeanPropertyWriter.java:732) ~[jackson-databind-2.18.4.jar:2.18.4]
	at com.fasterxml.jackson.databind.ser.std.BeanSerializerBase.serializeFields(BeanSerializerBase.java:770) ~[jackson-databind-2.18.4.jar:2.18.4]
	at com.fasterxml.jackson.databind.ser.BeanSerializer.serialize(BeanSerializer.java:184) ~[jackson-databind-2.18.4.jar:2.18.4]
	at com.fasterxml.jackson.databind.ser.BeanPropertyWriter.serializeAsField(BeanPropertyWriter.java:732) ~[jackson-databind-2.18.4.jar:2.18.4]
	at com.fasterxml.jackson.databind.ser.std.BeanSerializerBase.serializeFields(BeanSerializerBase.java:770) ~[jackson-databind-2.18.4.jar:2.18.4]
	at com.fasterxml.jackson.databind.ser.BeanSerializer.serialize(BeanSerializer.java:184) ~[jackson-databind-2.18.4.jar:2.18.4]
	at com.fasterxml.jackson.databind.ser.BeanPropertyWriter.serializeAsField(BeanPropertyWriter.java:732) ~[jackson-databind-2.18.4.jar:2.18.4]
	at com.fasterxml.jackson.databind.ser.std.BeanSerializerBase.serializeFields(BeanSerializerBase.java:770) ~[jackson-databind-2.18.4.jar:2.18.4]
	at com.fasterxml.jackson.databind.ser.BeanSerializer.serialize(BeanSerializer.java:184) ~[jackson-databind-2.18.4.jar:2.18.4]
	at com.fasterxml.jackson.databind.ser.BeanPropertyWriter.serializeAsField(BeanPropertyWriter.java:732) ~[jackson-databind-2.18.4.jar:2.18.4]
	at com.fasterxml.jackson.databind.ser.std.BeanSerializerBase.serializeFields(BeanSerializerBase.java:770) ~[jackson-databind-2.18.4.jar:2.18.4]
	at com.fasterxml.jackson.databind.ser.BeanSerializer.serialize(BeanSerializer.java:184) ~[jackson-databind-2.18.4.jar:2.18.4]
	at com.fasterxml.jackson.databind.ser.BeanPropertyWriter.serializeAsField(BeanPropertyWriter.java:732) ~[jackson-databind-2.18.4.jar:2.18.4]
	at com.fasterxml.jackson.databind.ser.std.BeanSerializerBase.serializeFields(BeanSerializerBase.java:770) ~[jackson-databind-2.18.4.jar:2.18.4]
	at com.fasterxml.jackson.databind.ser.BeanSerializer.serialize(BeanSerializer.java:184) ~[jackson-databind-2.18.4.jar:2.18.4]
	at com.fasterxml.jackson.databind.ser.BeanPropertyWriter.serializeAsField(BeanPropertyWriter.java:732) ~[jackson-databind-2.18.4.jar:2.18.4]
	at com.fasterxml.jackson.databind.ser.std.BeanSerializerBase.serializeFields(BeanSerializerBase.java:770) ~[jackson-databind-2.18.4.jar:2.18.4]
	at com.fasterxml.jackson.databind.ser.BeanSerializer.serialize(BeanSerializer.java:184) ~[jackson-databind-2.18.4.jar:2.18.4]
	at com.fasterxml.jackson.databind.ser.BeanPropertyWriter.serializeAsField(BeanPropertyWriter.java:732) ~[jackson-databind-2.18.4.jar:2.18.4]
	at com.fasterxml.jackson.databind.ser.std.BeanSerializerBase.serializeFields(BeanSerializerBase.java:770) ~[jackson-databind-2.18.4.jar:2.18.4]
	at com.fasterxml.jackson.databind.ser.BeanSerializer.serialize(BeanSerializer.java:184) ~[jackson-databind-2.18.4.jar:2.18.4]
	at com.fasterxml.jackson.databind.ser.BeanPropertyWriter.serializeAsField(BeanPropertyWriter.java:732) ~[jackson-databind-2.18.4.jar:2.18.4]
	at com.fasterxml.jackson.databind.ser.std.BeanSerializerBase.serializeFields(BeanSerializerBase.java:770) ~[jackson-databind-2.18.4.jar:2.18.4]
	at com.fasterxml.jackson.databind.ser.BeanSerializer.serialize(BeanSerializer.java:184) ~[jackson-databind-2.18.4.jar:2.18.4]
	at com.fasterxml.jackson.databind.ser.BeanPropertyWriter.serializeAsField(BeanPropertyWriter.java:732) ~[jackson-databind-2.18.4.jar:2.18.4]
	at com.fasterxml.jackson.databind.ser.std.BeanSerializerBase.serializeFields(BeanSerializerBase.java:770) ~[jackson-databind-2.18.4.jar:2.18.4]
	at com.fasterxml.jackson.databind.ser.BeanSerializer.serialize(BeanSerializer.java:184) ~[jackson-databind-2.18.4.jar:2.18.4]
	at com.fasterxml.jackson.databind.ser.BeanPropertyWriter.serializeAsField(BeanPropertyWriter.java:732) ~[jackson-databind-2.18.4.jar:2.18.4]
	at com.fasterxml.jackson.databind.ser.std.BeanSerializerBase.serializeFields(BeanSerializerBase.java:770) ~[jackson-databind-2.18.4.jar:2.18.4]
	at com.fasterxml.jackson.databind.ser.BeanSerializer.serialize(BeanSerializer.java:184) ~[jackson-databind-2.18.4.jar:2.18.4]
	at com.fasterxml.jackson.databind.ser.BeanPropertyWriter.serializeAsField(BeanPropertyWriter.java:732) ~[jackson-databind-2.18.4.jar:2.18.4]
	at com.fasterxml.jackson.databind.ser.std.BeanSerializerBase.serializeFields(BeanSerializerBase.java:770) ~[jackson-databind-2.18.4.jar:2.18.4]
	at com.fasterxml.jackson.databind.ser.BeanSerializer.serialize(BeanSerializer.java:184) ~[jackson-databind-2.18.4.jar:2.18.4]
	at com.fasterxml.jackson.databind.ser.BeanPropertyWriter.serializeAsField(BeanPropertyWriter.java:732) ~[jackson-databind-2.18.4.jar:2.18.4]
	at com.fasterxml.jackson.databind.ser.std.BeanSerializerBase.serializeFields(BeanSerializerBase.java:770) ~[jackson-databind-2.18.4.jar:2.18.4]
	at com.fasterxml.jackson.databind.ser.BeanSerializer.serialize(BeanSerializer.java:184) ~[jackson-databind-2.18.4.jar:2.18.4]
	at com.fasterxml.jackson.databind.ser.BeanPropertyWriter.serializeAsField(BeanPropertyWriter.java:732) ~[jackson-databind-2.18.4.jar:2.18.4]
	at com.fasterxml.jackson.databind.ser.std.BeanSerializerBase.serializeFields(BeanSerializerBase.java:770) ~[jackson-databind-2.18.4.jar:2.18.4]
	at com.fasterxml.jackson.databind.ser.BeanSerializer.serialize(BeanSerializer.java:184) ~[jackson-databind-2.18.4.jar:2.18.4]
	at com.fasterxml.jackson.databind.ser.BeanPropertyWriter.serializeAsField(BeanPropertyWriter.java:732) ~[jackson-databind-2.18.4.jar:2.18.4]
	at com.fasterxml.jackson.databind.ser.std.BeanSerializerBase.serializeFields(BeanSerializerBase.java:770) ~[jackson-databind-2.18.4.jar:2.18.4]
	at com.fasterxml.jackson.databind.ser.BeanSerializer.serialize(BeanSerializer.java:184) ~[jackson-databind-2.18.4.jar:2.18.4]
	at com.fasterxml.jackson.databind.ser.BeanPropertyWriter.serializeAsField(BeanPropertyWriter.java:732) ~[jackson-databind-2.18.4.jar:2.18.4]
	at com.fasterxml.jackson.databind.ser.std.BeanSerializerBase.serializeFields(BeanSerializerBase.java:770) ~[jackson-databind-2.18.4.jar:2.18.4]
	at com.fasterxml.jackson.databind.ser.BeanSerializer.serialize(BeanSerializer.java:184) ~[jackson-databind-2.18.4.jar:2.18.4]
	at com.fasterxml.jackson.databind.ser.BeanPropertyWriter.serializeAsField(BeanPropertyWriter.java:732) ~[jackson-databind-2.18.4.jar:2.18.4]
	at com.fasterxml.jackson.databind.ser.std.BeanSerializerBase.serializeFields(BeanSerializerBase.java:770) ~[jackson-databind-2.18.4.jar:2.18.4]
	at com.fasterxml.jackson.databind.ser.BeanSerializer.serialize(BeanSerializer.java:184) ~[jackson-databind-2.18.4.jar:2.18.4]
	at com.fasterxml.jackson.databind.ser.BeanPropertyWriter.serializeAsField(BeanPropertyWriter.java:732) ~[jackson-databind-2.18.4.jar:2.18.4]
	at com.fasterxml.jackson.databind.ser.std.BeanSerializerBase.serializeFields(BeanSerializerBase.java:770) ~[jackson-databind-2.18.4.jar:2.18.4]
	at com.fasterxml.jackson.databind.ser.BeanSerializer.serialize(BeanSerializer.java:184) ~[jackson-databind-2.18.4.jar:2.18.4]
	at com.fasterxml.jackson.databind.ser.BeanPropertyWriter.serializeAsField(BeanPropertyWriter.java:732) ~[jackson-databind-2.18.4.jar:2.18.4]
	at com.fasterxml.jackson.databind.ser.std.BeanSerializerBase.serializeFields(BeanSerializerBase.java:770) ~[jackson-databind-2.18.4.jar:2.18.4]
	at com.fasterxml.jackson.databind.ser.BeanSerializer.serialize(BeanSerializer.java:184) ~[jackson-databind-2.18.4.jar:2.18.4]
	at com.fasterxml.jackson.databind.ser.BeanPropertyWriter.serializeAsField(BeanPropertyWriter.java:732) ~[jackson-databind-2.18.4.jar:2.18.4]
	at com.fasterxml.jackson.databind.ser.std.BeanSerializerBase.serializeFields(BeanSerializerBase.java:770) ~[jackson-databind-2.18.4.jar:2.18.4]
	at com.fasterxml.jackson.databind.ser.BeanSerializer.serialize(BeanSerializer.java:184) ~[jackson-databind-2.18.4.jar:2.18.4]
	at com.fasterxml.jackson.databind.ser.BeanPropertyWriter.serializeAsField(BeanPropertyWriter.java:732) ~[jackson-databind-2.18.4.jar:2.18.4]
	at com.fasterxml.jackson.databind.ser.std.BeanSerializerBase.serializeFields(BeanSerializerBase.java:770) ~[jackson-databind-2.18.4.jar:2.18.4]
	at com.fasterxml.jackson.databind.ser.BeanSerializer.serialize(BeanSerializer.java:184) ~[jackson-databind-2.18.4.jar:2.18.4]
	at com.fasterxml.jackson.databind.ser.BeanPropertyWriter.serializeAsField(BeanPropertyWriter.java:732) ~[jackson-databind-2.18.4.jar:2.18.4]
	at com.fasterxml.jackson.databind.ser.std.BeanSerializerBase.serializeFields(BeanSerializerBase.java:770) ~[jackson-databind-2.18.4.jar:2.18.4]
	at com.fasterxml.jackson.databind.ser.BeanSerializer.serialize(BeanSerializer.java:184) ~[jackson-databind-2.18.4.jar:2.18.4]
	at com.fasterxml.jackson.databind.ser.BeanPropertyWriter.serializeAsField(BeanPropertyWriter.java:732) ~[jackson-databind-2.18.4.jar:2.18.4]
	at com.fasterxml.jackson.databind.ser.std.BeanSerializerBase.serializeFields(BeanSerializerBase.java:770) ~[jackson-databind-2.18.4.jar:2.18.4]
	at com.fasterxml.jackson.databind.ser.BeanSerializer.serialize(BeanSerializer.java:184) ~[jackson-databind-2.18.4.jar:2.18.4]
	at com.fasterxml.jackson.databind.ser.BeanPropertyWriter.serializeAsField(BeanPropertyWriter.java:732) ~[jackson-databind-2.18.4.jar:2.18.4]
	at com.fasterxml.jackson.databind.ser.std.BeanSerializerBase.serializeFields(BeanSerializerBase.java:770) ~[jackson-databind-2.18.4.jar:2.18.4]
	at com.fasterxml.jackson.databind.ser.BeanSerializer.serialize(BeanSerializer.java:184) ~[jackson-databind-2.18.4.jar:2.18.4]
	at com.fasterxml.jackson.databind.ser.BeanPropertyWriter.serializeAsField(BeanPropertyWriter.java:732) ~[jackson-databind-2.18.4.jar:2.18.4]
	at com.fasterxml.jackson.databind.ser.std.BeanSerializerBase.serializeFields(BeanSerializerBase.java:770) ~[jackson-databind-2.18.4.jar:2.18.4]
	at com.fasterxml.jackson.databind.ser.BeanSerializer.serialize(BeanSerializer.java:184) ~[jackson-databind-2.18.4.jar:2.18.4]
	at com.fasterxml.jackson.databind.ser.BeanPropertyWriter.serializeAsField(BeanPropertyWriter.java:732) ~[jackson-databind-2.18.4.jar:2.18.4]
	at com.fasterxml.jackson.databind.ser.std.BeanSerializerBase.serializeFields(BeanSerializerBase.java:770) ~[jackson-databind-2.18.4.jar:2.18.4]
	at com.fasterxml.jackson.databind.ser.BeanSerializer.serialize(BeanSerializer.java:184) ~[jackson-databind-2.18.4.jar:2.18.4]
	at com.fasterxml.jackson.databind.ser.BeanPropertyWriter.serializeAsField(BeanPropertyWriter.java:732) ~[jackson-databind-2.18.4.jar:2.18.4]
	at com.fasterxml.jackson.databind.ser.std.BeanSerializerBase.serializeFields(BeanSerializerBase.java:770) ~[jackson-databind-2.18.4.jar:2.18.4]
	at com.fasterxml.jackson.databind.ser.BeanSerializer.serialize(BeanSerializer.java:184) ~[jackson-databind-2.18.4.jar:2.18.4]
	at com.fasterxml.jackson.databind.ser.BeanPropertyWriter.serializeAsField(BeanPropertyWriter.java:732) ~[jackson-databind-2.18.4.jar:2.18.4]
	at com.fasterxml.jackson.databind.ser.std.BeanSerializerBase.serializeFields(BeanSerializerBase.java:770) ~[jackson-databind-2.18.4.jar:2.18.4]
	at com.fasterxml.jackson.databind.ser.BeanSerializer.serialize(BeanSerializer.java:184) ~[jackson-databind-2.18.4.jar:2.18.4]
	at com.fasterxml.jackson.databind.ser.BeanPropertyWriter.serializeAsField(BeanPropertyWriter.java:732) ~[jackson-databind-2.18.4.jar:2.18.4]
	at com.fasterxml.jackson.databind.ser.std.BeanSerializerBase.serializeFields(BeanSerializerBase.java:770) ~[jackson-databind-2.18.4.jar:2.18.4]
	at com.fasterxml.jackson.databind.ser.BeanSerializer.serialize(BeanSerializer.java:184) ~[jackson-databind-2.18.4.jar:2.18.4]
	at com.fasterxml.jackson.databind.ser.BeanPropertyWriter.serializeAsField(BeanPropertyWriter.java:732) ~[jackson-databind-2.18.4.jar:2.18.4]
	at com.fasterxml.jackson.databind.ser.std.BeanSerializerBase.serializeFields(BeanSerializerBase.java:770) ~[jackson-databind-2.18.4.jar:2.18.4]
	at com.fasterxml.jackson.databind.ser.BeanSerializer.serialize(BeanSerializer.java:184) ~[jackson-databind-2.18.4.jar:2.18.4]
	at com.fasterxml.jackson.databind.ser.BeanPropertyWriter.serializeAsField(BeanPropertyWriter.java:732) ~[jackson-databind-2.18.4.jar:2.18.4]
	at com.fasterxml.jackson.databind.ser.std.BeanSerializerBase.serializeFields(BeanSerializerBase.java:770) ~[jackson-databind-2.18.4.jar:2.18.4]
	at com.fasterxml.jackson.databind.ser.BeanSerializer.serialize(BeanSerializer.java:184) ~[jackson-databind-2.18.4.jar:2.18.4]
	at com.fasterxml.jackson.databind.ser.BeanPropertyWriter.serializeAsField(BeanPropertyWriter.java:732) ~[jackson-databind-2.18.4.jar:2.18.4]
	at com.fasterxml.jackson.databind.ser.std.BeanSerializerBase.serializeFields(BeanSerializerBase.java:770) ~[jackson-databind-2.18.4.jar:2.18.4]
	at com.fasterxml.jackson.databind.ser.BeanSerializer.serialize(BeanSerializer.java:184) ~[jackson-databind-2.18.4.jar:2.18.4]
	at com.fasterxml.jackson.databind.ser.BeanPropertyWriter.serializeAsField(BeanPropertyWriter.java:732) ~[jackson-databind-2.18.4.jar:2.18.4]
	at com.fasterxml.jackson.databind.ser.std.BeanSerializerBase.serializeFields(BeanSerializerBase.java:770) ~[jackson-databind-2.18.4.jar:2.18.4]
	at com.fasterxml.jackson.databind.ser.BeanSerializer.serialize(BeanSerializer.java:184) ~[jackson-databind-2.18.4.jar:2.18.4]
	at com.fasterxml.jackson.databind.ser.BeanPropertyWriter.serializeAsField(BeanPropertyWriter.java:732) ~[jackson-databind-2.18.4.jar:2.18.4]
	at com.fasterxml.jackson.databind.ser.std.BeanSerializerBase.serializeFields(BeanSerializerBase.java:770) ~[jackson-databind-2.18.4.jar:2.18.4]
	at com.fasterxml.jackson.databind.ser.BeanSerializer.serialize(BeanSerializer.java:184) ~[jackson-databind-2.18.4.jar:2.18.4]
	at com.fasterxml.jackson.databind.ser.BeanPropertyWriter.serializeAsField(BeanPropertyWriter.java:732) ~[jackson-databind-2.18.4.jar:2.18.4]
	at com.fasterxml.jackson.databind.ser.std.BeanSerializerBase.serializeFields(BeanSerializerBase.java:770) ~[jackson-databind-2.18.4.jar:2.18.4]
	at com.fasterxml.jackson.databind.ser.BeanSerializer.serialize(BeanSerializer.java:184) ~[jackson-databind-2.18.4.jar:2.18.4]
	at com.fasterxml.jackson.databind.ser.BeanPropertyWriter.serializeAsField(BeanPropertyWriter.java:732) ~[jackson-databind-2.18.4.jar:2.18.4]
	at com.fasterxml.jackson.databind.ser.std.BeanSerializerBase.serializeFields(BeanSerializerBase.java:770) ~[jackson-databind-2.18.4.jar:2.18.4]
	at com.fasterxml.jackson.databind.ser.BeanSerializer.serialize(BeanSerializer.java:184) ~[jackson-databind-2.18.4.jar:2.18.4]
	at com.fasterxml.jackson.databind.ser.BeanPropertyWriter.serializeAsField(BeanPropertyWriter.java:732) ~[jackson-databind-2.18.4.jar:2.18.4]
	at com.fasterxml.jackson.databind.ser.std.BeanSerializerBase.serializeFields(BeanSerializerBase.java:770) ~[jackson-databind-2.18.4.jar:2.18.4]
	at com.fasterxml.jackson.databind.ser.BeanSerializer.serialize(BeanSerializer.java:184) ~[jackson-databind-2.18.4.jar:2.18.4]
	at com.fasterxml.jackson.databind.ser.BeanPropertyWriter.serializeAsField(BeanPropertyWriter.java:732) ~[jackson-databind-2.18.4.jar:2.18.4]
	at com.fasterxml.jackson.databind.ser.std.BeanSerializerBase.serializeFields(BeanSerializerBase.java:770) ~[jackson-databind-2.18.4.jar:2.18.4]
	at com.fasterxml.jackson.databind.ser.BeanSerializer.serialize(BeanSerializer.java:184) ~[jackson-databind-2.18.4.jar:2.18.4]
	at com.fasterxml.jackson.databind.ser.BeanPropertyWriter.serializeAsField(BeanPropertyWriter.java:732) ~[jackson-databind-2.18.4.jar:2.18.4]
	at com.fasterxml.jackson.databind.ser.std.BeanSerializerBase.serializeFields(BeanSerializerBase.java:770) ~[jackson-databind-2.18.4.jar:2.18.4]
	at com.fasterxml.jackson.databind.ser.BeanSerializer.serialize(BeanSerializer.java:184) ~[jackson-databind-2.18.4.jar:2.18.4]
	at com.fasterxml.jackson.databind.ser.BeanPropertyWriter.serializeAsField(BeanPropertyWriter.java:732) ~[jackson-databind-2.18.4.jar:2.18.4]
	at com.fasterxml.jackson.databind.ser.std.BeanSerializerBase.serializeFields(BeanSerializerBase.java:770) ~[jackson-databind-2.18.4.jar:2.18.4]
	at com.fasterxml.jackson.databind.ser.BeanSerializer.serialize(BeanSerializer.java:184) ~[jackson-databind-2.18.4.jar:2.18.4]
	at com.fasterxml.jackson.databind.ser.BeanPropertyWriter.serializeAsField(BeanPropertyWriter.java:732) ~[jackson-databind-2.18.4.jar:2.18.4]
	at com.fasterxml.jackson.databind.ser.std.BeanSerializerBase.serializeFields(BeanSerializerBase.java:770) ~[jackson-databind-2.18.4.jar:2.18.4]
	at com.fasterxml.jackson.databind.ser.BeanSerializer.serialize(BeanSerializer.java:184) ~[jackson-databind-2.18.4.jar:2.18.4]
	at com.fasterxml.jackson.databind.ser.BeanPropertyWriter.serializeAsField(BeanPropertyWriter.java:732) ~[jackson-databind-2.18.4.jar:2.18.4]
	at com.fasterxml.jackson.databind.ser.std.BeanSerializerBase.serializeFields(BeanSerializerBase.java:770) ~[jackson-databind-2.18.4.jar:2.18.4]
	at com.fasterxml.jackson.databind.ser.BeanSerializer.serialize(BeanSerializer.java:184) ~[jackson-databind-2.18.4.jar:2.18.4]
	at com.fasterxml.jackson.databind.ser.BeanPropertyWriter.serializeAsField(BeanPropertyWriter.java:732) ~[jackson-databind-2.18.4.jar:2.18.4]
	at com.fasterxml.jackson.databind.ser.std.BeanSerializerBase.serializeFields(BeanSerializerBase.java:770) ~[jackson-databind-2.18.4.jar:2.18.4]
	at com.fasterxml.jackson.databind.ser.BeanSerializer.serialize(BeanSerializer.java:184) ~[jackson-databind-2.18.4.jar:2.18.4]
	at com.fasterxml.jackson.databind.ser.BeanPropertyWriter.serializeAsField(BeanPropertyWriter.java:732) ~[jackson-databind-2.18.4.jar:2.18.4]
	at com.fasterxml.jackson.databind.ser.std.BeanSerializerBase.serializeFields(BeanSerializerBase.java:770) ~[jackson-databind-2.18.4.jar:2.18.4]
	at com.fasterxml.jackson.databind.ser.BeanSerializer.serialize(BeanSerializer.java:184) ~[jackson-databind-2.18.4.jar:2.18.4]
	at com.fasterxml.jackson.databind.ser.BeanPropertyWriter.serializeAsField(BeanPropertyWriter.java:732) ~[jackson-databind-2.18.4.jar:2.18.4]
	at com.fasterxml.jackson.databind.ser.std.BeanSerializerBase.serializeFields(BeanSerializerBase.java:770) ~[jackson-databind-2.18.4.jar:2.18.4]
	at com.fasterxml.jackson.databind.ser.BeanSerializer.serialize(BeanSerializer.java:184) ~[jackson-databind-2.18.4.jar:2.18.4]
	at com.fasterxml.jackson.databind.ser.BeanPropertyWriter.serializeAsField(BeanPropertyWriter.java:732) ~[jackson-databind-2.18.4.jar:2.18.4]
	at com.fasterxml.jackson.databind.ser.std.BeanSerializerBase.serializeFields(BeanSerializerBase.java:770) ~[jackson-databind-2.18.4.jar:2.18.4]
	at com.fasterxml.jackson.databind.ser.BeanSerializer.serialize(BeanSerializer.java:184) ~[jackson-databind-2.18.4.jar:2.18.4]
	at com.fasterxml.jackson.databind.ser.BeanPropertyWriter.serializeAsField(BeanPropertyWriter.java:732) ~[jackson-databind-2.18.4.jar:2.18.4]
	at com.fasterxml.jackson.databind.ser.std.BeanSerializerBase.serializeFields(BeanSerializerBase.java:770) ~[jackson-databind-2.18.4.jar:2.18.4]
	at com.fasterxml.jackson.databind.ser.BeanSerializer.serialize(BeanSerializer.java:184) ~[jackson-databind-2.18.4.jar:2.18.4]
	at com.fasterxml.jackson.databind.ser.BeanPropertyWriter.serializeAsField(BeanPropertyWriter.java:732) ~[jackson-databind-2.18.4.jar:2.18.4]
	at com.fasterxml.jackson.databind.ser.std.BeanSerializerBase.serializeFields(BeanSerializerBase.java:770) ~[jackson-databind-2.18.4.jar:2.18.4]
	at com.fasterxml.jackson.databind.ser.BeanSerializer.serialize(BeanSerializer.java:184) ~[jackson-databind-2.18.4.jar:2.18.4]
	at com.fasterxml.jackson.databind.ser.BeanPropertyWriter.serializeAsField(BeanPropertyWriter.java:732) ~[jackson-databind-2.18.4.jar:2.18.4]
	at com.fasterxml.jackson.databind.ser.std.BeanSerializerBase.serializeFields(BeanSerializerBase.java:770) ~[jackson-databind-2.18.4.jar:2.18.4]
	at com.fasterxml.jackson.databind.ser.BeanSerializer.serialize(BeanSerializer.java:184) ~[jackson-databind-2.18.4.jar:2.18.4]
	at com.fasterxml.jackson.databind.ser.BeanPropertyWriter.serializeAsField(BeanPropertyWriter.java:732) ~[jackson-databind-2.18.4.jar:2.18.4]
	at com.fasterxml.jackson.databind.ser.std.BeanSerializerBase.serializeFields(BeanSerializerBase.java:770) ~[jackson-databind-2.18.4.jar:2.18.4]
	at com.fasterxml.jackson.databind.ser.BeanSerializer.serialize(BeanSerializer.java:184) ~[jackson-databind-2.18.4.jar:2.18.4]
	at com.fasterxml.jackson.databind.ser.BeanPropertyWriter.serializeAsField(BeanPropertyWriter.java:732) ~[jackson-databind-2.18.4.jar:2.18.4]
	at com.fasterxml.jackson.databind.ser.std.BeanSerializerBase.serializeFields(BeanSerializerBase.java:770) ~[jackson-databind-2.18.4.jar:2.18.4]
	at com.fasterxml.jackson.databind.ser.BeanSerializer.serialize(BeanSerializer.java:184) ~[jackson-databind-2.18.4.jar:2.18.4]
	at com.fasterxml.jackson.databind.ser.BeanPropertyWriter.serializeAsField(BeanPropertyWriter.java:732) ~[jackson-databind-2.18.4.jar:2.18.4]
	at com.fasterxml.jackson.databind.ser.std.BeanSerializerBase.serializeFields(BeanSerializerBase.java:770) ~[jackson-databind-2.18.4.jar:2.18.4]
	at com.fasterxml.jackson.databind.ser.BeanSerializer.serialize(BeanSerializer.java:184) ~[jackson-databind-2.18.4.jar:2.18.4]
	at com.fasterxml.jackson.databind.ser.BeanPropertyWriter.serializeAsField(BeanPropertyWriter.java:732) ~[jackson-databind-2.18.4.jar:2.18.4]
	at com.fasterxml.jackson.databind.ser.std.BeanSerializerBase.serializeFields(BeanSerializerBase.java:770) ~[jackson-databind-2.18.4.jar:2.18.4]
	at com.fasterxml.jackson.databind.ser.BeanSerializer.serialize(BeanSerializer.java:184) ~[jackson-databind-2.18.4.jar:2.18.4]
	at com.fasterxml.jackson.databind.ser.BeanPropertyWriter.serializeAsField(BeanPropertyWriter.java:732) ~[jackson-databind-2.18.4.jar:2.18.4]
	at com.fasterxml.jackson.databind.ser.std.BeanSerializerBase.serializeFields(BeanSerializerBase.java:770) ~[jackson-databind-2.18.4.jar:2.18.4]
	at com.fasterxml.jackson.databind.ser.BeanSerializer.serialize(BeanSerializer.java:184) ~[jackson-databind-2.18.4.jar:2.18.4]
	at com.fasterxml.jackson.databind.ser.BeanPropertyWriter.serializeAsField(BeanPropertyWriter.java:732) ~[jackson-databind-2.18.4.jar:2.18.4]
	at com.fasterxml.jackson.databind.ser.std.BeanSerializerBase.serializeFields(BeanSerializerBase.java:770) ~[jackson-databind-2.18.4.jar:2.18.4]
	at com.fasterxml.jackson.databind.ser.BeanSerializer.serialize(BeanSerializer.java:184) ~[jackson-databind-2.18.4.jar:2.18.4]
	at com.fasterxml.jackson.databind.ser.BeanPropertyWriter.serializeAsField(BeanPropertyWriter.java:732) ~[jackson-databind-2.18.4.jar:2.18.4]
	at com.fasterxml.jackson.databind.ser.std.BeanSerializerBase.serializeFields(BeanSerializerBase.java:770) ~[jackson-databind-2.18.4.jar:2.18.4]
	at com.fasterxml.jackson.databind.ser.BeanSerializer.serialize(BeanSerializer.java:184) ~[jackson-databind-2.18.4.jar:2.18.4]
	at com.fasterxml.jackson.databind.ser.BeanPropertyWriter.serializeAsField(BeanPropertyWriter.java:732) ~[jackson-databind-2.18.4.jar:2.18.4]
	at com.fasterxml.jackson.databind.ser.std.BeanSerializerBase.serializeFields(BeanSerializerBase.java:770) ~[jackson-databind-2.18.4.jar:2.18.4]
	at com.fasterxml.jackson.databind.ser.BeanSerializer.serialize(BeanSerializer.java:184) ~[jackson-databind-2.18.4.jar:2.18.4]
	at com.fasterxml.jackson.databind.ser.BeanPropertyWriter.serializeAsField(BeanPropertyWriter.java:732) ~[jackson-databind-2.18.4.jar:2.18.4]
	at com.fasterxml.jackson.databind.ser.std.BeanSerializerBase.serializeFields(BeanSerializerBase.java:770) ~[jackson-databind-2.18.4.jar:2.18.4]
	at com.fasterxml.jackson.databind.ser.BeanSerializer.serialize(BeanSerializer.java:184) ~[jackson-databind-2.18.4.jar:2.18.4]
	at com.fasterxml.jackson.databind.ser.BeanPropertyWriter.serializeAsField(BeanPropertyWriter.java:732) ~[jackson-databind-2.18.4.jar:2.18.4]
	at com.fasterxml.jackson.databind.ser.std.BeanSerializerBase.serializeFields(BeanSerializerBase.java:770) ~[jackson-databind-2.18.4.jar:2.18.4]
	at com.fasterxml.jackson.databind.ser.BeanSerializer.serialize(BeanSerializer.java:184) ~[jackson-databind-2.18.4.jar:2.18.4]
	at com.fasterxml.jackson.databind.ser.BeanPropertyWriter.serializeAsField(BeanPropertyWriter.java:732) ~[jackson-databind-2.18.4.jar:2.18.4]
	at com.fasterxml.jackson.databind.ser.std.BeanSerializerBase.serializeFields(BeanSerializerBase.java:770) ~[jackson-databind-2.18.4.jar:2.18.4]
	at com.fasterxml.jackson.databind.ser.BeanSerializer.serialize(BeanSerializer.java:184) ~[jackson-databind-2.18.4.jar:2.18.4]
	at com.fasterxml.jackson.databind.ser.BeanPropertyWriter.serializeAsField(BeanPropertyWriter.java:732) ~[jackson-databind-2.18.4.jar:2.18.4]
	at com.fasterxml.jackson.databind.ser.std.BeanSerializerBase.serializeFields(BeanSerializerBase.java:770) ~[jackson-databind-2.18.4.jar:2.18.4]
	at com.fasterxml.jackson.databind.ser.BeanSerializer.serialize(BeanSerializer.java:184) ~[jackson-databind-2.18.4.jar:2.18.4]
	at com.fasterxml.jackson.databind.ser.BeanPropertyWriter.serializeAsField(BeanPropertyWriter.java:732) ~[jackson-databind-2.18.4.jar:2.18.4]
	at com.fasterxml.jackson.databind.ser.std.BeanSerializerBase.serializeFields(BeanSerializerBase.java:770) ~[jackson-databind-2.18.4.jar:2.18.4]
	at com.fasterxml.jackson.databind.ser.BeanSerializer.serialize(BeanSerializer.java:184) ~[jackson-databind-2.18.4.jar:2.18.4]
	at com.fasterxml.jackson.databind.ser.BeanPropertyWriter.serializeAsField(BeanPropertyWriter.java:732) ~[jackson-databind-2.18.4.jar:2.18.4]
	at com.fasterxml.jackson.databind.ser.std.BeanSerializerBase.serializeFields(BeanSerializerBase.java:770) ~[jackson-databind-2.18.4.jar:2.18.4]
	at com.fasterxml.jackson.databind.ser.BeanSerializer.serialize(BeanSerializer.java:184) ~[jackson-databind-2.18.4.jar:2.18.4]
	at com.fasterxml.jackson.databind.ser.BeanPropertyWriter.serializeAsField(BeanPropertyWriter.java:732) ~[jackson-databind-2.18.4.jar:2.18.4]
	at com.fasterxml.jackson.databind.ser.std.BeanSerializerBase.serializeFields(BeanSerializerBase.java:770) ~[jackson-databind-2.18.4.jar:2.18.4]
	at com.fasterxml.jackson.databind.ser.BeanSerializer.serialize(BeanSerializer.java:184) ~[jackson-databind-2.18.4.jar:2.18.4]
	at com.fasterxml.jackson.databind.ser.BeanPropertyWriter.serializeAsField(BeanPropertyWriter.java:732) ~[jackson-databind-2.18.4.jar:2.18.4]
	at com.fasterxml.jackson.databind.ser.std.BeanSerializerBase.serializeFields(BeanSerializerBase.java:770) ~[jackson-databind-2.18.4.jar:2.18.4]
	at com.fasterxml.jackson.databind.ser.BeanSerializer.serialize(BeanSerializer.java:184) ~[jackson-databind-2.18.4.jar:2.18.4]
	at com.fasterxml.jackson.databind.ser.BeanPropertyWriter.serializeAsField(BeanPropertyWriter.java:732) ~[jackson-databind-2.18.4.jar:2.18.4]
	at com.fasterxml.jackson.databind.ser.std.BeanSerializerBase.serializeFields(BeanSerializerBase.java:770) ~[jackson-databind-2.18.4.jar:2.18.4]
	at com.fasterxml.jackson.databind.ser.BeanSerializer.serialize(BeanSerializer.java:184) ~[jackson-databind-2.18.4.jar:2.18.4]
	at com.fasterxml.jackson.databind.ser.BeanPropertyWriter.serializeAsField(BeanPropertyWriter.java:732) ~[jackson-databind-2.18.4.jar:2.18.4]
	at com.fasterxml.jackson.databind.ser.std.BeanSerializerBase.serializeFields(BeanSerializerBase.java:770) ~[jackson-databind-2.18.4.jar:2.18.4]
	at com.fasterxml.jackson.databind.ser.BeanSerializer.serialize(BeanSerializer.java:184) ~[jackson-databind-2.18.4.jar:2.18.4]
	at com.fasterxml.jackson.databind.ser.BeanPropertyWriter.serializeAsField(BeanPropertyWriter.java:732) ~[jackson-databind-2.18.4.jar:2.18.4]
	at com.fasterxml.jackson.databind.ser.std.BeanSerializerBase.serializeFields(BeanSerializerBase.java:770) ~[jackson-databind-2.18.4.jar:2.18.4]
	at com.fasterxml.jackson.databind.ser.BeanSerializer.serialize(BeanSerializer.java:184) ~[jackson-databind-2.18.4.jar:2.18.4]
	at com.fasterxml.jackson.databind.ser.BeanPropertyWriter.serializeAsField(BeanPropertyWriter.java:732) ~[jackson-databind-2.18.4.jar:2.18.4]
	at com.fasterxml.jackson.databind.ser.std.BeanSerializerBase.serializeFields(BeanSerializerBase.java:770) ~[jackson-databind-2.18.4.jar:2.18.4]
	at com.fasterxml.jackson.databind.ser.BeanSerializer.serialize(BeanSerializer.java:184) ~[jackson-databind-2.18.4.jar:2.18.4]
	at com.fasterxml.jackson.databind.ser.BeanPropertyWriter.serializeAsField(BeanPropertyWriter.java:732) ~[jackson-databind-2.18.4.jar:2.18.4]
	at com.fasterxml.jackson.databind.ser.std.BeanSerializerBase.serializeFields(BeanSerializerBase.java:770) ~[jackson-databind-2.18.4.jar:2.18.4]
	at com.fasterxml.jackson.databind.ser.BeanSerializer.serialize(BeanSerializer.java:184) ~[jackson-databind-2.18.4.jar:2.18.4]
	at com.fasterxml.jackson.databind.ser.BeanPropertyWriter.serializeAsField(BeanPropertyWriter.java:732) ~[jackson-databind-2.18.4.jar:2.18.4]
	at com.fasterxml.jackson.databind.ser.std.BeanSerializerBase.serializeFields(BeanSerializerBase.java:770) ~[jackson-databind-2.18.4.jar:2.18.4]
	at com.fasterxml.jackson.databind.ser.BeanSerializer.serialize(BeanSerializer.java:184) ~[jackson-databind-2.18.4.jar:2.18.4]
	at com.fasterxml.jackson.databind.ser.BeanPropertyWriter.serializeAsField(BeanPropertyWriter.java:732) ~[jackson-databind-2.18.4.jar:2.18.4]
	at com.fasterxml.jackson.databind.ser.std.BeanSerializerBase.serializeFields(BeanSerializerBase.java:770) ~[jackson-databind-2.18.4.jar:2.18.4]
	at com.fasterxml.jackson.databind.ser.BeanSerializer.serialize(BeanSerializer.java:184) ~[jackson-databind-2.18.4.jar:2.18.4]
	at com.fasterxml.jackson.databind.ser.BeanPropertyWriter.serializeAsField(BeanPropertyWriter.java:732) ~[jackson-databind-2.18.4.jar:2.18.4]
	at com.fasterxml.jackson.databind.ser.std.BeanSerializerBase.serializeFields(BeanSerializerBase.java:770) ~[jackson-databind-2.18.4.jar:2.18.4]
	at com.fasterxml.jackson.databind.ser.BeanSerializer.serialize(BeanSerializer.java:184) ~[jackson-databind-2.18.4.jar:2.18.4]
	at com.fasterxml.jackson.databind.ser.BeanPropertyWriter.serializeAsField(BeanPropertyWriter.java:732) ~[jackson-databind-2.18.4.jar:2.18.4]
	at com.fasterxml.jackson.databind.ser.std.BeanSerializerBase.serializeFields(BeanSerializerBase.java:770) ~[jackson-databind-2.18.4.jar:2.18.4]
	at com.fasterxml.jackson.databind.ser.BeanSerializer.serialize(BeanSerializer.java:184) ~[jackson-databind-2.18.4.jar:2.18.4]
	at com.fasterxml.jackson.databind.ser.BeanPropertyWriter.serializeAsField(BeanPropertyWriter.java:732) ~[jackson-databind-2.18.4.jar:2.18.4]
	at com.fasterxml.jackson.databind.ser.std.BeanSerializerBase.serializeFields(BeanSerializerBase.java:770) ~[jackson-databind-2.18.4.jar:2.18.4]
	at com.fasterxml.jackson.databind.ser.BeanSerializer.serialize(BeanSerializer.java:184) ~[jackson-databind-2.18.4.jar:2.18.4]
	at com.fasterxml.jackson.databind.ser.BeanPropertyWriter.serializeAsField(BeanPropertyWriter.java:732) ~[jackson-databind-2.18.4.jar:2.18.4]
	at com.fasterxml.jackson.databind.ser.std.BeanSerializerBase.serializeFields(BeanSerializerBase.java:770) ~[jackson-databind-2.18.4.jar:2.18.4]
	at com.fasterxml.jackson.databind.ser.BeanSerializer.serialize(BeanSerializer.java:184) ~[jackson-databind-2.18.4.jar:2.18.4]
	at com.fasterxml.jackson.databind.ser.BeanPropertyWriter.serializeAsField(BeanPropertyWriter.java:732) ~[jackson-databind-2.18.4.jar:2.18.4]
	at com.fasterxml.jackson.databind.ser.std.BeanSerializerBase.serializeFields(BeanSerializerBase.java:770) ~[jackson-databind-2.18.4.jar:2.18.4]
	at com.fasterxml.jackson.databind.ser.BeanSerializer.serialize(BeanSerializer.java:184) ~[jackson-databind-2.18.4.jar:2.18.4]
	at com.fasterxml.jackson.databind.ser.BeanPropertyWriter.serializeAsField(BeanPropertyWriter.java:732) ~[jackson-databind-2.18.4.jar:2.18.4]
	at com.fasterxml.jackson.databind.ser.std.BeanSerializerBase.serializeFields(BeanSerializerBase.java:770) ~[jackson-databind-2.18.4.jar:2.18.4]
	at com.fasterxml.jackson.databind.ser.BeanSerializer.serialize(BeanSerializer.java:184) ~[jackson-databind-2.18.4.jar:2.18.4]
	at com.fasterxml.jackson.databind.ser.BeanPropertyWriter.serializeAsField(BeanPropertyWriter.java:732) ~[jackson-databind-2.18.4.jar:2.18.4]
	at com.fasterxml.jackson.databind.ser.std.BeanSerializerBase.serializeFields(BeanSerializerBase.java:770) ~[jackson-databind-2.18.4.jar:2.18.4]
	at com.fasterxml.jackson.databind.ser.BeanSerializer.serialize(BeanSerializer.java:184) ~[jackson-databind-2.18.4.jar:2.18.4]
	at com.fasterxml.jackson.databind.ser.BeanPropertyWriter.serializeAsField(BeanPropertyWriter.java:732) ~[jackson-databind-2.18.4.jar:2.18.4]
	at com.fasterxml.jackson.databind.ser.std.BeanSerializerBase.serializeFields(BeanSerializerBase.java:770) ~[jackson-databind-2.18.4.jar:2.18.4]
	at com.fasterxml.jackson.databind.ser.BeanSerializer.serialize(BeanSerializer.java:184) ~[jackson-databind-2.18.4.jar:2.18.4]
	at com.fasterxml.jackson.databind.ser.BeanPropertyWriter.serializeAsField(BeanPropertyWriter.java:732) ~[jackson-databind-2.18.4.jar:2.18.4]
	at com.fasterxml.jackson.databind.ser.std.BeanSerializerBase.serializeFields(BeanSerializerBase.java:770) ~[jackson-databind-2.18.4.jar:2.18.4]
	at com.fasterxml.jackson.databind.ser.BeanSerializer.serialize(BeanSerializer.java:184) ~[jackson-databind-2.18.4.jar:2.18.4]
	at com.fasterxml.jackson.databind.ser.BeanPropertyWriter.serializeAsField(BeanPropertyWriter.java:732) ~[jackson-databind-2.18.4.jar:2.18.4]
	at com.fasterxml.jackson.databind.ser.std.BeanSerializerBase.serializeFields(BeanSerializerBase.java:770) ~[jackson-databind-2.18.4.jar:2.18.4]
	at com.fasterxml.jackson.databind.ser.BeanSerializer.serialize(BeanSerializer.java:184) ~[jackson-databind-2.18.4.jar:2.18.4]
	at com.fasterxml.jackson.databind.ser.BeanPropertyWriter.serializeAsField(BeanPropertyWriter.java:732) ~[jackson-databind-2.18.4.jar:2.18.4]
	at com.fasterxml.jackson.databind.ser.std.BeanSerializerBase.serializeFields(BeanSerializerBase.java:770) ~[jackson-databind-2.18.4.jar:2.18.4]
	at com.fasterxml.jackson.databind.ser.BeanSerializer.serialize(BeanSerializer.java:184) ~[jackson-databind-2.18.4.jar:2.18.4]
	at com.fasterxml.jackson.databind.ser.BeanPropertyWriter.serializeAsField(BeanPropertyWriter.java:732) ~[jackson-databind-2.18.4.jar:2.18.4]
	at com.fasterxml.jackson.databind.ser.std.BeanSerializerBase.serializeFields(BeanSerializerBase.java:770) ~[jackson-databind-2.18.4.jar:2.18.4]
	at com.fasterxml.jackson.databind.ser.BeanSerializer.serialize(BeanSerializer.java:184) ~[jackson-databind-2.18.4.jar:2.18.4]
	at com.fasterxml.jackson.databind.ser.BeanPropertyWriter.serializeAsField(BeanPropertyWriter.java:732) ~[jackson-databind-2.18.4.jar:2.18.4]
	at com.fasterxml.jackson.databind.ser.std.BeanSerializerBase.serializeFields(BeanSerializerBase.java:770) ~[jackson-databind-2.18.4.jar:2.18.4]
	at com.fasterxml.jackson.databind.ser.BeanSerializer.serialize(BeanSerializer.java:184) ~[jackson-databind-2.18.4.jar:2.18.4]
	at com.fasterxml.jackson.databind.ser.BeanPropertyWriter.serializeAsField(BeanPropertyWriter.java:732) ~[jackson-databind-2.18.4.jar:2.18.4]
	at com.fasterxml.jackson.databind.ser.std.BeanSerializerBase.serializeFields(BeanSerializerBase.java:770) ~[jackson-databind-2.18.4.jar:2.18.4]
	at com.fasterxml.jackson.databind.ser.BeanSerializer.serialize(BeanSerializer.java:184) ~[jackson-databind-2.18.4.jar:2.18.4]
	at com.fasterxml.jackson.databind.ser.BeanPropertyWriter.serializeAsField(BeanPropertyWriter.java:732) ~[jackson-databind-2.18.4.jar:2.18.4]
	at com.fasterxml.jackson.databind.ser.std.BeanSerializerBase.serializeFields(BeanSerializerBase.java:770) ~[jackson-databind-2.18.4.jar:2.18.4]
	at com.fasterxml.jackson.databind.ser.BeanSerializer.serialize(BeanSerializer.java:184) ~[jackson-databind-2.18.4.jar:2.18.4]
	at com.fasterxml.jackson.databind.ser.BeanPropertyWriter.serializeAsField(BeanPropertyWriter.java:732) ~[jackson-databind-2.18.4.jar:2.18.4]
	at com.fasterxml.jackson.databind.ser.std.BeanSerializerBase.serializeFields(BeanSerializerBase.java:770) ~[jackson-databind-2.18.4.jar:2.18.4]
	at com.fasterxml.jackson.databind.ser.BeanSerializer.serialize(BeanSerializer.java:184) ~[jackson-databind-2.18.4.jar:2.18.4]
	at com.fasterxml.jackson.databind.ser.BeanPropertyWriter.serializeAsField(BeanPropertyWriter.java:732) ~[jackson-databind-2.18.4.jar:2.18.4]
	at com.fasterxml.jackson.databind.ser.std.BeanSerializerBase.serializeFields(BeanSerializerBase.java:770) ~[jackson-databind-2.18.4.jar:2.18.4]
	at com.fasterxml.jackson.databind.ser.BeanSerializer.serialize(BeanSerializer.java:184) ~[jackson-databind-2.18.4.jar:2.18.4]
	at com.fasterxml.jackson.databind.ser.BeanPropertyWriter.serializeAsField(BeanPropertyWriter.java:732) ~[jackson-databind-2.18.4.jar:2.18.4]
	at com.fasterxml.jackson.databind.ser.std.BeanSerializerBase.serializeFields(BeanSerializerBase.java:770) ~[jackson-databind-2.18.4.jar:2.18.4]
	at com.fasterxml.jackson.databind.ser.BeanSerializer.serialize(BeanSerializer.java:184) ~[jackson-databind-2.18.4.jar:2.18.4]
	at com.fasterxml.jackson.databind.ser.BeanPropertyWriter.serializeAsField(BeanPropertyWriter.java:732) ~[jackson-databind-2.18.4.jar:2.18.4]
	at com.fasterxml.jackson.databind.ser.std.BeanSerializerBase.serializeFields(BeanSerializerBase.java:770) ~[jackson-databind-2.18.4.jar:2.18.4]
	at com.fasterxml.jackson.databind.ser.BeanSerializer.serialize(BeanSerializer.java:184) ~[jackson-databind-2.18.4.jar:2.18.4]
	at com.fasterxml.jackson.databind.ser.BeanPropertyWriter.serializeAsField(BeanPropertyWriter.java:732) ~[jackson-databind-2.18.4.jar:2.18.4]
	at com.fasterxml.jackson.databind.ser.std.BeanSerializerBase.serializeFields(BeanSerializerBase.java:770) ~[jackson-databind-2.18.4.jar:2.18.4]
	at com.fasterxml.jackson.databind.ser.BeanSerializer.serialize(BeanSerializer.java:184) ~[jackson-databind-2.18.4.jar:2.18.4]
	at com.fasterxml.jackson.databind.ser.BeanPropertyWriter.serializeAsField(BeanPropertyWriter.java:732) ~[jackson-databind-2.18.4.jar:2.18.4]
	at com.fasterxml.jackson.databind.ser.std.BeanSerializerBase.serializeFields(BeanSerializerBase.java:770) ~[jackson-databind-2.18.4.jar:2.18.4]
	at com.fasterxml.jackson.databind.ser.BeanSerializer.serialize(BeanSerializer.java:184) ~[jackson-databind-2.18.4.jar:2.18.4]
	at com.fasterxml.jackson.databind.ser.BeanPropertyWriter.serializeAsField(BeanPropertyWriter.java:732) ~[jackson-databind-2.18.4.jar:2.18.4]
	at com.fasterxml.jackson.databind.ser.std.BeanSerializerBase.serializeFields(BeanSerializerBase.java:770) ~[jackson-databind-2.18.4.jar:2.18.4]
	at com.fasterxml.jackson.databind.ser.BeanSerializer.serialize(BeanSerializer.java:184) ~[jackson-databind-2.18.4.jar:2.18.4]
	at com.fasterxml.jackson.databind.ser.BeanPropertyWriter.serializeAsField(BeanPropertyWriter.java:732) ~[jackson-databind-2.18.4.jar:2.18.4]
	at com.fasterxml.jackson.databind.ser.std.BeanSerializerBase.serializeFields(BeanSerializerBase.java:770) ~[jackson-databind-2.18.4.jar:2.18.4]
	at com.fasterxml.jackson.databind.ser.BeanSerializer.serialize(BeanSerializer.java:184) ~[jackson-databind-2.18.4.jar:2.18.4]
	at com.fasterxml.jackson.databind.ser.BeanPropertyWriter.serializeAsField(BeanPropertyWriter.java:732) ~[jackson-databind-2.18.4.jar:2.18.4]
	at com.fasterxml.jackson.databind.ser.std.BeanSerializerBase.serializeFields(BeanSerializerBase.java:770) ~[jackson-databind-2.18.4.jar:2.18.4]
	at com.fasterxml.jackson.databind.ser.BeanSerializer.serialize(BeanSerializer.java:184) ~[jackson-databind-2.18.4.jar:2.18.4]
	at com.fasterxml.jackson.databind.ser.BeanPropertyWriter.serializeAsField(BeanPropertyWriter.java:732) ~[jackson-databind-2.18.4.jar:2.18.4]
	at com.fasterxml.jackson.databind.ser.std.BeanSerializerBase.serializeFields(BeanSerializerBase.java:770) ~[jackson-databind-2.18.4.jar:2.18.4]
	at com.fasterxml.jackson.databind.ser.BeanSerializer.serialize(BeanSerializer.java:184) ~[jackson-databind-2.18.4.jar:2.18.4]
	at com.fasterxml.jackson.databind.ser.BeanPropertyWriter.serializeAsField(BeanPropertyWriter.java:732) ~[jackson-databind-2.18.4.jar:2.18.4]
	at com.fasterxml.jackson.databind.ser.std.BeanSerializerBase.serializeFields(BeanSerializerBase.java:770) ~[jackson-databind-2.18.4.jar:2.18.4]
	at com.fasterxml.jackson.databind.ser.BeanSerializer.serialize(BeanSerializer.java:184) ~[jackson-databind-2.18.4.jar:2.18.4]
	at com.fasterxml.jackson.databind.ser.BeanPropertyWriter.serializeAsField(BeanPropertyWriter.java:732) ~[jackson-databind-2.18.4.jar:2.18.4]
	at com.fasterxml.jackson.databind.ser.std.BeanSerializerBase.serializeFields(BeanSerializerBase.java:770) ~[jackson-databind-2.18.4.jar:2.18.4]
	at com.fasterxml.jackson.databind.ser.BeanSerializer.serialize(BeanSerializer.java:184) ~[jackson-databind-2.18.4.jar:2.18.4]
	at com.fasterxml.jackson.databind.ser.BeanPropertyWriter.serializeAsField(BeanPropertyWriter.java:732) ~[jackson-databind-2.18.4.jar:2.18.4]
	at com.fasterxml.jackson.databind.ser.std.BeanSerializerBase.serializeFields(BeanSerializerBase.java:770) ~[jackson-databind-2.18.4.jar:2.18.4]
	at com.fasterxml.jackson.databind.ser.BeanSerializer.serialize(BeanSerializer.java:184) ~[jackson-databind-2.18.4.jar:2.18.4]
	at com.fasterxml.jackson.databind.ser.BeanPropertyWriter.serializeAsField(BeanPropertyWriter.java:732) ~[jackson-databind-2.18.4.jar:2.18.4]
	at com.fasterxml.jackson.databind.ser.std.BeanSerializerBase.serializeFields(BeanSerializerBase.java:770) ~[jackson-databind-2.18.4.jar:2.18.4]
	at com.fasterxml.jackson.databind.ser.BeanSerializer.serialize(BeanSerializer.java:184) ~[jackson-databind-2.18.4.jar:2.18.4]
	at com.fasterxml.jackson.databind.ser.BeanPropertyWriter.serializeAsField(BeanPropertyWriter.java:732) ~[jackson-databind-2.18.4.jar:2.18.4]
	at com.fasterxml.jackson.databind.ser.std.BeanSerializerBase.serializeFields(BeanSerializerBase.java:770) ~[jackson-databind-2.18.4.jar:2.18.4]
	at com.fasterxml.jackson.databind.ser.BeanSerializer.serialize(BeanSerializer.java:184) ~[jackson-databind-2.18.4.jar:2.18.4]
	at com.fasterxml.jackson.databind.ser.BeanPropertyWriter.serializeAsField(BeanPropertyWriter.java:732) ~[jackson-databind-2.18.4.jar:2.18.4]
	at com.fasterxml.jackson.databind.ser.std.BeanSerializerBase.serializeFields(BeanSerializerBase.java:770) ~[jackson-databind-2.18.4.jar:2.18.4]
	at com.fasterxml.jackson.databind.ser.BeanSerializer.serialize(BeanSerializer.java:184) ~[jackson-databind-2.18.4.jar:2.18.4]
	at com.fasterxml.jackson.databind.ser.BeanPropertyWriter.serializeAsField(BeanPropertyWriter.java:732) ~[jackson-databind-2.18.4.jar:2.18.4]
	at com.fasterxml.jackson.databind.ser.std.BeanSerializerBase.serializeFields(BeanSerializerBase.java:770) ~[jackson-databind-2.18.4.jar:2.18.4]
	at com.fasterxml.jackson.databind.ser.BeanSerializer.serialize(BeanSerializer.java:184) ~[jackson-databind-2.18.4.jar:2.18.4]
	at com.fasterxml.jackson.databind.ser.BeanPropertyWriter.serializeAsField(BeanPropertyWriter.java:732) ~[jackson-databind-2.18.4.jar:2.18.4]
	at com.fasterxml.jackson.databind.ser.std.BeanSerializerBase.serializeFields(BeanSerializerBase.java:770) ~[jackson-databind-2.18.4.jar:2.18.4]
	at com.fasterxml.jackson.databind.ser.BeanSerializer.serialize(BeanSerializer.java:184) ~[jackson-databind-2.18.4.jar:2.18.4]
	at com.fasterxml.jackson.databind.ser.BeanPropertyWriter.serializeAsField(BeanPropertyWriter.java:732) ~[jackson-databind-2.18.4.jar:2.18.4]
	at com.fasterxml.jackson.databind.ser.std.BeanSerializerBase.serializeFields(BeanSerializerBase.java:770) ~[jackson-databind-2.18.4.jar:2.18.4]
	at com.fasterxml.jackson.databind.ser.BeanSerializer.serialize(BeanSerializer.java:184) ~[jackson-databind-2.18.4.jar:2.18.4]
	at com.fasterxml.jackson.databind.ser.BeanPropertyWriter.serializeAsField(BeanPropertyWriter.java:732) ~[jackson-databind-2.18.4.jar:2.18.4]
	at com.fasterxml.jackson.databind.ser.std.BeanSerializerBase.serializeFields(BeanSerializerBase.java:770) ~[jackson-databind-2.18.4.jar:2.18.4]
	at com.fasterxml.jackson.databind.ser.BeanSerializer.serialize(BeanSerializer.java:184) ~[jackson-databind-2.18.4.jar:2.18.4]
	at com.fasterxml.jackson.databind.ser.BeanPropertyWriter.serializeAsField(BeanPropertyWriter.java:732) ~[jackson-databind-2.18.4.jar:2.18.4]
	at com.fasterxml.jackson.databind.ser.std.BeanSerializerBase.serializeFields(BeanSerializerBase.java:770) ~[jackson-databind-2.18.4.jar:2.18.4]
	at com.fasterxml.jackson.databind.ser.BeanSerializer.serialize(BeanSerializer.java:184) ~[jackson-databind-2.18.4.jar:2.18.4]
	at com.fasterxml.jackson.databind.ser.BeanPropertyWriter.serializeAsField(BeanPropertyWriter.java:732) ~[jackson-databind-2.18.4.jar:2.18.4]
	at com.fasterxml.jackson.databind.ser.std.BeanSerializerBase.serializeFields(BeanSerializerBase.java:770) ~[jackson-databind-2.18.4.jar:2.18.4]
	at com.fasterxml.jackson.databind.ser.BeanSerializer.serialize(BeanSerializer.java:184) ~[jackson-databind-2.18.4.jar:2.18.4]
	at com.fasterxml.jackson.databind.ser.BeanPropertyWriter.serializeAsField(BeanPropertyWriter.java:732) ~[jackson-databind-2.18.4.jar:2.18.4]
	at com.fasterxml.jackson.databind.ser.std.BeanSerializerBase.serializeFields(BeanSerializerBase.java:770) ~[jackson-databind-2.18.4.jar:2.18.4]
	at com.fasterxml.jackson.databind.ser.BeanSerializer.serialize(BeanSerializer.java:184) ~[jackson-databind-2.18.4.jar:2.18.4]
	at com.fasterxml.jackson.databind.ser.BeanPropertyWriter.serializeAsField(BeanPropertyWriter.java:732) ~[jackson-databind-2.18.4.jar:2.18.4]
	at com.fasterxml.jackson.databind.ser.std.BeanSerializerBase.serializeFields(BeanSerializerBase.java:770) ~[jackson-databind-2.18.4.jar:2.18.4]
	at com.fasterxml.jackson.databind.ser.BeanSerializer.serialize(BeanSerializer.java:184) ~[jackson-databind-2.18.4.jar:2.18.4]
	at com.fasterxml.jackson.databind.ser.BeanPropertyWriter.serializeAsField(BeanPropertyWriter.java:732) ~[jackson-databind-2.18.4.jar:2.18.4]
	at com.fasterxml.jackson.databind.ser.std.BeanSerializerBase.serializeFields(BeanSerializerBase.java:770) ~[jackson-databind-2.18.4.jar:2.18.4]
	at com.fasterxml.jackson.databind.ser.BeanSerializer.serialize(BeanSerializer.java:184) ~[jackson-databind-2.18.4.jar:2.18.4]
	at com.fasterxml.jackson.databind.ser.BeanPropertyWriter.serializeAsField(BeanPropertyWriter.java:732) ~[jackson-databind-2.18.4.jar:2.18.4]
	at com.fasterxml.jackson.databind.ser.std.BeanSerializerBase.serializeFields(BeanSerializerBase.java:770) ~[jackson-databind-2.18.4.jar:2.18.4]
	at com.fasterxml.jackson.databind.ser.BeanSerializer.serialize(BeanSerializer.java:184) ~[jackson-databind-2.18.4.jar:2.18.4]
	at com.fasterxml.jackson.databind.ser.BeanPropertyWriter.serializeAsField(BeanPropertyWriter.java:732) ~[jackson-databind-2.18.4.jar:2.18.4]
	at com.fasterxml.jackson.databind.ser.std.BeanSerializerBase.serializeFields(BeanSerializerBase.java:770) ~[jackson-databind-2.18.4.jar:2.18.4]
	at com.fasterxml.jackson.databind.ser.BeanSerializer.serialize(BeanSerializer.java:184) ~[jackson-databind-2.18.4.jar:2.18.4]
	at com.fasterxml.jackson.databind.ser.BeanPropertyWriter.serializeAsField(BeanPropertyWriter.java:732) ~[jackson-databind-2.18.4.jar:2.18.4]
	at com.fasterxml.jackson.databind.ser.std.BeanSerializerBase.serializeFields(BeanSerializerBase.java:770) ~[jackson-databind-2.18.4.jar:2.18.4]
	at com.fasterxml.jackson.databind.ser.BeanSerializer.serialize(BeanSerializer.java:184) ~[jackson-databind-2.18.4.jar:2.18.4]
	at com.fasterxml.jackson.databind.ser.BeanPropertyWriter.serializeAsField(BeanPropertyWriter.java:732) ~[jackson-databind-2.18.4.jar:2.18.4]
	at com.fasterxml.jackson.databind.ser.std.BeanSerializerBase.serializeFields(BeanSerializerBase.java:770) ~[jackson-databind-2.18.4.jar:2.18.4]
	at com.fasterxml.jackson.databind.ser.BeanSerializer.serialize(BeanSerializer.java:184) ~[jackson-databind-2.18.4.jar:2.18.4]
	at com.fasterxml.jackson.databind.ser.BeanPropertyWriter.serializeAsField(BeanPropertyWriter.java:732) ~[jackson-databind-2.18.4.jar:2.18.4]
	at com.fasterxml.jackson.databind.ser.std.BeanSerializerBase.serializeFields(BeanSerializerBase.java:770) ~[jackson-databind-2.18.4.jar:2.18.4]
	at com.fasterxml.jackson.databind.ser.BeanSerializer.serialize(BeanSerializer.java:184) ~[jackson-databind-2.18.4.jar:2.18.4]
	at com.fasterxml.jackson.databind.ser.BeanPropertyWriter.serializeAsField(BeanPropertyWriter.java:732) ~[jackson-databind-2.18.4.jar:2.18.4]
	at com.fasterxml.jackson.databind.ser.std.BeanSerializerBase.serializeFields(BeanSerializerBase.java:770) ~[jackson-databind-2.18.4.jar:2.18.4]
	at com.fasterxml.jackson.databind.ser.BeanSerializer.serialize(BeanSerializer.java:184) ~[jackson-databind-2.18.4.jar:2.18.4]
	at com.fasterxml.jackson.databind.ser.BeanPropertyWriter.serializeAsField(BeanPropertyWriter.java:732) ~[jackson-databind-2.18.4.jar:2.18.4]
	at com.fasterxml.jackson.databind.ser.std.BeanSerializerBase.serializeFields(BeanSerializerBase.java:770) ~[jackson-databind-2.18.4.jar:2.18.4]
	at com.fasterxml.jackson.databind.ser.BeanSerializer.serialize(BeanSerializer.java:184) ~[jackson-databind-2.18.4.jar:2.18.4]
	at com.fasterxml.jackson.databind.ser.BeanPropertyWriter.serializeAsField(BeanPropertyWriter.java:732) ~[jackson-databind-2.18.4.jar:2.18.4]
	at com.fasterxml.jackson.databind.ser.std.BeanSerializerBase.serializeFields(BeanSerializerBase.java:770) ~[jackson-databind-2.18.4.jar:2.18.4]
	at com.fasterxml.jackson.databind.ser.BeanSerializer.serialize(BeanSerializer.java:184) ~[jackson-databind-2.18.4.jar:2.18.4]
	at com.fasterxml.jackson.databind.ser.BeanPropertyWriter.serializeAsField(BeanPropertyWriter.java:732) ~[jackson-databind-2.18.4.jar:2.18.4]
	at com.fasterxml.jackson.databind.ser.std.BeanSerializerBase.serializeFields(BeanSerializerBase.java:770) ~[jackson-databind-2.18.4.jar:2.18.4]
	at com.fasterxml.jackson.databind.ser.BeanSerializer.serialize(BeanSerializer.java:184) ~[jackson-databind-2.18.4.jar:2.18.4]
	at com.fasterxml.jackson.databind.ser.BeanPropertyWriter.serializeAsField(BeanPropertyWriter.java:732) ~[jackson-databind-2.18.4.jar:2.18.4]
	at com.fasterxml.jackson.databind.ser.std.BeanSerializerBase.serializeFields(BeanSerializerBase.java:770) ~[jackson-databind-2.18.4.jar:2.18.4]
	at com.fasterxml.jackson.databind.ser.BeanSerializer.serialize(BeanSerializer.java:184) ~[jackson-databind-2.18.4.jar:2.18.4]
	at com.fasterxml.jackson.databind.ser.BeanPropertyWriter.serializeAsField(BeanPropertyWriter.java:732) ~[jackson-databind-2.18.4.jar:2.18.4]
	at com.fasterxml.jackson.databind.ser.std.BeanSerializerBase.serializeFields(BeanSerializerBase.java:770) ~[jackson-databind-2.18.4.jar:2.18.4]
	at com.fasterxml.jackson.databind.ser.BeanSerializer.serialize(BeanSerializer.java:184) ~[jackson-databind-2.18.4.jar:2.18.4]
	at com.fasterxml.jackson.databind.ser.BeanPropertyWriter.serializeAsField(BeanPropertyWriter.java:732) ~[jackson-databind-2.18.4.jar:2.18.4]
	at com.fasterxml.jackson.databind.ser.std.BeanSerializerBase.serializeFields(BeanSerializerBase.java:770) ~[jackson-databind-2.18.4.jar:2.18.4]
	at com.fasterxml.jackson.databind.ser.BeanSerializer.serialize(BeanSerializer.java:184) ~[jackson-databind-2.18.4.jar:2.18.4]
	at com.fasterxml.jackson.databind.ser.BeanPropertyWriter.serializeAsField(BeanPropertyWriter.java:732) ~[jackson-databind-2.18.4.jar:2.18.4]
	at com.fasterxml.jackson.databind.ser.std.BeanSerializerBase.serializeFields(BeanSerializerBase.java:770) ~[jackson-databind-2.18.4.jar:2.18.4]
	at com.fasterxml.jackson.databind.ser.BeanSerializer.serialize(BeanSerializer.java:184) ~[jackson-databind-2.18.4.jar:2.18.4]
	at com.fasterxml.jackson.databind.ser.BeanPropertyWriter.serializeAsField(BeanPropertyWriter.java:732) ~[jackson-databind-2.18.4.jar:2.18.4]
	at com.fasterxml.jackson.databind.ser.std.BeanSerializerBase.serializeFields(BeanSerializerBase.java:770) ~[jackson-databind-2.18.4.jar:2.18.4]
	at com.fasterxml.jackson.databind.ser.BeanSerializer.serialize(BeanSerializer.java:184) ~[jackson-databind-2.18.4.jar:2.18.4]
	at com.fasterxml.jackson.databind.ser.BeanPropertyWriter.serializeAsField(BeanPropertyWriter.java:732) ~[jackson-databind-2.18.4.jar:2.18.4]
	at com.fasterxml.jackson.databind.ser.std.BeanSerializerBase.serializeFields(BeanSerializerBase.java:770) ~[jackson-databind-2.18.4.jar:2.18.4]
	at com.fasterxml.jackson.databind.ser.BeanSerializer.serialize(BeanSerializer.java:184) ~[jackson-databind-2.18.4.jar:2.18.4]
	at com.fasterxml.jackson.databind.ser.BeanPropertyWriter.serializeAsField(BeanPropertyWriter.java:732) ~[jackson-databind-2.18.4.jar:2.18.4]
	at com.fasterxml.jackson.databind.ser.std.BeanSerializerBase.serializeFields(BeanSerializerBase.java:770) ~[jackson-databind-2.18.4.jar:2.18.4]
	at com.fasterxml.jackson.databind.ser.BeanSerializer.serialize(BeanSerializer.java:184) ~[jackson-databind-2.18.4.jar:2.18.4]
	at com.fasterxml.jackson.databind.ser.BeanPropertyWriter.serializeAsField(BeanPropertyWriter.java:732) ~[jackson-databind-2.18.4.jar:2.18.4]
	at com.fasterxml.jackson.databind.ser.std.BeanSerializerBase.serializeFields(BeanSerializerBase.java:770) ~[jackson-databind-2.18.4.jar:2.18.4]
	at com.fasterxml.jackson.databind.ser.BeanSerializer.serialize(BeanSerializer.java:184) ~[jackson-databind-2.18.4.jar:2.18.4]
	at com.fasterxml.jackson.databind.ser.BeanPropertyWriter.serializeAsField(BeanPropertyWriter.java:732) ~[jackson-databind-2.18.4.jar:2.18.4]
	at com.fasterxml.jackson.databind.ser.std.BeanSerializerBase.serializeFields(BeanSerializerBase.java:770) ~[jackson-databind-2.18.4.jar:2.18.4]
	at com.fasterxml.jackson.databind.ser.BeanSerializer.serialize(BeanSerializer.java:184) ~[jackson-databind-2.18.4.jar:2.18.4]
	at com.fasterxml.jackson.databind.ser.BeanPropertyWriter.serializeAsField(BeanPropertyWriter.java:732) ~[jackson-databind-2.18.4.jar:2.18.4]
	at com.fasterxml.jackson.databind.ser.std.BeanSerializerBase.serializeFields(BeanSerializerBase.java:770) ~[jackson-databind-2.18.4.jar:2.18.4]
	at com.fasterxml.jackson.databind.ser.BeanSerializer.serialize(BeanSerializer.java:184) ~[jackson-databind-2.18.4.jar:2.18.4]
	at com.fasterxml.jackson.databind.ser.BeanPropertyWriter.serializeAsField(BeanPropertyWriter.java:732) ~[jackson-databind-2.18.4.jar:2.18.4]
	at com.fasterxml.jackson.databind.ser.std.BeanSerializerBase.serializeFields(BeanSerializerBase.java:770) ~[jackson-databind-2.18.4.jar:2.18.4]
	at com.fasterxml.jackson.databind.ser.BeanSerializer.serialize(BeanSerializer.java:184) ~[jackson-databind-2.18.4.jar:2.18.4]
	at com.fasterxml.jackson.databind.ser.BeanPropertyWriter.serializeAsField(BeanPropertyWriter.java:732) ~[jackson-databind-2.18.4.jar:2.18.4]
	at com.fasterxml.jackson.databind.ser.std.BeanSerializerBase.serializeFields(BeanSerializerBase.java:770) ~[jackson-databind-2.18.4.jar:2.18.4]
	at com.fasterxml.jackson.databind.ser.BeanSerializer.serialize(BeanSerializer.java:184) ~[jackson-databind-2.18.4.jar:2.18.4]
	at com.fasterxml.jackson.databind.ser.BeanPropertyWriter.serializeAsField(BeanPropertyWriter.java:732) ~[jackson-databind-2.18.4.jar:2.18.4]
	at com.fasterxml.jackson.databind.ser.std.BeanSerializerBase.serializeFields(BeanSerializerBase.java:770) ~[jackson-databind-2.18.4.jar:2.18.4]
	at com.fasterxml.jackson.databind.ser.BeanSerializer.serialize(BeanSerializer.java:184) ~[jackson-databind-2.18.4.jar:2.18.4]
	at com.fasterxml.jackson.databind.ser.BeanPropertyWriter.serializeAsField(BeanPropertyWriter.java:732) ~[jackson-databind-2.18.4.jar:2.18.4]
	at com.fasterxml.jackson.databind.ser.std.BeanSerializerBase.serializeFields(BeanSerializerBase.java:770) ~[jackson-databind-2.18.4.jar:2.18.4]
	at com.fasterxml.jackson.databind.ser.BeanSerializer.serialize(BeanSerializer.java:184) ~[jackson-databind-2.18.4.jar:2.18.4]
	at com.fasterxml.jackson.databind.ser.BeanPropertyWriter.serializeAsField(BeanPropertyWriter.java:732) ~[jackson-databind-2.18.4.jar:2.18.4]
	at com.fasterxml.jackson.databind.ser.std.BeanSerializerBase.serializeFields(BeanSerializerBase.java:770) ~[jackson-databind-2.18.4.jar:2.18.4]
	at com.fasterxml.jackson.databind.ser.BeanSerializer.serialize(BeanSerializer.java:184) ~[jackson-databind-2.18.4.jar:2.18.4]
	at com.fasterxml.jackson.databind.ser.BeanPropertyWriter.serializeAsField(BeanPropertyWriter.java:732) ~[jackson-databind-2.18.4.jar:2.18.4]
	at com.fasterxml.jackson.databind.ser.std.BeanSerializerBase.serializeFields(BeanSerializerBase.java:770) ~[jackson-databind-2.18.4.jar:2.18.4]
	at com.fasterxml.jackson.databind.ser.BeanSerializer.serialize(BeanSerializer.java:184) ~[jackson-databind-2.18.4.jar:2.18.4]
	at com.fasterxml.jackson.databind.ser.BeanPropertyWriter.serializeAsField(BeanPropertyWriter.java:732) ~[jackson-databind-2.18.4.jar:2.18.4]
	at com.fasterxml.jackson.databind.ser.std.BeanSerializerBase.serializeFields(BeanSerializerBase.java:770) ~[jackson-databind-2.18.4.jar:2.18.4]
	at com.fasterxml.jackson.databind.ser.BeanSerializer.serialize(BeanSerializer.java:184) ~[jackson-databind-2.18.4.jar:2.18.4]
	at com.fasterxml.jackson.databind.ser.BeanPropertyWriter.serializeAsField(BeanPropertyWriter.java:732) ~[jackson-databind-2.18.4.jar:2.18.4]
	at com.fasterxml.jackson.databind.ser.std.BeanSerializerBase.serializeFields(BeanSerializerBase.java:770) ~[jackson-databind-2.18.4.jar:2.18.4]
	at com.fasterxml.jackson.databind.ser.BeanSerializer.serialize(BeanSerializer.java:184) ~[jackson-databind-2.18.4.jar:2.18.4]
	at com.fasterxml.jackson.databind.ser.BeanPropertyWriter.serializeAsField(BeanPropertyWriter.java:732) ~[jackson-databind-2.18.4.jar:2.18.4]
	at com.fasterxml.jackson.databind.ser.std.BeanSerializerBase.serializeFields(BeanSerializerBase.java:770) ~[jackson-databind-2.18.4.jar:2.18.4]
	at com.fasterxml.jackson.databind.ser.BeanSerializer.serialize(BeanSerializer.java:184) ~[jackson-databind-2.18.4.jar:2.18.4]
	at com.fasterxml.jackson.databind.ser.BeanPropertyWriter.serializeAsField(BeanPropertyWriter.java:732) ~[jackson-databind-2.18.4.jar:2.18.4]
	at com.fasterxml.jackson.databind.ser.std.BeanSerializerBase.serializeFields(BeanSerializerBase.java:770) ~[jackson-databind-2.18.4.jar:2.18.4]
	at com.fasterxml.jackson.databind.ser.BeanSerializer.serialize(BeanSerializer.java:184) ~[jackson-databind-2.18.4.jar:2.18.4]
	at com.fasterxml.jackson.databind.ser.BeanPropertyWriter.serializeAsField(BeanPropertyWriter.java:732) ~[jackson-databind-2.18.4.jar:2.18.4]
	at com.fasterxml.jackson.databind.ser.std.BeanSerializerBase.serializeFields(BeanSerializerBase.java:770) ~[jackson-databind-2.18.4.jar:2.18.4]
	at com.fasterxml.jackson.databind.ser.BeanSerializer.serialize(BeanSerializer.java:184) ~[jackson-databind-2.18.4.jar:2.18.4]
	at com.fasterxml.jackson.databind.ser.BeanPropertyWriter.serializeAsField(BeanPropertyWriter.java:732) ~[jackson-databind-2.18.4.jar:2.18.4]
	at com.fasterxml.jackson.databind.ser.std.BeanSerializerBase.serializeFields(BeanSerializerBase.java:770) ~[jackson-databind-2.18.4.jar:2.18.4]
	at com.fasterxml.jackson.databind.ser.BeanSerializer.serialize(BeanSerializer.java:184) ~[jackson-databind-2.18.4.jar:2.18.4]
	at com.fasterxml.jackson.databind.ser.BeanPropertyWriter.serializeAsField(BeanPropertyWriter.java:732) ~[jackson-databind-2.18.4.jar:2.18.4]
	at com.fasterxml.jackson.databind.ser.std.BeanSerializerBase.serializeFields(BeanSerializerBase.java:770) ~[jackson-databind-2.18.4.jar:2.18.4]
	at com.fasterxml.jackson.databind.ser.BeanSerializer.serialize(BeanSerializer.java:184) ~[jackson-databind-2.18.4.jar:2.18.4]
	at com.fasterxml.jackson.databind.ser.BeanPropertyWriter.serializeAsField(BeanPropertyWriter.java:732) ~[jackson-databind-2.18.4.jar:2.18.4]
	at com.fasterxml.jackson.databind.ser.std.BeanSerializerBase.serializeFields(BeanSerializerBase.java:770) ~[jackson-databind-2.18.4.jar:2.18.4]
	at com.fasterxml.jackson.databind.ser.BeanSerializer.serialize(BeanSerializer.java:184) ~[jackson-databind-2.18.4.jar:2.18.4]
	at com.fasterxml.jackson.databind.ser.BeanPropertyWriter.serializeAsField(BeanPropertyWriter.java:732) ~[jackson-databind-2.18.4.jar:2.18.4]
	at com.fasterxml.jackson.databind.ser.std.BeanSerializerBase.serializeFields(BeanSerializerBase.java:770) ~[jackson-databind-2.18.4.jar:2.18.4]
	at com.fasterxml.jackson.databind.ser.BeanSerializer.serialize(BeanSerializer.java:184) ~[jackson-databind-2.18.4.jar:2.18.4]
	at com.fasterxml.jackson.databind.ser.BeanPropertyWriter.serializeAsField(BeanPropertyWriter.java:732) ~[jackson-databind-2.18.4.jar:2.18.4]
	at com.fasterxml.jackson.databind.ser.std.BeanSerializerBase.serializeFields(BeanSerializerBase.java:770) ~[jackson-databind-2.18.4.jar:2.18.4]
	at com.fasterxml.jackson.databind.ser.BeanSerializer.serialize(BeanSerializer.java:184) ~[jackson-databind-2.18.4.jar:2.18.4]
	at com.fasterxml.jackson.databind.ser.BeanPropertyWriter.serializeAsField(BeanPropertyWriter.java:732) ~[jackson-databind-2.18.4.jar:2.18.4]
	at com.fasterxml.jackson.databind.ser.std.BeanSerializerBase.serializeFields(BeanSerializerBase.java:770) ~[jackson-databind-2.18.4.jar:2.18.4]
	at com.fasterxml.jackson.databind.ser.BeanSerializer.serialize(BeanSerializer.java:184) ~[jackson-databind-2.18.4.jar:2.18.4]
	at com.fasterxml.jackson.databind.ser.BeanPropertyWriter.serializeAsField(BeanPropertyWriter.java:732) ~[jackson-databind-2.18.4.jar:2.18.4]
	at com.fasterxml.jackson.databind.ser.std.BeanSerializerBase.serializeFields(BeanSerializerBase.java:770) ~[jackson-databind-2.18.4.jar:2.18.4]
	at com.fasterxml.jackson.databind.ser.BeanSerializer.serialize(BeanSerializer.java:184) ~[jackson-databind-2.18.4.jar:2.18.4]
	at com.fasterxml.jackson.databind.ser.BeanPropertyWriter.serializeAsField(BeanPropertyWriter.java:732) ~[jackson-databind-2.18.4.jar:2.18.4]
	at com.fasterxml.jackson.databind.ser.std.BeanSerializerBase.serializeFields(BeanSerializerBase.java:770) ~[jackson-databind-2.18.4.jar:2.18.4]
	at com.fasterxml.jackson.databind.ser.BeanSerializer.serialize(BeanSerializer.java:184) ~[jackson-databind-2.18.4.jar:2.18.4]
	at com.fasterxml.jackson.databind.ser.BeanPropertyWriter.serializeAsField(BeanPropertyWriter.java:732) ~[jackson-databind-2.18.4.jar:2.18.4]
	at com.fasterxml.jackson.databind.ser.std.BeanSerializerBase.serializeFields(BeanSerializerBase.java:770) ~[jackson-databind-2.18.4.jar:2.18.4]
	at com.fasterxml.jackson.databind.ser.BeanSerializer.serialize(BeanSerializer.java:184) ~[jackson-databind-2.18.4.jar:2.18.4]
	at com.fasterxml.jackson.databind.ser.BeanPropertyWriter.serializeAsField(BeanPropertyWriter.java:732) ~[jackson-databind-2.18.4.jar:2.18.4]
	at com.fasterxml.jackson.databind.ser.std.BeanSerializerBase.serializeFields(BeanSerializerBase.java:770) ~[jackson-databind-2.18.4.jar:2.18.4]
	at com.fasterxml.jackson.databind.ser.BeanSerializer.serialize(BeanSerializer.java:184) ~[jackson-databind-2.18.4.jar:2.18.4]
	at com.fasterxml.jackson.databind.ser.BeanPropertyWriter.serializeAsField(BeanPropertyWriter.java:732) ~[jackson-databind-2.18.4.jar:2.18.4]
	at com.fasterxml.jackson.databind.ser.std.BeanSerializerBase.serializeFields(BeanSerializerBase.java:770) ~[jackson-databind-2.18.4.jar:2.18.4]
	at com.fasterxml.jackson.databind.ser.BeanSerializer.serialize(BeanSerializer.java:184) ~[jackson-databind-2.18.4.jar:2.18.4]
	at com.fasterxml.jackson.databind.ser.BeanPropertyWriter.serializeAsField(BeanPropertyWriter.java:732) ~[jackson-databind-2.18.4.jar:2.18.4]
	at com.fasterxml.jackson.databind.ser.std.BeanSerializerBase.serializeFields(BeanSerializerBase.java:770) ~[jackson-databind-2.18.4.jar:2.18.4]
	at com.fasterxml.jackson.databind.ser.BeanSerializer.serialize(BeanSerializer.java:184) ~[jackson-databind-2.18.4.jar:2.18.4]
	at com.fasterxml.jackson.databind.ser.BeanPropertyWriter.serializeAsField(BeanPropertyWriter.java:732) ~[jackson-databind-2.18.4.jar:2.18.4]
	at com.fasterxml.jackson.databind.ser.std.BeanSerializerBase.serializeFields(BeanSerializerBase.java:770) ~[jackson-databind-2.18.4.jar:2.18.4]
	at com.fasterxml.jackson.databind.ser.BeanSerializer.serialize(BeanSerializer.java:184) ~[jackson-databind-2.18.4.jar:2.18.4]
	at com.fasterxml.jackson.databind.ser.BeanPropertyWriter.serializeAsField(BeanPropertyWriter.java:732) ~[jackson-databind-2.18.4.jar:2.18.4]
	at com.fasterxml.jackson.databind.ser.std.BeanSerializerBase.serializeFields(BeanSerializerBase.java:770) ~[jackson-databind-2.18.4.jar:2.18.4]
	at com.fasterxml.jackson.databind.ser.BeanSerializer.serialize(BeanSerializer.java:184) ~[jackson-databind-2.18.4.jar:2.18.4]
	at com.fasterxml.jackson.databind.ser.BeanPropertyWriter.serializeAsField(BeanPropertyWriter.java:732) ~[jackson-databind-2.18.4.jar:2.18.4]
	at com.fasterxml.jackson.databind.ser.std.BeanSerializerBase.serializeFields(BeanSerializerBase.java:770) ~[jackson-databind-2.18.4.jar:2.18.4]
	at com.fasterxml.jackson.databind.ser.BeanSerializer.serialize(BeanSerializer.java:184) ~[jackson-databind-2.18.4.jar:2.18.4]
	at com.fasterxml.jackson.databind.ser.BeanPropertyWriter.serializeAsField(BeanPropertyWriter.java:732) ~[jackson-databind-2.18.4.jar:2.18.4]
	at com.fasterxml.jackson.databind.ser.std.BeanSerializerBase.serializeFields(BeanSerializerBase.java:770) ~[jackson-databind-2.18.4.jar:2.18.4]
	at com.fasterxml.jackson.databind.ser.BeanSerializer.serialize(BeanSerializer.java:184) ~[jackson-databind-2.18.4.jar:2.18.4]
	at com.fasterxml.jackson.databind.ser.BeanPropertyWriter.serializeAsField(BeanPropertyWriter.java:732) ~[jackson-databind-2.18.4.jar:2.18.4]
	at com.fasterxml.jackson.databind.ser.std.BeanSerializerBase.serializeFields(BeanSerializerBase.java:770) ~[jackson-databind-2.18.4.jar:2.18.4]
	at com.fasterxml.jackson.databind.ser.BeanSerializer.serialize(BeanSerializer.java:184) ~[jackson-databind-2.18.4.jar:2.18.4]
	at com.fasterxml.jackson.databind.ser.BeanPropertyWriter.serializeAsField(BeanPropertyWriter.java:732) ~[jackson-databind-2.18.4.jar:2.18.4]
	at com.fasterxml.jackson.databind.ser.std.BeanSerializerBase.serializeFields(BeanSerializerBase.java:770) ~[jackson-databind-2.18.4.jar:2.18.4]
	at com.fasterxml.jackson.databind.ser.BeanSerializer.serialize(BeanSerializer.java:184) ~[jackson-databind-2.18.4.jar:2.18.4]
	at com.fasterxml.jackson.databind.ser.BeanPropertyWriter.serializeAsField(BeanPropertyWriter.java:732) ~[jackson-databind-2.18.4.jar:2.18.4]
	at com.fasterxml.jackson.databind.ser.std.BeanSerializerBase.serializeFields(BeanSerializerBase.java:770) ~[jackson-databind-2.18.4.jar:2.18.4]
	at com.fasterxml.jackson.databind.ser.BeanSerializer.serialize(BeanSerializer.java:184) ~[jackson-databind-2.18.4.jar:2.18.4]
	at com.fasterxml.jackson.databind.ser.BeanPropertyWriter.serializeAsField(BeanPropertyWriter.java:732) ~[jackson-databind-2.18.4.jar:2.18.4]
	at com.fasterxml.jackson.databind.ser.std.BeanSerializerBase.serializeFields(BeanSerializerBase.java:770) ~[jackson-databind-2.18.4.jar:2.18.4]
	at com.fasterxml.jackson.databind.ser.BeanSerializer.serialize(BeanSerializer.java:184) ~[jackson-databind-2.18.4.jar:2.18.4]
	at com.fasterxml.jackson.databind.ser.BeanPropertyWriter.serializeAsField(BeanPropertyWriter.java:732) ~[jackson-databind-2.18.4.jar:2.18.4]
	at com.fasterxml.jackson.databind.ser.std.BeanSerializerBase.serializeFields(BeanSerializerBase.java:770) ~[jackson-databind-2.18.4.jar:2.18.4]
	at com.fasterxml.jackson.databind.ser.BeanSerializer.serialize(BeanSerializer.java:184) ~[jackson-databind-2.18.4.jar:2.18.4]
	at com.fasterxml.jackson.databind.ser.BeanPropertyWriter.serializeAsField(BeanPropertyWriter.java:732) ~[jackson-databind-2.18.4.jar:2.18.4]
	at com.fasterxml.jackson.databind.ser.std.BeanSerializerBase.serializeFields(BeanSerializerBase.java:770) ~[jackson-databind-2.18.4.jar:2.18.4]
	at com.fasterxml.jackson.databind.ser.BeanSerializer.serialize(BeanSerializer.java:184) ~[jackson-databind-2.18.4.jar:2.18.4]
	at com.fasterxml.jackson.databind.ser.BeanPropertyWriter.serializeAsField(BeanPropertyWriter.java:732) ~[jackson-databind-2.18.4.jar:2.18.4]
	at com.fasterxml.jackson.databind.ser.std.BeanSerializerBase.serializeFields(BeanSerializerBase.java:770) ~[jackson-databind-2.18.4.jar:2.18.4]
	at com.fasterxml.jackson.databind.ser.BeanSerializer.serialize(BeanSerializer.java:184) ~[jackson-databind-2.18.4.jar:2.18.4]
	at com.fasterxml.jackson.databind.ser.BeanPropertyWriter.serializeAsField(BeanPropertyWriter.java:732) ~[jackson-databind-2.18.4.jar:2.18.4]
	at com.fasterxml.jackson.databind.ser.std.BeanSerializerBase.serializeFields(BeanSerializerBase.java:770) ~[jackson-databind-2.18.4.jar:2.18.4]
	at com.fasterxml.jackson.databind.ser.BeanSerializer.serialize(BeanSerializer.java:184) ~[jackson-databind-2.18.4.jar:2.18.4]
	at com.fasterxml.jackson.databind.ser.BeanPropertyWriter.serializeAsField(BeanPropertyWriter.java:732) ~[jackson-databind-2.18.4.jar:2.18.4]
	at com.fasterxml.jackson.databind.ser.std.BeanSerializerBase.serializeFields(BeanSerializerBase.java:770) ~[jackson-databind-2.18.4.jar:2.18.4]
	at com.fasterxml.jackson.databind.ser.BeanSerializer.serialize(BeanSerializer.java:184) ~[jackson-databind-2.18.4.jar:2.18.4]
	at com.fasterxml.jackson.databind.ser.BeanPropertyWriter.serializeAsField(BeanPropertyWriter.java:732) ~[jackson-databind-2.18.4.jar:2.18.4]
	at com.fasterxml.jackson.databind.ser.std.BeanSerializerBase.serializeFields(BeanSerializerBase.java:770) ~[jackson-databind-2.18.4.jar:2.18.4]
	at com.fasterxml.jackson.databind.ser.BeanSerializer.serialize(BeanSerializer.java:184) ~[jackson-databind-2.18.4.jar:2.18.4]
	at com.fasterxml.jackson.databind.ser.BeanPropertyWriter.serializeAsField(BeanPropertyWriter.java:732) ~[jackson-databind-2.18.4.jar:2.18.4]
	at com.fasterxml.jackson.databind.ser.std.BeanSerializerBase.serializeFields(BeanSerializerBase.java:770) ~[jackson-databind-2.18.4.jar:2.18.4]
	at com.fasterxml.jackson.databind.ser.BeanSerializer.serialize(BeanSerializer.java:184) ~[jackson-databind-2.18.4.jar:2.18.4]
	at com.fasterxml.jackson.databind.ser.BeanPropertyWriter.serializeAsField(BeanPropertyWriter.java:732) ~[jackson-databind-2.18.4.jar:2.18.4]
	at com.fasterxml.jackson.databind.ser.std.BeanSerializerBase.serializeFields(BeanSerializerBase.java:770) ~[jackson-databind-2.18.4.jar:2.18.4]
	at com.fasterxml.jackson.databind.ser.BeanSerializer.serialize(BeanSerializer.java:184) ~[jackson-databind-2.18.4.jar:2.18.4]
	at com.fasterxml.jackson.databind.ser.BeanPropertyWriter.serializeAsField(BeanPropertyWriter.java:732) ~[jackson-databind-2.18.4.jar:2.18.4]
	at com.fasterxml.jackson.databind.ser.std.BeanSerializerBase.serializeFields(BeanSerializerBase.java:770) ~[jackson-databind-2.18.4.jar:2.18.4]
	at com.fasterxml.jackson.databind.ser.BeanSerializer.serialize(BeanSerializer.java:184) ~[jackson-databind-2.18.4.jar:2.18.4]
	at com.fasterxml.jackson.databind.ser.BeanPropertyWriter.serializeAsField(BeanPropertyWriter.java:732) ~[jackson-databind-2.18.4.jar:2.18.4]
	at com.fasterxml.jackson.databind.ser.std.BeanSerializerBase.serializeFields(BeanSerializerBase.java:770) ~[jackson-databind-2.18.4.jar:2.18.4]
	at com.fasterxml.jackson.databind.ser.BeanSerializer.serialize(BeanSerializer.java:184) ~[jackson-databind-2.18.4.jar:2.18.4]
	at com.fasterxml.jackson.databind.ser.BeanPropertyWriter.serializeAsField(BeanPropertyWriter.java:732) ~[jackson-databind-2.18.4.jar:2.18.4]
	at com.fasterxml.jackson.databind.ser.std.BeanSerializerBase.serializeFields(BeanSerializerBase.java:770) ~[jackson-databind-2.18.4.jar:2.18.4]
	at com.fasterxml.jackson.databind.ser.BeanSerializer.serialize(BeanSerializer.java:184) ~[jackson-databind-2.18.4.jar:2.18.4]
	at com.fasterxml.jackson.databind.ser.BeanPropertyWriter.serializeAsField(BeanPropertyWriter.java:732) ~[jackson-databind-2.18.4.jar:2.18.4]
	at com.fasterxml.jackson.databind.ser.std.BeanSerializerBase.serializeFields(BeanSerializerBase.java:770) ~[jackson-databind-2.18.4.jar:2.18.4]
	at com.fasterxml.jackson.databind.ser.BeanSerializer.serialize(BeanSerializer.java:184) ~[jackson-databind-2.18.4.jar:2.18.4]
	at com.fasterxml.jackson.databind.ser.BeanPropertyWriter.serializeAsField(BeanPropertyWriter.java:732) ~[jackson-databind-2.18.4.jar:2.18.4]
	at com.fasterxml.jackson.databind.ser.std.BeanSerializerBase.serializeFields(BeanSerializerBase.java:770) ~[jackson-databind-2.18.4.jar:2.18.4]
	at com.fasterxml.jackson.databind.ser.BeanSerializer.serialize(BeanSerializer.java:184) ~[jackson-databind-2.18.4.jar:2.18.4]
	at com.fasterxml.jackson.databind.ser.BeanPropertyWriter.serializeAsField(BeanPropertyWriter.java:732) ~[jackson-databind-2.18.4.jar:2.18.4]
	at com.fasterxml.jackson.databind.ser.std.BeanSerializerBase.serializeFields(BeanSerializerBase.java:770) ~[jackson-databind-2.18.4.jar:2.18.4]
	at com.fasterxml.jackson.databind.ser.BeanSerializer.serialize(BeanSerializer.java:184) ~[jackson-databind-2.18.4.jar:2.18.4]
	at com.fasterxml.jackson.databind.ser.BeanPropertyWriter.serializeAsField(BeanPropertyWriter.java:732) ~[jackson-databind-2.18.4.jar:2.18.4]
	at com.fasterxml.jackson.databind.ser.std.BeanSerializerBase.serializeFields(BeanSerializerBase.java:770) ~[jackson-databind-2.18.4.jar:2.18.4]
	at com.fasterxml.jackson.databind.ser.BeanSerializer.serialize(BeanSerializer.java:184) ~[jackson-databind-2.18.4.jar:2.18.4]
	at com.fasterxml.jackson.databind.ser.BeanPropertyWriter.serializeAsField(BeanPropertyWriter.java:732) ~[jackson-databind-2.18.4.jar:2.18.4]
	at com.fasterxml.jackson.databind.ser.std.BeanSerializerBase.serializeFields(BeanSerializerBase.java:770) ~[jackson-databind-2.18.4.jar:2.18.4]
	at com.fasterxml.jackson.databind.ser.BeanSerializer.serialize(BeanSerializer.java:184) ~[jackson-databind-2.18.4.jar:2.18.4]
	at com.fasterxml.jackson.databind.ser.BeanPropertyWriter.serializeAsField(BeanPropertyWriter.java:732) ~[jackson-databind-2.18.4.jar:2.18.4]
	at com.fasterxml.jackson.databind.ser.std.BeanSerializerBase.serializeFields(BeanSerializerBase.java:770) ~[jackson-databind-2.18.4.jar:2.18.4]
	at com.fasterxml.jackson.databind.ser.BeanSerializer.serialize(BeanSerializer.java:184) ~[jackson-databind-2.18.4.jar:2.18.4]
	at com.fasterxml.jackson.databind.ser.BeanPropertyWriter.serializeAsField(BeanPropertyWriter.java:732) ~[jackson-databind-2.18.4.jar:2.18.4]
	at com.fasterxml.jackson.databind.ser.std.BeanSerializerBase.serializeFields(BeanSerializerBase.java:770) ~[jackson-databind-2.18.4.jar:2.18.4]
	at com.fasterxml.jackson.databind.ser.BeanSerializer.serialize(BeanSerializer.java:184) ~[jackson-databind-2.18.4.jar:2.18.4]
	at com.fasterxml.jackson.databind.ser.BeanPropertyWriter.serializeAsField(BeanPropertyWriter.java:732) ~[jackson-databind-2.18.4.jar:2.18.4]
	at com.fasterxml.jackson.databind.ser.std.BeanSerializerBase.serializeFields(BeanSerializerBase.java:770) ~[jackson-databind-2.18.4.jar:2.18.4]
	at com.fasterxml.jackson.databind.ser.BeanSerializer.serialize(BeanSerializer.java:184) ~[jackson-databind-2.18.4.jar:2.18.4]
	at com.fasterxml.jackson.databind.ser.BeanPropertyWriter.serializeAsField(BeanPropertyWriter.java:732) ~[jackson-databind-2.18.4.jar:2.18.4]
	at com.fasterxml.jackson.databind.ser.std.BeanSerializerBase.serializeFields(BeanSerializerBase.java:770) ~[jackson-databind-2.18.4.jar:2.18.4]
	at com.fasterxml.jackson.databind.ser.BeanSerializer.serialize(BeanSerializer.java:184) ~[jackson-databind-2.18.4.jar:2.18.4]
	at com.fasterxml.jackson.databind.ser.BeanPropertyWriter.serializeAsField(BeanPropertyWriter.java:732) ~[jackson-databind-2.18.4.jar:2.18.4]
	at com.fasterxml.jackson.databind.ser.std.BeanSerializerBase.serializeFields(BeanSerializerBase.java:770) ~[jackson-databind-2.18.4.jar:2.18.4]
	at com.fasterxml.jackson.databind.ser.BeanSerializer.serialize(BeanSerializer.java:184) ~[jackson-databind-2.18.4.jar:2.18.4]
	at com.fasterxml.jackson.databind.ser.BeanPropertyWriter.serializeAsField(BeanPropertyWriter.java:732) ~[jackson-databind-2.18.4.jar:2.18.4]
	at com.fasterxml.jackson.databind.ser.std.BeanSerializerBase.serializeFields(BeanSerializerBase.java:770) ~[jackson-databind-2.18.4.jar:2.18.4]
	at com.fasterxml.jackson.databind.ser.BeanSerializer.serialize(BeanSerializer.java:184) ~[jackson-databind-2.18.4.jar:2.18.4]
	at com.fasterxml.jackson.databind.ser.BeanPropertyWriter.serializeAsField(BeanPropertyWriter.java:732) ~[jackson-databind-2.18.4.jar:2.18.4]
	at com.fasterxml.jackson.databind.ser.std.BeanSerializerBase.serializeFields(BeanSerializerBase.java:770) ~[jackson-databind-2.18.4.jar:2.18.4]
	at com.fasterxml.jackson.databind.ser.BeanSerializer.serialize(BeanSerializer.java:184) ~[jackson-databind-2.18.4.jar:2.18.4]
	at com.fasterxml.jackson.databind.ser.BeanPropertyWriter.serializeAsField(BeanPropertyWriter.java:732) ~[jackson-databind-2.18.4.jar:2.18.4]
	at com.fasterxml.jackson.databind.ser.std.BeanSerializerBase.serializeFields(BeanSerializerBase.java:770) ~[jackson-databind-2.18.4.jar:2.18.4]
	at com.fasterxml.jackson.databind.ser.BeanSerializer.serialize(BeanSerializer.java:184) ~[jackson-databind-2.18.4.jar:2.18.4]
	at com.fasterxml.jackson.databind.ser.BeanPropertyWriter.serializeAsField(BeanPropertyWriter.java:732) ~[jackson-databind-2.18.4.jar:2.18.4]
	at com.fasterxml.jackson.databind.ser.std.BeanSerializerBase.serializeFields(BeanSerializerBase.java:770) ~[jackson-databind-2.18.4.jar:2.18.4]
	at com.fasterxml.jackson.databind.ser.BeanSerializer.serialize(BeanSerializer.java:184) ~[jackson-databind-2.18.4.jar:2.18.4]
	at com.fasterxml.jackson.databind.ser.BeanPropertyWriter.serializeAsField(BeanPropertyWriter.java:732) ~[jackson-databind-2.18.4.jar:2.18.4]
	at com.fasterxml.jackson.databind.ser.std.BeanSerializerBase.serializeFields(BeanSerializerBase.java:770) ~[jackson-databind-2.18.4.jar:2.18.4]
	at com.fasterxml.jackson.databind.ser.BeanSerializer.serialize(BeanSerializer.java:184) ~[jackson-databind-2.18.4.jar:2.18.4]
	at com.fasterxml.jackson.databind.ser.BeanPropertyWriter.serializeAsField(BeanPropertyWriter.java:732) ~[jackson-databind-2.18.4.jar:2.18.4]
	at com.fasterxml.jackson.databind.ser.std.BeanSerializerBase.serializeFields(BeanSerializerBase.java:770) ~[jackson-databind-2.18.4.jar:2.18.4]
	at com.fasterxml.jackson.databind.ser.BeanSerializer.serialize(BeanSerializer.java:184) ~[jackson-databind-2.18.4.jar:2.18.4]
	at com.fasterxml.jackson.databind.ser.BeanPropertyWriter.serializeAsField(BeanPropertyWriter.java:732) ~[jackson-databind-2.18.4.jar:2.18.4]
	at com.fasterxml.jackson.databind.ser.std.BeanSerializerBase.serializeFields(BeanSerializerBase.java:770) ~[jackson-databind-2.18.4.jar:2.18.4]
	at com.fasterxml.jackson.databind.ser.BeanSerializer.serialize(BeanSerializer.java:184) ~[jackson-databind-2.18.4.jar:2.18.4]
	at com.fasterxml.jackson.databind.ser.BeanPropertyWriter.serializeAsField(BeanPropertyWriter.java:732) ~[jackson-databind-2.18.4.jar:2.18.4]
	at com.fasterxml.jackson.databind.ser.std.BeanSerializerBase.serializeFields(BeanSerializerBase.java:770) ~[jackson-databind-2.18.4.jar:2.18.4]
	at com.fasterxml.jackson.databind.ser.BeanSerializer.serialize(BeanSerializer.java:184) ~[jackson-databind-2.18.4.jar:2.18.4]
	at com.fasterxml.jackson.databind.ser.BeanPropertyWriter.serializeAsField(BeanPropertyWriter.java:732) ~[jackson-databind-2.18.4.jar:2.18.4]
	at com.fasterxml.jackson.databind.ser.std.BeanSerializerBase.serializeFields(BeanSerializerBase.java:770) ~[jackson-databind-2.18.4.jar:2.18.4]
	at com.fasterxml.jackson.databind.ser.BeanSerializer.serialize(BeanSerializer.java:184) ~[jackson-databind-2.18.4.jar:2.18.4]
	at com.fasterxml.jackson.databind.ser.BeanPropertyWriter.serializeAsField(BeanPropertyWriter.java:732) ~[jackson-databind-2.18.4.jar:2.18.4]
	at com.fasterxml.jackson.databind.ser.std.BeanSerializerBase.serializeFields(BeanSerializerBase.java:770) ~[jackson-databind-2.18.4.jar:2.18.4]
	at com.fasterxml.jackson.databind.ser.BeanSerializer.serialize(BeanSerializer.java:184) ~[jackson-databind-2.18.4.jar:2.18.4]
	at com.fasterxml.jackson.databind.ser.BeanPropertyWriter.serializeAsField(BeanPropertyWriter.java:732) ~[jackson-databind-2.18.4.jar:2.18.4]
	at com.fasterxml.jackson.databind.ser.std.BeanSerializerBase.serializeFields(BeanSerializerBase.java:770) ~[jackson-databind-2.18.4.jar:2.18.4]
	at com.fasterxml.jackson.databind.ser.BeanSerializer.serialize(BeanSerializer.java:184) ~[jackson-databind-2.18.4.jar:2.18.4]
	at com.fasterxml.jackson.databind.ser.BeanPropertyWriter.serializeAsField(BeanPropertyWriter.java:732) ~[jackson-databind-2.18.4.jar:2.18.4]
	at com.fasterxml.jackson.databind.ser.std.BeanSerializerBase.serializeFields(BeanSerializerBase.java:770) ~[jackson-databind-2.18.4.jar:2.18.4]
	at com.fasterxml.jackson.databind.ser.BeanSerializer.serialize(BeanSerializer.java:184) ~[jackson-databind-2.18.4.jar:2.18.4]
	at com.fasterxml.jackson.databind.ser.BeanPropertyWriter.serializeAsField(BeanPropertyWriter.java:732) ~[jackson-databind-2.18.4.jar:2.18.4]
	at com.fasterxml.jackson.databind.ser.std.BeanSerializerBase.serializeFields(BeanSerializerBase.java:770) ~[jackson-databind-2.18.4.jar:2.18.4]
	at com.fasterxml.jackson.databind.ser.BeanSerializer.serialize(BeanSerializer.java:184) ~[jackson-databind-2.18.4.jar:2.18.4]
	at com.fasterxml.jackson.databind.ser.BeanPropertyWriter.serializeAsField(BeanPropertyWriter.java:732) ~[jackson-databind-2.18.4.jar:2.18.4]
	at com.fasterxml.jackson.databind.ser.std.BeanSerializerBase.serializeFields(BeanSerializerBase.java:770) ~[jackson-databind-2.18.4.jar:2.18.4]
	at com.fasterxml.jackson.databind.ser.BeanSerializer.serialize(BeanSerializer.java:184) ~[jackson-databind-2.18.4.jar:2.18.4]
	at com.fasterxml.jackson.databind.ser.BeanPropertyWriter.serializeAsField(BeanPropertyWriter.java:732) ~[jackson-databind-2.18.4.jar:2.18.4]
	at com.fasterxml.jackson.databind.ser.std.BeanSerializerBase.serializeFields(BeanSerializerBase.java:770) ~[jackson-databind-2.18.4.jar:2.18.4]
	at com.fasterxml.jackson.databind.ser.BeanSerializer.serialize(BeanSerializer.java:184) ~[jackson-databind-2.18.4.jar:2.18.4]
	at com.fasterxml.jackson.databind.ser.BeanPropertyWriter.serializeAsField(BeanPropertyWriter.java:732) ~[jackson-databind-2.18.4.jar:2.18.4]
	at com.fasterxml.jackson.databind.ser.std.BeanSerializerBase.serializeFields(BeanSerializerBase.java:770) ~[jackson-databind-2.18.4.jar:2.18.4]
	at com.fasterxml.jackson.databind.ser.BeanSerializer.serialize(BeanSerializer.java:184) ~[jackson-databind-2.18.4.jar:2.18.4]
	at com.fasterxml.jackson.databind.ser.BeanPropertyWriter.serializeAsField(BeanPropertyWriter.java:732) ~[jackson-databind-2.18.4.jar:2.18.4]
	at com.fasterxml.jackson.databind.ser.std.BeanSerializerBase.serializeFields(BeanSerializerBase.java:770) ~[jackson-databind-2.18.4.jar:2.18.4]
	at com.fasterxml.jackson.databind.ser.BeanSerializer.serialize(BeanSerializer.java:184) ~[jackson-databind-2.18.4.jar:2.18.4]
	at com.fasterxml.jackson.databind.ser.BeanPropertyWriter.serializeAsField(BeanPropertyWriter.java:732) ~[jackson-databind-2.18.4.jar:2.18.4]
	at com.fasterxml.jackson.databind.ser.std.BeanSerializerBase.serializeFields(BeanSerializerBase.java:770) ~[jackson-databind-2.18.4.jar:2.18.4]
	at com.fasterxml.jackson.databind.ser.BeanSerializer.serialize(BeanSerializer.java:184) ~[jackson-databind-2.18.4.jar:2.18.4]
	at com.fasterxml.jackson.databind.ser.BeanPropertyWriter.serializeAsField(BeanPropertyWriter.java:732) ~[jackson-databind-2.18.4.jar:2.18.4]
	at com.fasterxml.jackson.databind.ser.std.BeanSerializerBase.serializeFields(BeanSerializerBase.java:770) ~[jackson-databind-2.18.4.jar:2.18.4]
	at com.fasterxml.jackson.databind.ser.BeanSerializer.serialize(BeanSerializer.java:184) ~[jackson-databind-2.18.4.jar:2.18.4]
	at com.fasterxml.jackson.databind.ser.BeanPropertyWriter.serializeAsField(BeanPropertyWriter.java:732) ~[jackson-databind-2.18.4.jar:2.18.4]
	at com.fasterxml.jackson.databind.ser.std.BeanSerializerBase.serializeFields(BeanSerializerBase.java:770) ~[jackson-databind-2.18.4.jar:2.18.4]
	at com.fasterxml.jackson.databind.ser.BeanSerializer.serialize(BeanSerializer.java:184) ~[jackson-databind-2.18.4.jar:2.18.4]
	at com.fasterxml.jackson.databind.ser.BeanPropertyWriter.serializeAsField(BeanPropertyWriter.java:732) ~[jackson-databind-2.18.4.jar:2.18.4]
	at com.fasterxml.jackson.databind.ser.std.BeanSerializerBase.serializeFields(BeanSerializerBase.java:770) ~[jackson-databind-2.18.4.jar:2.18.4]
	at com.fasterxml.jackson.databind.ser.BeanSerializer.serialize(BeanSerializer.java:184) ~[jackson-databind-2.18.4.jar:2.18.4]
	at com.fasterxml.jackson.databind.ser.BeanPropertyWriter.serializeAsField(BeanPropertyWriter.java:732) ~[jackson-databind-2.18.4.jar:2.18.4]
	at com.fasterxml.jackson.databind.ser.std.BeanSerializerBase.serializeFields(BeanSerializerBase.java:770) ~[jackson-databind-2.18.4.jar:2.18.4]
	at com.fasterxml.jackson.databind.ser.BeanSerializer.serialize(BeanSerializer.java:184) ~[jackson-databind-2.18.4.jar:2.18.4]
	at com.fasterxml.jackson.databind.ser.BeanPropertyWriter.serializeAsField(BeanPropertyWriter.java:732) ~[jackson-databind-2.18.4.jar:2.18.4]
	at com.fasterxml.jackson.databind.ser.std.BeanSerializerBase.serializeFields(BeanSerializerBase.java:770) ~[jackson-databind-2.18.4.jar:2.18.4]
	at com.fasterxml.jackson.databind.ser.BeanSerializer.serialize(BeanSerializer.java:184) ~[jackson-databind-2.18.4.jar:2.18.4]
	at com.fasterxml.jackson.databind.ser.BeanPropertyWriter.serializeAsField(BeanPropertyWriter.java:732) ~[jackson-databind-2.18.4.jar:2.18.4]
	at com.fasterxml.jackson.databind.ser.std.BeanSerializerBase.serializeFields(BeanSerializerBase.java:770) ~[jackson-databind-2.18.4.jar:2.18.4]
	at com.fasterxml.jackson.databind.ser.BeanSerializer.serialize(BeanSerializer.java:184) ~[jackson-databind-2.18.4.jar:2.18.4]
	at com.fasterxml.jackson.databind.ser.BeanPropertyWriter.serializeAsField(BeanPropertyWriter.java:732) ~[jackson-databind-2.18.4.jar:2.18.4]
	at com.fasterxml.jackson.databind.ser.std.BeanSerializerBase.serializeFields(BeanSerializerBase.java:770) ~[jackson-databind-2.18.4.jar:2.18.4]
	at com.fasterxml.jackson.databind.ser.BeanSerializer.serialize(BeanSerializer.java:184) ~[jackson-databind-2.18.4.jar:2.18.4]
	at com.fasterxml.jackson.databind.ser.BeanPropertyWriter.serializeAsField(BeanPropertyWriter.java:732) ~[jackson-databind-2.18.4.jar:2.18.4]
	at com.fasterxml.jackson.databind.ser.std.BeanSerializerBase.serializeFields(BeanSerializerBase.java:770) ~[jackson-databind-2.18.4.jar:2.18.4]
	at com.fasterxml.jackson.databind.ser.BeanSerializer.serialize(BeanSerializer.java:184) ~[jackson-databind-2.18.4.jar:2.18.4]
	at com.fasterxml.jackson.databind.ser.BeanPropertyWriter.serializeAsField(BeanPropertyWriter.java:732) ~[jackson-databind-2.18.4.jar:2.18.4]
	at com.fasterxml.jackson.databind.ser.std.BeanSerializerBase.serializeFields(BeanSerializerBase.java:770) ~[jackson-databind-2.18.4.jar:2.18.4]
	at com.fasterxml.jackson.databind.ser.BeanSerializer.serialize(BeanSerializer.java:184) ~[jackson-databind-2.18.4.jar:2.18.4]
	at com.fasterxml.jackson.databind.ser.BeanPropertyWriter.serializeAsField(BeanPropertyWriter.java:732) ~[jackson-databind-2.18.4.jar:2.18.4]
	at com.fasterxml.jackson.databind.ser.std.BeanSerializerBase.serializeFields(BeanSerializerBase.java:770) ~[jackson-databind-2.18.4.jar:2.18.4]
	at com.fasterxml.jackson.databind.ser.BeanSerializer.serialize(BeanSerializer.java:184) ~[jackson-databind-2.18.4.jar:2.18.4]
	at com.fasterxml.jackson.databind.ser.BeanPropertyWriter.serializeAsField(BeanPropertyWriter.java:732) ~[jackson-databind-2.18.4.jar:2.18.4]
	at com.fasterxml.jackson.databind.ser.std.BeanSerializerBase.serializeFields(BeanSerializerBase.java:770) ~[jackson-databind-2.18.4.jar:2.18.4]
	at com.fasterxml.jackson.databind.ser.BeanSerializer.serialize(BeanSerializer.java:184) ~[jackson-databind-2.18.4.jar:2.18.4]
	at com.fasterxml.jackson.databind.ser.BeanPropertyWriter.serializeAsField(BeanPropertyWriter.java:732) ~[jackson-databind-2.18.4.jar:2.18.4]
	at com.fasterxml.jackson.databind.ser.std.BeanSerializerBase.serializeFields(BeanSerializerBase.java:770) ~[jackson-databind-2.18.4.jar:2.18.4]
	at com.fasterxml.jackson.databind.ser.BeanSerializer.serialize(BeanSerializer.java:184) ~[jackson-databind-2.18.4.jar:2.18.4]
	at com.fasterxml.jackson.databind.ser.BeanPropertyWriter.serializeAsField(BeanPropertyWriter.java:732) ~[jackson-databind-2.18.4.jar:2.18.4]
	at com.fasterxml.jackson.databind.ser.std.BeanSerializerBase.serializeFields(BeanSerializerBase.java:770) ~[jackson-databind-2.18.4.jar:2.18.4]
	at com.fasterxml.jackson.databind.ser.BeanSerializer.serialize(BeanSerializer.java:184) ~[jackson-databind-2.18.4.jar:2.18.4]
	at com.fasterxml.jackson.databind.ser.BeanPropertyWriter.serializeAsField(BeanPropertyWriter.java:732) ~[jackson-databind-2.18.4.jar:2.18.4]
	at com.fasterxml.jackson.databind.ser.std.BeanSerializerBase.serializeFields(BeanSerializerBase.java:770) ~[jackson-databind-2.18.4.jar:2.18.4]
	at com.fasterxml.jackson.databind.ser.BeanSerializer.serialize(BeanSerializer.java:184) ~[jackson-databind-2.18.4.jar:2.18.4]
	at com.fasterxml.jackson.databind.ser.BeanPropertyWriter.serializeAsField(BeanPropertyWriter.java:732) ~[jackson-databind-2.18.4.jar:2.18.4]
	at com.fasterxml.jackson.databind.ser.std.BeanSerializerBase.serializeFields(BeanSerializerBase.java:770) ~[jackson-databind-2.18.4.jar:2.18.4]
	at com.fasterxml.jackson.databind.ser.BeanSerializer.serialize(BeanSerializer.java:184) ~[jackson-databind-2.18.4.jar:2.18.4]
	at com.fasterxml.jackson.databind.ser.BeanPropertyWriter.serializeAsField(BeanPropertyWriter.java:732) ~[jackson-databind-2.18.4.jar:2.18.4]
	at com.fasterxml.jackson.databind.ser.std.BeanSerializerBase.serializeFields(BeanSerializerBase.java:770) ~[jackson-databind-2.18.4.jar:2.18.4]
	at com.fasterxml.jackson.databind.ser.BeanSerializer.serialize(BeanSerializer.java:184) ~[jackson-databind-2.18.4.jar:2.18.4]
	at com.fasterxml.jackson.databind.ser.BeanPropertyWriter.serializeAsField(BeanPropertyWriter.java:732) ~[jackson-databind-2.18.4.jar:2.18.4]
	at com.fasterxml.jackson.databind.ser.std.BeanSerializerBase.serializeFields(BeanSerializerBase.java:770) ~[jackson-databind-2.18.4.jar:2.18.4]
	at com.fasterxml.jackson.databind.ser.BeanSerializer.serialize(BeanSerializer.java:184) ~[jackson-databind-2.18.4.jar:2.18.4]
	at com.fasterxml.jackson.databind.ser.BeanPropertyWriter.serializeAsField(BeanPropertyWriter.java:732) ~[jackson-databind-2.18.4.jar:2.18.4]
	at com.fasterxml.jackson.databind.ser.std.BeanSerializerBase.serializeFields(BeanSerializerBase.java:770) ~[jackson-databind-2.18.4.jar:2.18.4]
	at com.fasterxml.jackson.databind.ser.BeanSerializer.serialize(BeanSerializer.java:184) ~[jackson-databind-2.18.4.jar:2.18.4]
	at com.fasterxml.jackson.databind.ser.BeanPropertyWriter.serializeAsField(BeanPropertyWriter.java:732) ~[jackson-databind-2.18.4.jar:2.18.4]
	at com.fasterxml.jackson.databind.ser.std.BeanSerializerBase.serializeFields(BeanSerializerBase.java:770) ~[jackson-databind-2.18.4.jar:2.18.4]
	at com.fasterxml.jackson.databind.ser.BeanSerializer.serialize(BeanSerializer.java:184) ~[jackson-databind-2.18.4.jar:2.18.4]
	at com.fasterxml.jackson.databind.ser.BeanPropertyWriter.serializeAsField(BeanPropertyWriter.java:732) ~[jackson-databind-2.18.4.jar:2.18.4]
	at com.fasterxml.jackson.databind.ser.std.BeanSerializerBase.serializeFields(BeanSerializerBase.java:770) ~[jackson-databind-2.18.4.jar:2.18.4]
	at com.fasterxml.jackson.databind.ser.BeanSerializer.serialize(BeanSerializer.java:184) ~[jackson-databind-2.18.4.jar:2.18.4]
	at com.fasterxml.jackson.databind.ser.BeanPropertyWriter.serializeAsField(BeanPropertyWriter.java:732) ~[jackson-databind-2.18.4.jar:2.18.4]
	at com.fasterxml.jackson.databind.ser.std.BeanSerializerBase.serializeFields(BeanSerializerBase.java:770) ~[jackson-databind-2.18.4.jar:2.18.4]
	at com.fasterxml.jackson.databind.ser.BeanSerializer.serialize(BeanSerializer.java:184) ~[jackson-databind-2.18.4.jar:2.18.4]
	at com.fasterxml.jackson.databind.ser.BeanPropertyWriter.serializeAsField(BeanPropertyWriter.java:732) ~[jackson-databind-2.18.4.jar:2.18.4]
	at com.fasterxml.jackson.databind.ser.std.BeanSerializerBase.serializeFields(BeanSerializerBase.java:770) ~[jackson-databind-2.18.4.jar:2.18.4]
	at com.fasterxml.jackson.databind.ser.BeanSerializer.serialize(BeanSerializer.java:184) ~[jackson-databind-2.18.4.jar:2.18.4]
	at com.fasterxml.jackson.databind.ser.BeanPropertyWriter.serializeAsField(BeanPropertyWriter.java:732) ~[jackson-databind-2.18.4.jar:2.18.4]
	at com.fasterxml.jackson.databind.ser.std.BeanSerializerBase.serializeFields(BeanSerializerBase.java:770) ~[jackson-databind-2.18.4.jar:2.18.4]
	at com.fasterxml.jackson.databind.ser.BeanSerializer.serialize(BeanSerializer.java:184) ~[jackson-databind-2.18.4.jar:2.18.4]
	at com.fasterxml.jackson.databind.ser.BeanPropertyWriter.serializeAsField(BeanPropertyWriter.java:732) ~[jackson-databind-2.18.4.jar:2.18.4]
	at com.fasterxml.jackson.databind.ser.std.BeanSerializerBase.serializeFields(BeanSerializerBase.java:770) ~[jackson-databind-2.18.4.jar:2.18.4]
	at com.fasterxml.jackson.databind.ser.BeanSerializer.serialize(BeanSerializer.java:184) ~[jackson-databind-2.18.4.jar:2.18.4]
	at com.fasterxml.jackson.databind.ser.BeanPropertyWriter.serializeAsField(BeanPropertyWriter.java:732) ~[jackson-databind-2.18.4.jar:2.18.4]
	at com.fasterxml.jackson.databind.ser.std.BeanSerializerBase.serializeFields(BeanSerializerBase.java:770) ~[jackson-databind-2.18.4.jar:2.18.4]
	at com.fasterxml.jackson.databind.ser.BeanSerializer.serialize(BeanSerializer.java:184) ~[jackson-databind-2.18.4.jar:2.18.4]
	at com.fasterxml.jackson.databind.ser.BeanPropertyWriter.serializeAsField(BeanPropertyWriter.java:732) ~[jackson-databind-2.18.4.jar:2.18.4]
	at com.fasterxml.jackson.databind.ser.std.BeanSerializerBase.serializeFields(BeanSerializerBase.java:770) ~[jackson-databind-2.18.4.jar:2.18.4]
	at com.fasterxml.jackson.databind.ser.BeanSerializer.serialize(BeanSerializer.java:184) ~[jackson-databind-2.18.4.jar:2.18.4]
	at com.fasterxml.jackson.databind.ser.BeanPropertyWriter.serializeAsField(BeanPropertyWriter.java:732) ~[jackson-databind-2.18.4.jar:2.18.4]
	at com.fasterxml.jackson.databind.ser.std.BeanSerializerBase.serializeFields(BeanSerializerBase.java:770) ~[jackson-databind-2.18.4.jar:2.18.4]
	at com.fasterxml.jackson.databind.ser.BeanSerializer.serialize(BeanSerializer.java:184) ~[jackson-databind-2.18.4.jar:2.18.4]
	at com.fasterxml.jackson.databind.ser.BeanPropertyWriter.serializeAsField(BeanPropertyWriter.java:732) ~[jackson-databind-2.18.4.jar:2.18.4]
	at com.fasterxml.jackson.databind.ser.std.BeanSerializerBase.serializeFields(BeanSerializerBase.java:770) ~[jackson-databind-2.18.4.jar:2.18.4]
	at com.fasterxml.jackson.databind.ser.BeanSerializer.serialize(BeanSerializer.java:184) ~[jackson-databind-2.18.4.jar:2.18.4]
	at com.fasterxml.jackson.databind.ser.BeanPropertyWriter.serializeAsField(BeanPropertyWriter.java:732) ~[jackson-databind-2.18.4.jar:2.18.4]
	at com.fasterxml.jackson.databind.ser.std.BeanSerializerBase.serializeFields(BeanSerializerBase.java:770) ~[jackson-databind-2.18.4.jar:2.18.4]
	at com.fasterxml.jackson.databind.ser.BeanSerializer.serialize(BeanSerializer.java:184) ~[jackson-databind-2.18.4.jar:2.18.4]
	at com.fasterxml.jackson.databind.ser.BeanPropertyWriter.serializeAsField(BeanPropertyWriter.java:732) ~[jackson-databind-2.18.4.jar:2.18.4]
	at com.fasterxml.jackson.databind.ser.std.BeanSerializerBase.serializeFields(BeanSerializerBase.java:770) ~[jackson-databind-2.18.4.jar:2.18.4]
	at com.fasterxml.jackson.databind.ser.BeanSerializer.serialize(BeanSerializer.java:184) ~[jackson-databind-2.18.4.jar:2.18.4]
	at com.fasterxml.jackson.databind.ser.BeanPropertyWriter.serializeAsField(BeanPropertyWriter.java:732) ~[jackson-databind-2.18.4.jar:2.18.4]
	at com.fasterxml.jackson.databind.ser.std.BeanSerializerBase.serializeFields(BeanSerializerBase.java:770) ~[jackson-databind-2.18.4.jar:2.18.4]
	at com.fasterxml.jackson.databind.ser.BeanSerializer.serialize(BeanSerializer.java:184) ~[jackson-databind-2.18.4.jar:2.18.4]
	at com.fasterxml.jackson.databind.ser.BeanPropertyWriter.serializeAsField(BeanPropertyWriter.java:732) ~[jackson-databind-2.18.4.jar:2.18.4]
	at com.fasterxml.jackson.databind.ser.std.BeanSerializerBase.serializeFields(BeanSerializerBase.java:770) ~[jackson-databind-2.18.4.jar:2.18.4]
	at com.fasterxml.jackson.databind.ser.BeanSerializer.serialize(BeanSerializer.java:184) ~[jackson-databind-2.18.4.jar:2.18.4]
	at com.fasterxml.jackson.databind.ser.BeanPropertyWriter.serializeAsField(BeanPropertyWriter.java:732) ~[jackson-databind-2.18.4.jar:2.18.4]
	at com.fasterxml.jackson.databind.ser.std.BeanSerializerBase.serializeFields(BeanSerializerBase.java:770) ~[jackson-databind-2.18.4.jar:2.18.4]
	at com.fasterxml.jackson.databind.ser.BeanSerializer.serialize(BeanSerializer.java:184) ~[jackson-databind-2.18.4.jar:2.18.4]
	at com.fasterxml.jackson.databind.ser.BeanPropertyWriter.serializeAsField(BeanPropertyWriter.java:732) ~[jackson-databind-2.18.4.jar:2.18.4]
	at com.fasterxml.jackson.databind.ser.std.BeanSerializerBase.serializeFields(BeanSerializerBase.java:770) ~[jackson-databind-2.18.4.jar:2.18.4]
	at com.fasterxml.jackson.databind.ser.BeanSerializer.serialize(BeanSerializer.java:184) ~[jackson-databind-2.18.4.jar:2.18.4]
	at com.fasterxml.jackson.databind.ser.BeanPropertyWriter.serializeAsField(BeanPropertyWriter.java:732) ~[jackson-databind-2.18.4.jar:2.18.4]
	at com.fasterxml.jackson.databind.ser.std.BeanSerializerBase.serializeFields(BeanSerializerBase.java:770) ~[jackson-databind-2.18.4.jar:2.18.4]
	at com.fasterxml.jackson.databind.ser.BeanSerializer.serialize(BeanSerializer.java:184) ~[jackson-databind-2.18.4.jar:2.18.4]
	at com.fasterxml.jackson.databind.ser.BeanPropertyWriter.serializeAsField(BeanPropertyWriter.java:732) ~[jackson-databind-2.18.4.jar:2.18.4]
	at com.fasterxml.jackson.databind.ser.std.BeanSerializerBase.serializeFields(BeanSerializerBase.java:770) ~[jackson-databind-2.18.4.jar:2.18.4]
	at com.fasterxml.jackson.databind.ser.BeanSerializer.serialize(BeanSerializer.java:184) ~[jackson-databind-2.18.4.jar:2.18.4]
	at com.fasterxml.jackson.databind.ser.BeanPropertyWriter.serializeAsField(BeanPropertyWriter.java:732) ~[jackson-databind-2.18.4.jar:2.18.4]
	at com.fasterxml.jackson.databind.ser.std.BeanSerializerBase.serializeFields(BeanSerializerBase.java:770) ~[jackson-databind-2.18.4.jar:2.18.4]
	at com.fasterxml.jackson.databind.ser.BeanSerializer.serialize(BeanSerializer.java:184) ~[jackson-databind-2.18.4.jar:2.18.4]
	at com.fasterxml.jackson.databind.ser.BeanPropertyWriter.serializeAsField(BeanPropertyWriter.java:732) ~[jackson-databind-2.18.4.jar:2.18.4]
	at com.fasterxml.jackson.databind.ser.std.BeanSerializerBase.serializeFields(BeanSerializerBase.java:770) ~[jackson-databind-2.18.4.jar:2.18.4]
	at com.fasterxml.jackson.databind.ser.BeanSerializer.serialize(BeanSerializer.java:184) ~[jackson-databind-2.18.4.jar:2.18.4]
	at com.fasterxml.jackson.databind.ser.BeanPropertyWriter.serializeAsField(BeanPropertyWriter.java:732) ~[jackson-databind-2.18.4.jar:2.18.4]
	at com.fasterxml.jackson.databind.ser.std.BeanSerializerBase.serializeFields(BeanSerializerBase.java:770) ~[jackson-databind-2.18.4.jar:2.18.4]
	at com.fasterxml.jackson.databind.ser.BeanSerializer.serialize(BeanSerializer.java:184) ~[jackson-databind-2.18.4.jar:2.18.4]
	at com.fasterxml.jackson.databind.ser.BeanPropertyWriter.serializeAsField(BeanPropertyWriter.java:732) ~[jackson-databind-2.18.4.jar:2.18.4]
	at com.fasterxml.jackson.databind.ser.std.BeanSerializerBase.serializeFields(BeanSerializerBase.java:770) ~[jackson-databind-2.18.4.jar:2.18.4]
	at com.fasterxml.jackson.databind.ser.BeanSerializer.serialize(BeanSerializer.java:184) ~[jackson-databind-2.18.4.jar:2.18.4]
	at com.fasterxml.jackson.databind.ser.BeanPropertyWriter.serializeAsField(BeanPropertyWriter.java:732) ~[jackson-databind-2.18.4.jar:2.18.4]
	at com.fasterxml.jackson.databind.ser.std.BeanSerializerBase.serializeFields(BeanSerializerBase.java:770) ~[jackson-databind-2.18.4.jar:2.18.4]
	at com.fasterxml.jackson.databind.ser.BeanSerializer.serialize(BeanSerializer.java:184) ~[jackson-databind-2.18.4.jar:2.18.4]
	at com.fasterxml.jackson.databind.ser.BeanPropertyWriter.serializeAsField(BeanPropertyWriter.java:732) ~[jackson-databind-2.18.4.jar:2.18.4]
	at com.fasterxml.jackson.databind.ser.std.BeanSerializerBase.serializeFields(BeanSerializerBase.java:770) ~[jackson-databind-2.18.4.jar:2.18.4]
	at com.fasterxml.jackson.databind.ser.BeanSerializer.serialize(BeanSerializer.java:184) ~[jackson-databind-2.18.4.jar:2.18.4]
	at com.fasterxml.jackson.databind.ser.BeanPropertyWriter.serializeAsField(BeanPropertyWriter.java:732) ~[jackson-databind-2.18.4.jar:2.18.4]
	at com.fasterxml.jackson.databind.ser.std.BeanSerializerBase.serializeFields(BeanSerializerBase.java:770) ~[jackson-databind-2.18.4.jar:2.18.4]
	at com.fasterxml.jackson.databind.ser.BeanSerializer.serialize(BeanSerializer.java:184) ~[jackson-databind-2.18.4.jar:2.18.4]
	at com.fasterxml.jackson.databind.ser.BeanPropertyWriter.serializeAsField(BeanPropertyWriter.java:732) ~[jackson-databind-2.18.4.jar:2.18.4]
	at com.fasterxml.jackson.databind.ser.std.BeanSerializerBase.serializeFields(BeanSerializerBase.java:770) ~[jackson-databind-2.18.4.jar:2.18.4]
	at com.fasterxml.jackson.databind.ser.BeanSerializer.serialize(BeanSerializer.java:184) ~[jackson-databind-2.18.4.jar:2.18.4]
	at com.fasterxml.jackson.databind.ser.BeanPropertyWriter.serializeAsField(BeanPropertyWriter.java:732) ~[jackson-databind-2.18.4.jar:2.18.4]
	at com.fasterxml.jackson.databind.ser.std.BeanSerializerBase.serializeFields(BeanSerializerBase.java:770) ~[jackson-databind-2.18.4.jar:2.18.4]
	at com.fasterxml.jackson.databind.ser.BeanSerializer.serialize(BeanSerializer.java:184) ~[jackson-databind-2.18.4.jar:2.18.4]
	at com.fasterxml.jackson.databind.ser.BeanPropertyWriter.serializeAsField(BeanPropertyWriter.java:732) ~[jackson-databind-2.18.4.jar:2.18.4]
	at com.fasterxml.jackson.databind.ser.std.BeanSerializerBase.serializeFields(BeanSerializerBase.java:770) ~[jackson-databind-2.18.4.jar:2.18.4]
	at com.fasterxml.jackson.databind.ser.BeanSerializer.serialize(BeanSerializer.java:184) ~[jackson-databind-2.18.4.jar:2.18.4]
	at com.fasterxml.jackson.databind.ser.BeanPropertyWriter.serializeAsField(BeanPropertyWriter.java:732) ~[jackson-databind-2.18.4.jar:2.18.4]
	at com.fasterxml.jackson.databind.ser.std.BeanSerializerBase.serializeFields(BeanSerializerBase.java:770) ~[jackson-databind-2.18.4.jar:2.18.4]
	at com.fasterxml.jackson.databind.ser.BeanSerializer.serialize(BeanSerializer.java:184) ~[jackson-databind-2.18.4.jar:2.18.4]
	at com.fasterxml.jackson.databind.ser.BeanPropertyWriter.serializeAsField(BeanPropertyWriter.java:732) ~[jackson-databind-2.18.4.jar:2.18.4]
	at com.fasterxml.jackson.databind.ser.std.BeanSerializerBase.serializeFields(BeanSerializerBase.java:770) ~[jackson-databind-2.18.4.jar:2.18.4]
	at com.fasterxml.jackson.databind.ser.BeanSerializer.serialize(BeanSerializer.java:184) ~[jackson-databind-2.18.4.jar:2.18.4]
	at com.fasterxml.jackson.databind.ser.BeanPropertyWriter.serializeAsField(BeanPropertyWriter.java:732) ~[jackson-databind-2.18.4.jar:2.18.4]
	at com.fasterxml.jackson.databind.ser.std.BeanSerializerBase.serializeFields(BeanSerializerBase.java:770) ~[jackson-databind-2.18.4.jar:2.18.4]
	at com.fasterxml.jackson.databind.ser.BeanSerializer.serialize(BeanSerializer.java:184) ~[jackson-databind-2.18.4.jar:2.18.4]
	at com.fasterxml.jackson.databind.ser.BeanPropertyWriter.serializeAsField(BeanPropertyWriter.java:732) ~[jackson-databind-2.18.4.jar:2.18.4]
	at com.fasterxml.jackson.databind.ser.std.BeanSerializerBase.serializeFields(BeanSerializerBase.java:770) ~[jackson-databind-2.18.4.jar:2.18.4]
	at com.fasterxml.jackson.databind.ser.BeanSerializer.serialize(BeanSerializer.java:184) ~[jackson-databind-2.18.4.jar:2.18.4]
	at com.fasterxml.jackson.databind.ser.BeanPropertyWriter.serializeAsField(BeanPropertyWriter.java:732) ~[jackson-databind-2.18.4.jar:2.18.4]
	at com.fasterxml.jackson.databind.ser.std.BeanSerializerBase.serializeFields(BeanSerializerBase.java:770) ~[jackson-databind-2.18.4.jar:2.18.4]
	at com.fasterxml.jackson.databind.ser.BeanSerializer.serialize(BeanSerializer.java:184) ~[jackson-databind-2.18.4.jar:2.18.4]
	at com.fasterxml.jackson.databind.ser.BeanPropertyWriter.serializeAsField(BeanPropertyWriter.java:732) ~[jackson-databind-2.18.4.jar:2.18.4]
	at com.fasterxml.jackson.databind.ser.std.BeanSerializerBase.serializeFields(BeanSerializerBase.java:770) ~[jackson-databind-2.18.4.jar:2.18.4]
	at com.fasterxml.jackson.databind.ser.BeanSerializer.serialize(BeanSerializer.java:184) ~[jackson-databind-2.18.4.jar:2.18.4]
	at com.fasterxml.jackson.databind.ser.BeanPropertyWriter.serializeAsField(BeanPropertyWriter.java:732) ~[jackson-databind-2.18.4.jar:2.18.4]
	at com.fasterxml.jackson.databind.ser.std.BeanSerializerBase.serializeFields(BeanSerializerBase.java:770) ~[jackson-databind-2.18.4.jar:2.18.4]
	at com.fasterxml.jackson.databind.ser.BeanSerializer.serialize(BeanSerializer.java:184) ~[jackson-databind-2.18.4.jar:2.18.4]
	at com.fasterxml.jackson.databind.ser.BeanPropertyWriter.serializeAsField(BeanPropertyWriter.java:732) ~[jackson-databind-2.18.4.jar:2.18.4]
	at com.fasterxml.jackson.databind.ser.std.BeanSerializerBase.serializeFields(BeanSerializerBase.java:770) ~[jackson-databind-2.18.4.jar:2.18.4]
	at com.fasterxml.jackson.databind.ser.BeanSerializer.serialize(BeanSerializer.java:184) ~[jackson-databind-2.18.4.jar:2.18.4]
	at com.fasterxml.jackson.databind.ser.BeanPropertyWriter.serializeAsField(BeanPropertyWriter.java:732) ~[jackson-databind-2.18.4.jar:2.18.4]
	at com.fasterxml.jackson.databind.ser.std.BeanSerializerBase.serializeFields(BeanSerializerBase.java:770) ~[jackson-databind-2.18.4.jar:2.18.4]
	at com.fasterxml.jackson.databind.ser.BeanSerializer.serialize(BeanSerializer.java:184) ~[jackson-databind-2.18.4.jar:2.18.4]
	at com.fasterxml.jackson.databind.ser.BeanPropertyWriter.serializeAsField(BeanPropertyWriter.java:732) ~[jackson-databind-2.18.4.jar:2.18.4]
	at com.fasterxml.jackson.databind.ser.std.BeanSerializerBase.serializeFields(BeanSerializerBase.java:770) ~[jackson-databind-2.18.4.jar:2.18.4]
	at com.fasterxml.jackson.databind.ser.BeanSerializer.serialize(BeanSerializer.java:184) ~[jackson-databind-2.18.4.jar:2.18.4]
	at com.fasterxml.jackson.databind.ser.BeanPropertyWriter.serializeAsField(BeanPropertyWriter.java:732) ~[jackson-databind-2.18.4.jar:2.18.4]
	at com.fasterxml.jackson.databind.ser.std.BeanSerializerBase.serializeFields(BeanSerializerBase.java:770) ~[jackson-databind-2.18.4.jar:2.18.4]
	at com.fasterxml.jackson.databind.ser.BeanSerializer.serialize(BeanSerializer.java:184) ~[jackson-databind-2.18.4.jar:2.18.4]
	at com.fasterxml.jackson.databind.ser.BeanPropertyWriter.serializeAsField(BeanPropertyWriter.java:732) ~[jackson-databind-2.18.4.jar:2.18.4]
	at com.fasterxml.jackson.databind.ser.std.BeanSerializerBase.serializeFields(BeanSerializerBase.java:770) ~[jackson-databind-2.18.4.jar:2.18.4]
	at com.fasterxml.jackson.databind.ser.BeanSerializer.serialize(BeanSerializer.java:184) ~[jackson-databind-2.18.4.jar:2.18.4]
	at com.fasterxml.jackson.databind.ser.BeanPropertyWriter.serializeAsField(BeanPropertyWriter.java:732) ~[jackson-databind-2.18.4.jar:2.18.4]
	at com.fasterxml.jackson.databind.ser.std.BeanSerializerBase.serializeFields(BeanSerializerBase.java:770) ~[jackson-databind-2.18.4.jar:2.18.4]
	at com.fasterxml.jackson.databind.ser.BeanSerializer.serialize(BeanSerializer.java:184) ~[jackson-databind-2.18.4.jar:2.18.4]
	at com.fasterxml.jackson.databind.ser.BeanPropertyWriter.serializeAsField(BeanPropertyWriter.java:732) ~[jackson-databind-2.18.4.jar:2.18.4]
	at com.fasterxml.jackson.databind.ser.std.BeanSerializerBase.serializeFields(BeanSerializerBase.java:770) ~[jackson-databind-2.18.4.jar:2.18.4]
	at com.fasterxml.jackson.databind.ser.BeanSerializer.serialize(BeanSerializer.java:184) ~[jackson-databind-2.18.4.jar:2.18.4]
	at com.fasterxml.jackson.databind.ser.BeanPropertyWriter.serializeAsField(BeanPropertyWriter.java:732) ~[jackson-databind-2.18.4.jar:2.18.4]
	at com.fasterxml.jackson.databind.ser.std.BeanSerializerBase.serializeFields(BeanSerializerBase.java:770) ~[jackson-databind-2.18.4.jar:2.18.4]
	at com.fasterxml.jackson.databind.ser.BeanSerializer.serialize(BeanSerializer.java:184) ~[jackson-databind-2.18.4.jar:2.18.4]
	at com.fasterxml.jackson.databind.ser.BeanPropertyWriter.serializeAsField(BeanPropertyWriter.java:732) ~[jackson-databind-2.18.4.jar:2.18.4]
	at com.fasterxml.jackson.databind.ser.std.BeanSerializerBase.serializeFields(BeanSerializerBase.java:770) ~[jackson-databind-2.18.4.jar:2.18.4]
	at com.fasterxml.jackson.databind.ser.BeanSerializer.serialize(BeanSerializer.java:184) ~[jackson-databind-2.18.4.jar:2.18.4]
	at com.fasterxml.jackson.databind.ser.BeanPropertyWriter.serializeAsField(BeanPropertyWriter.java:732) ~[jackson-databind-2.18.4.jar:2.18.4]
	at com.fasterxml.jackson.databind.ser.std.BeanSerializerBase.serializeFields(BeanSerializerBase.java:770) ~[jackson-databind-2.18.4.jar:2.18.4]
	at com.fasterxml.jackson.databind.ser.BeanSerializer.serialize(BeanSerializer.java:184) ~[jackson-databind-2.18.4.jar:2.18.4]
	at com.fasterxml.jackson.databind.ser.BeanPropertyWriter.serializeAsField(BeanPropertyWriter.java:732) ~[jackson-databind-2.18.4.jar:2.18.4]
	at com.fasterxml.jackson.databind.ser.std.BeanSerializerBase.serializeFields(BeanSerializerBase.java:770) ~[jackson-databind-2.18.4.jar:2.18.4]
	at com.fasterxml.jackson.databind.ser.BeanSerializer.serialize(BeanSerializer.java:184) ~[jackson-databind-2.18.4.jar:2.18.4]
	at com.fasterxml.jackson.databind.ser.BeanPropertyWriter.serializeAsField(BeanPropertyWriter.java:732) ~[jackson-databind-2.18.4.jar:2.18.4]
	at com.fasterxml.jackson.databind.ser.std.BeanSerializerBase.serializeFields(BeanSerializerBase.java:770) ~[jackson-databind-2.18.4.jar:2.18.4]
	at com.fasterxml.jackson.databind.ser.BeanSerializer.serialize(BeanSerializer.java:184) ~[jackson-databind-2.18.4.jar:2.18.4]
	at com.fasterxml.jackson.databind.ser.BeanPropertyWriter.serializeAsField(BeanPropertyWriter.java:732) ~[jackson-databind-2.18.4.jar:2.18.4]
	at com.fasterxml.jackson.databind.ser.std.BeanSerializerBase.serializeFields(BeanSerializerBase.java:770) ~[jackson-databind-2.18.4.jar:2.18.4]
	at com.fasterxml.jackson.databind.ser.BeanSerializer.serialize(BeanSerializer.java:184) ~[jackson-databind-2.18.4.jar:2.18.4]
	at com.fasterxml.jackson.databind.ser.BeanPropertyWriter.serializeAsField(BeanPropertyWriter.java:732) ~[jackson-databind-2.18.4.jar:2.18.4]
	at com.fasterxml.jackson.databind.ser.std.BeanSerializerBase.serializeFields(BeanSerializerBase.java:770) ~[jackson-databind-2.18.4.jar:2.18.4]
	at com.fasterxml.jackson.databind.ser.BeanSerializer.serialize(BeanSerializer.java:184) ~[jackson-databind-2.18.4.jar:2.18.4]
	at com.fasterxml.jackson.databind.ser.BeanPropertyWriter.serializeAsField(BeanPropertyWriter.java:732) ~[jackson-databind-2.18.4.jar:2.18.4]
	at com.fasterxml.jackson.databind.ser.std.BeanSerializerBase.serializeFields(BeanSerializerBase.java:770) ~[jackson-databind-2.18.4.jar:2.18.4]
	at com.fasterxml.jackson.databind.ser.BeanSerializer.serialize(BeanSerializer.java:184) ~[jackson-databind-2.18.4.jar:2.18.4]
	at com.fasterxml.jackson.databind.ser.BeanPropertyWriter.serializeAsField(BeanPropertyWriter.java:732) ~[jackson-databind-2.18.4.jar:2.18.4]
	at com.fasterxml.jackson.databind.ser.std.BeanSerializerBase.serializeFields(BeanSerializerBase.java:770) ~[jackson-databind-2.18.4.jar:2.18.4]
	at com.fasterxml.jackson.databind.ser.BeanSerializer.serialize(BeanSerializer.java:184) ~[jackson-databind-2.18.4.jar:2.18.4]
	at com.fasterxml.jackson.databind.ser.BeanPropertyWriter.serializeAsField(BeanPropertyWriter.java:732) ~[jackson-databind-2.18.4.jar:2.18.4]
	at com.fasterxml.jackson.databind.ser.std.BeanSerializerBase.serializeFields(BeanSerializerBase.java:770) ~[jackson-databind-2.18.4.jar:2.18.4]
	at com.fasterxml.jackson.databind.ser.BeanSerializer.serialize(BeanSerializer.java:184) ~[jackson-databind-2.18.4.jar:2.18.4]
	at com.fasterxml.jackson.databind.ser.BeanPropertyWriter.serializeAsField(BeanPropertyWriter.java:732) ~[jackson-databind-2.18.4.jar:2.18.4]
	at com.fasterxml.jackson.databind.ser.std.BeanSerializerBase.serializeFields(BeanSerializerBase.java:770) ~[jackson-databind-2.18.4.jar:2.18.4]
	at com.fasterxml.jackson.databind.ser.BeanSerializer.serialize(BeanSerializer.java:184) ~[jackson-databind-2.18.4.jar:2.18.4]
	at com.fasterxml.jackson.databind.ser.BeanPropertyWriter.serializeAsField(BeanPropertyWriter.java:732) ~[jackson-databind-2.18.4.jar:2.18.4]
	at com.fasterxml.jackson.databind.ser.std.BeanSerializerBase.serializeFields(BeanSerializerBase.java:770) ~[jackson-databind-2.18.4.jar:2.18.4]
	at com.fasterxml.jackson.databind.ser.BeanSerializer.serialize(BeanSerializer.java:184) ~[jackson-databind-2.18.4.jar:2.18.4]
	at com.fasterxml.jackson.databind.ser.BeanPropertyWriter.serializeAsField(BeanPropertyWriter.java:732) ~[jackson-databind-2.18.4.jar:2.18.4]
	at com.fasterxml.jackson.databind.ser.std.BeanSerializerBase.serializeFields(BeanSerializerBase.java:770) ~[jackson-databind-2.18.4.jar:2.18.4]
	at com.fasterxml.jackson.databind.ser.BeanSerializer.serialize(BeanSerializer.java:184) ~[jackson-databind-2.18.4.jar:2.18.4]
	at com.fasterxml.jackson.databind.ser.BeanPropertyWriter.serializeAsField(BeanPropertyWriter.java:732) ~[jackson-databind-2.18.4.jar:2.18.4]
	at com.fasterxml.jackson.databind.ser.std.BeanSerializerBase.serializeFields(BeanSerializerBase.java:770) ~[jackson-databind-2.18.4.jar:2.18.4]
	at com.fasterxml.jackson.databind.ser.BeanSerializer.serialize(BeanSerializer.java:184) ~[jackson-databind-2.18.4.jar:2.18.4]
	at com.fasterxml.jackson.databind.ser.BeanPropertyWriter.serializeAsField(BeanPropertyWriter.java:732) ~[jackson-databind-2.18.4.jar:2.18.4]
	at com.fasterxml.jackson.databind.ser.std.BeanSerializerBase.serializeFields(BeanSerializerBase.java:770) ~[jackson-databind-2.18.4.jar:2.18.4]
	at com.fasterxml.jackson.databind.ser.BeanSerializer.serialize(BeanSerializer.java:184) ~[jackson-databind-2.18.4.jar:2.18.4]
	at com.fasterxml.jackson.databind.ser.BeanPropertyWriter.serializeAsField(BeanPropertyWriter.java:732) ~[jackson-databind-2.18.4.jar:2.18.4]
	at com.fasterxml.jackson.databind.ser.std.BeanSerializerBase.serializeFields(BeanSerializerBase.java:770) ~[jackson-databind-2.18.4.jar:2.18.4]
	at com.fasterxml.jackson.databind.ser.BeanSerializer.serialize(BeanSerializer.java:184) ~[jackson-databind-2.18.4.jar:2.18.4]
	at com.fasterxml.jackson.databind.ser.BeanPropertyWriter.serializeAsField(BeanPropertyWriter.java:732) ~[jackson-databind-2.18.4.jar:2.18.4]
	at com.fasterxml.jackson.databind.ser.std.BeanSerializerBase.serializeFields(BeanSerializerBase.java:770) ~[jackson-databind-2.18.4.jar:2.18.4]
	at com.fasterxml.jackson.databind.ser.BeanSerializer.serialize(BeanSerializer.java:184) ~[jackson-databind-2.18.4.jar:2.18.4]
	at com.fasterxml.jackson.databind.ser.BeanPropertyWriter.serializeAsField(BeanPropertyWriter.java:732) ~[jackson-databind-2.18.4.jar:2.18.4]
	at com.fasterxml.jackson.databind.ser.std.BeanSerializerBase.serializeFields(BeanSerializerBase.java:770) ~[jackson-databind-2.18.4.jar:2.18.4]
	at com.fasterxml.jackson.databind.ser.BeanSerializer.serialize(BeanSerializer.java:184) ~[jackson-databind-2.18.4.jar:2.18.4]
	at com.fasterxml.jackson.databind.ser.BeanPropertyWriter.serializeAsField(BeanPropertyWriter.java:732) ~[jackson-databind-2.18.4.jar:2.18.4]
	at com.fasterxml.jackson.databind.ser.std.BeanSerializerBase.serializeFields(BeanSerializerBase.java:770) ~[jackson-databind-2.18.4.jar:2.18.4]
	at com.fasterxml.jackson.databind.ser.BeanSerializer.serialize(BeanSerializer.java:184) ~[jackson-databind-2.18.4.jar:2.18.4]
	at com.fasterxml.jackson.databind.ser.BeanPropertyWriter.serializeAsField(BeanPropertyWriter.java:732) ~[jackson-databind-2.18.4.jar:2.18.4]
	at com.fasterxml.jackson.databind.ser.std.BeanSerializerBase.serializeFields(BeanSerializerBase.java:770) ~[jackson-databind-2.18.4.jar:2.18.4]
	at com.fasterxml.jackson.databind.ser.BeanSerializer.serialize(BeanSerializer.java:184) ~[jackson-databind-2.18.4.jar:2.18.4]
	at com.fasterxml.jackson.databind.ser.BeanPropertyWriter.serializeAsField(BeanPropertyWriter.java:732) ~[jackson-databind-2.18.4.jar:2.18.4]
	at com.fasterxml.jackson.databind.ser.std.BeanSerializerBase.serializeFields(BeanSerializerBase.java:770) ~[jackson-databind-2.18.4.jar:2.18.4]
	at com.fasterxml.jackson.databind.ser.BeanSerializer.serialize(BeanSerializer.java:184) ~[jackson-databind-2.18.4.jar:2.18.4]
	at com.fasterxml.jackson.databind.ser.BeanPropertyWriter.serializeAsField(BeanPropertyWriter.java:732) ~[jackson-databind-2.18.4.jar:2.18.4]
	at com.fasterxml.jackson.databind.ser.std.BeanSerializerBase.serializeFields(BeanSerializerBase.java:770) ~[jackson-databind-2.18.4.jar:2.18.4]
	at com.fasterxml.jackson.databind.ser.BeanSerializer.serialize(BeanSerializer.java:184) ~[jackson-databind-2.18.4.jar:2.18.4]
	at com.fasterxml.jackson.databind.ser.BeanPropertyWriter.serializeAsField(BeanPropertyWriter.java:732) ~[jackson-databind-2.18.4.jar:2.18.4]
	at com.fasterxml.jackson.databind.ser.std.BeanSerializerBase.serializeFields(BeanSerializerBase.java:770) ~[jackson-databind-2.18.4.jar:2.18.4]
	at com.fasterxml.jackson.databind.ser.BeanSerializer.serialize(BeanSerializer.java:184) ~[jackson-databind-2.18.4.jar:2.18.4]
	at com.fasterxml.jackson.databind.ser.BeanPropertyWriter.serializeAsField(BeanPropertyWriter.java:732) ~[jackson-databind-2.18.4.jar:2.18.4]
	at com.fasterxml.jackson.databind.ser.std.BeanSerializerBase.serializeFields(BeanSerializerBase.java:770) ~[jackson-databind-2.18.4.jar:2.18.4]
	at com.fasterxml.jackson.databind.ser.BeanSerializer.serialize(BeanSerializer.java:184) ~[jackson-databind-2.18.4.jar:2.18.4]
	at com.fasterxml.jackson.databind.ser.BeanPropertyWriter.serializeAsField(BeanPropertyWriter.java:732) ~[jackson-databind-2.18.4.jar:2.18.4]
	at com.fasterxml.jackson.databind.ser.std.BeanSerializerBase.serializeFields(BeanSerializerBase.java:770) ~[jackson-databind-2.18.4.jar:2.18.4]
	at com.fasterxml.jackson.databind.ser.BeanSerializer.serialize(BeanSerializer.java:184) ~[jackson-databind-2.18.4.jar:2.18.4]
	at com.fasterxml.jackson.databind.ser.BeanPropertyWriter.serializeAsField(BeanPropertyWriter.java:732) ~[jackson-databind-2.18.4.jar:2.18.4]
	at com.fasterxml.jackson.databind.ser.std.BeanSerializerBase.serializeFields(BeanSerializerBase.java:770) ~[jackson-databind-2.18.4.jar:2.18.4]
	at com.fasterxml.jackson.databind.ser.BeanSerializer.serialize(BeanSerializer.java:184) ~[jackson-databind-2.18.4.jar:2.18.4]
	at com.fasterxml.jackson.databind.ser.BeanPropertyWriter.serializeAsField(BeanPropertyWriter.java:732) ~[jackson-databind-2.18.4.jar:2.18.4]
	at com.fasterxml.jackson.databind.ser.std.BeanSerializerBase.serializeFields(BeanSerializerBase.java:770) ~[jackson-databind-2.18.4.jar:2.18.4]
	at com.fasterxml.jackson.databind.ser.BeanSerializer.serialize(BeanSerializer.java:184) ~[jackson-databind-2.18.4.jar:2.18.4]
	at com.fasterxml.jackson.databind.ser.BeanPropertyWriter.serializeAsField(BeanPropertyWriter.java:732) ~[jackson-databind-2.18.4.jar:2.18.4]
	at com.fasterxml.jackson.databind.ser.std.BeanSerializerBase.serializeFields(BeanSerializerBase.java:770) ~[jackson-databind-2.18.4.jar:2.18.4]
	at com.fasterxml.jackson.databind.ser.BeanSerializer.serialize(BeanSerializer.java:184) ~[jackson-databind-2.18.4.jar:2.18.4]
	at com.fasterxml.jackson.databind.ser.BeanPropertyWriter.serializeAsField(BeanPropertyWriter.java:732) ~[jackson-databind-2.18.4.jar:2.18.4]
	at com.fasterxml.jackson.databind.ser.std.BeanSerializerBase.serializeFields(BeanSerializerBase.java:770) ~[jackson-databind-2.18.4.jar:2.18.4]
	at com.fasterxml.jackson.databind.ser.BeanSerializer.serialize(BeanSerializer.java:184) ~[jackson-databind-2.18.4.jar:2.18.4]
	at com.fasterxml.jackson.databind.ser.BeanPropertyWriter.serializeAsField(BeanPropertyWriter.java:732) ~[jackson-databind-2.18.4.jar:2.18.4]
	at com.fasterxml.jackson.databind.ser.std.BeanSerializerBase.serializeFields(BeanSerializerBase.java:770) ~[jackson-databind-2.18.4.jar:2.18.4]
	at com.fasterxml.jackson.databind.ser.BeanSerializer.serialize(BeanSerializer.java:184) ~[jackson-databind-2.18.4.jar:2.18.4]
	at com.fasterxml.jackson.databind.ser.BeanPropertyWriter.serializeAsField(BeanPropertyWriter.java:732) ~[jackson-databind-2.18.4.jar:2.18.4]
	at com.fasterxml.jackson.databind.ser.std.BeanSerializerBase.serializeFields(BeanSerializerBase.java:770) ~[jackson-databind-2.18.4.jar:2.18.4]
	at com.fasterxml.jackson.databind.ser.BeanSerializer.serialize(BeanSerializer.java:184) ~[jackson-databind-2.18.4.jar:2.18.4]
	at com.fasterxml.jackson.databind.ser.BeanPropertyWriter.serializeAsField(BeanPropertyWriter.java:732) ~[jackson-databind-2.18.4.jar:2.18.4]
	at com.fasterxml.jackson.databind.ser.std.BeanSerializerBase.serializeFields(BeanSerializerBase.java:770) ~[jackson-databind-2.18.4.jar:2.18.4]
	at com.fasterxml.jackson.databind.ser.BeanSerializer.serialize(BeanSerializer.java:184) ~[jackson-databind-2.18.4.jar:2.18.4]
	at com.fasterxml.jackson.databind.ser.BeanPropertyWriter.serializeAsField(BeanPropertyWriter.java:732) ~[jackson-databind-2.18.4.jar:2.18.4]
	at com.fasterxml.jackson.databind.ser.std.BeanSerializerBase.serializeFields(BeanSerializerBase.java:770) ~[jackson-databind-2.18.4.jar:2.18.4]
	at com.fasterxml.jackson.databind.ser.BeanSerializer.serialize(BeanSerializer.java:184) ~[jackson-databind-2.18.4.jar:2.18.4]
	at com.fasterxml.jackson.databind.ser.BeanPropertyWriter.serializeAsField(BeanPropertyWriter.java:732) ~[jackson-databind-2.18.4.jar:2.18.4]
	at com.fasterxml.jackson.databind.ser.std.BeanSerializerBase.serializeFields(BeanSerializerBase.java:770) ~[jackson-databind-2.18.4.jar:2.18.4]
	at com.fasterxml.jackson.databind.ser.BeanSerializer.serialize(BeanSerializer.java:184) ~[jackson-databind-2.18.4.jar:2.18.4]
	at com.fasterxml.jackson.databind.ser.BeanPropertyWriter.serializeAsField(BeanPropertyWriter.java:732) ~[jackson-databind-2.18.4.jar:2.18.4]
	at com.fasterxml.jackson.databind.ser.std.BeanSerializerBase.serializeFields(BeanSerializerBase.java:770) ~[jackson-databind-2.18.4.jar:2.18.4]
	at com.fasterxml.jackson.databind.ser.BeanSerializer.serialize(BeanSerializer.java:184) ~[jackson-databind-2.18.4.jar:2.18.4]
	at com.fasterxml.jackson.databind.ser.BeanPropertyWriter.serializeAsField(BeanPropertyWriter.java:732) ~[jackson-databind-2.18.4.jar:2.18.4]
	at com.fasterxml.jackson.databind.ser.std.BeanSerializerBase.serializeFields(BeanSerializerBase.java:770) ~[jackson-databind-2.18.4.jar:2.18.4]
	at com.fasterxml.jackson.databind.ser.BeanSerializer.serialize(BeanSerializer.java:184) ~[jackson-databind-2.18.4.jar:2.18.4]
	at com.fasterxml.jackson.databind.ser.BeanPropertyWriter.serializeAsField(BeanPropertyWriter.java:732) ~[jackson-databind-2.18.4.jar:2.18.4]
	at com.fasterxml.jackson.databind.ser.std.BeanSerializerBase.serializeFields(BeanSerializerBase.java:770) ~[jackson-databind-2.18.4.jar:2.18.4]
	at com.fasterxml.jackson.databind.ser.BeanSerializer.serialize(BeanSerializer.java:184) ~[jackson-databind-2.18.4.jar:2.18.4]

2025-08-26T22:43:56.222+09:00  WARN 15028 --- [MySpringBootLab] [http-nio-8080-exec-3] .m.m.a.ExceptionHandlerExceptionResolver : Resolved [org.springframework.http.converter.HttpMessageNotWritableException: Could not write JSON: Document nesting depth (1001) exceeds the maximum allowed (1000, from `StreamWriteConstraints.getMaxNestingDepth()`)]
2025-08-26T22:43:56.345+09:00 ERROR 15028 --- [MySpringBootLab] [http-nio-8080-exec-3] o.a.c.c.C.[.[.[/].[dispatcherServlet]    : Servlet.service() for servlet [dispatcherServlet] in context with path [] threw exception [Request processing failed: java.lang.IllegalStateException: getOutputStream() has already been called for this response] with root cause

java.lang.IllegalStateException: getOutputStream() has already been called for this response
	at org.apache.catalina.connector.Response.getWriter(Response.java:526) ~[tomcat-embed-core-10.1.43.jar:10.1.43]
	at org.apache.catalina.connector.ResponseFacade.getWriter(ResponseFacade.java:188) ~[tomcat-embed-core-10.1.43.jar:10.1.43]
	at org.thymeleaf.spring6.view.ThymeleafView.renderFragment(ThymeleafView.java:370) ~[thymeleaf-spring6-3.1.3.RELEASE.jar:3.1.3.RELEASE]
	at org.thymeleaf.spring6.view.ThymeleafView.render(ThymeleafView.java:192) ~[thymeleaf-spring6-3.1.3.RELEASE.jar:3.1.3.RELEASE]
	at org.springframework.web.servlet.DispatcherServlet.render(DispatcherServlet.java:1438) ~[spring-webmvc-6.2.9.jar:6.2.9]
	at org.springframework.web.servlet.DispatcherServlet.processDispatchResult(DispatcherServlet.java:1168) ~[spring-webmvc-6.2.9.jar:6.2.9]
	at org.springframework.web.servlet.DispatcherServlet.doDispatch(DispatcherServlet.java:1106) ~[spring-webmvc-6.2.9.jar:6.2.9]
	at org.springframework.web.servlet.DispatcherServlet.doService(DispatcherServlet.java:979) ~[spring-webmvc-6.2.9.jar:6.2.9]
	at org.springframework.web.servlet.FrameworkServlet.processRequest(FrameworkServlet.java:1014) ~[spring-webmvc-6.2.9.jar:6.2.9]
	at org.springframework.web.servlet.FrameworkServlet.doGet(FrameworkServlet.java:903) ~[spring-webmvc-6.2.9.jar:6.2.9]
	at jakarta.servlet.http.HttpServlet.service(HttpServlet.java:564) ~[tomcat-embed-core-10.1.43.jar:6.0]
	at org.springframework.web.servlet.FrameworkServlet.service(FrameworkServlet.java:885) ~[spring-webmvc-6.2.9.jar:6.2.9]
	at jakarta.servlet.http.HttpServlet.service(HttpServlet.java:658) ~[tomcat-embed-core-10.1.43.jar:6.0]
	at org.apache.catalina.core.ApplicationFilterChain.internalDoFilter(ApplicationFilterChain.java:195) ~[tomcat-embed-core-10.1.43.jar:10.1.43]
	at org.apache.catalina.core.ApplicationFilterChain.doFilter(ApplicationFilterChain.java:140) ~[tomcat-embed-core-10.1.43.jar:10.1.43]
	at org.apache.tomcat.websocket.server.WsFilter.doFilter(WsFilter.java:51) ~[tomcat-embed-websocket-10.1.43.jar:10.1.43]
	at org.apache.catalina.core.ApplicationFilterChain.internalDoFilter(ApplicationFilterChain.java:164) ~[tomcat-embed-core-10.1.43.jar:10.1.43]
	at org.apache.catalina.core.ApplicationFilterChain.doFilter(ApplicationFilterChain.java:140) ~[tomcat-embed-core-10.1.43.jar:10.1.43]
	at org.springframework.web.filter.RequestContextFilter.doFilterInternal(RequestContextFilter.java:100) ~[spring-web-6.2.9.jar:6.2.9]
	at org.springframework.web.filter.OncePerRequestFilter.doFilter(OncePerRequestFilter.java:116) ~[spring-web-6.2.9.jar:6.2.9]
	at org.apache.catalina.core.ApplicationFilterChain.internalDoFilter(ApplicationFilterChain.java:164) ~[tomcat-embed-core-10.1.43.jar:10.1.43]
	at org.apache.catalina.core.ApplicationFilterChain.doFilter(ApplicationFilterChain.java:140) ~[tomcat-embed-core-10.1.43.jar:10.1.43]
	at org.springframework.web.filter.FormContentFilter.doFilterInternal(FormContentFilter.java:93) ~[spring-web-6.2.9.jar:6.2.9]
	at org.springframework.web.filter.OncePerRequestFilter.doFilter(OncePerRequestFilter.java:116) ~[spring-web-6.2.9.jar:6.2.9]
	at org.apache.catalina.core.ApplicationFilterChain.internalDoFilter(ApplicationFilterChain.java:164) ~[tomcat-embed-core-10.1.43.jar:10.1.43]
	at org.apache.catalina.core.ApplicationFilterChain.doFilter(ApplicationFilterChain.java:140) ~[tomcat-embed-core-10.1.43.jar:10.1.43]
	at org.springframework.web.filter.ServerHttpObservationFilter.doFilterInternal(ServerHttpObservationFilter.java:110) ~[spring-web-6.2.9.jar:6.2.9]
	at org.springframework.web.filter.OncePerRequestFilter.doFilter(OncePerRequestFilter.java:116) ~[spring-web-6.2.9.jar:6.2.9]
	at org.apache.catalina.core.ApplicationFilterChain.internalDoFilter(ApplicationFilterChain.java:164) ~[tomcat-embed-core-10.1.43.jar:10.1.43]
	at org.apache.catalina.core.ApplicationFilterChain.doFilter(ApplicationFilterChain.java:140) ~[tomcat-embed-core-10.1.43.jar:10.1.43]
	at org.springframework.web.filter.CharacterEncodingFilter.doFilterInternal(CharacterEncodingFilter.java:201) ~[spring-web-6.2.9.jar:6.2.9]
	at org.springframework.web.filter.OncePerRequestFilter.doFilter(OncePerRequestFilter.java:116) ~[spring-web-6.2.9.jar:6.2.9]
	at org.apache.catalina.core.ApplicationFilterChain.internalDoFilter(ApplicationFilterChain.java:164) ~[tomcat-embed-core-10.1.43.jar:10.1.43]
	at org.apache.catalina.core.ApplicationFilterChain.doFilter(ApplicationFilterChain.java:140) ~[tomcat-embed-core-10.1.43.jar:10.1.43]
	at org.apache.catalina.core.StandardWrapperValve.invoke(StandardWrapperValve.java:167) ~[tomcat-embed-core-10.1.43.jar:10.1.43]
	at org.apache.catalina.core.StandardContextValve.invoke(StandardContextValve.java:90) ~[tomcat-embed-core-10.1.43.jar:10.1.43]
	at org.apache.catalina.authenticator.AuthenticatorBase.invoke(AuthenticatorBase.java:483) ~[tomcat-embed-core-10.1.43.jar:10.1.43]
	at org.apache.catalina.core.StandardHostValve.invoke(StandardHostValve.java:116) ~[tomcat-embed-core-10.1.43.jar:10.1.43]
	at org.apache.catalina.valves.ErrorReportValve.invoke(ErrorReportValve.java:93) ~[tomcat-embed-core-10.1.43.jar:10.1.43]
	at org.apache.catalina.core.StandardEngineValve.invoke(StandardEngineValve.java:74) ~[tomcat-embed-core-10.1.43.jar:10.1.43]
	at org.apache.catalina.connector.CoyoteAdapter.service(CoyoteAdapter.java:344) ~[tomcat-embed-core-10.1.43.jar:10.1.43]
	at org.apache.coyote.http11.Http11Processor.service(Http11Processor.java:398) ~[tomcat-embed-core-10.1.43.jar:10.1.43]
	at org.apache.coyote.AbstractProcessorLight.process(AbstractProcessorLight.java:63) ~[tomcat-embed-core-10.1.43.jar:10.1.43]
	at org.apache.coyote.AbstractProtocol$ConnectionHandler.process(AbstractProtocol.java:903) ~[tomcat-embed-core-10.1.43.jar:10.1.43]
	at org.apache.tomcat.util.net.NioEndpoint$SocketProcessor.doRun(NioEndpoint.java:1769) ~[tomcat-embed-core-10.1.43.jar:10.1.43]
	at org.apache.tomcat.util.net.SocketProcessorBase.run(SocketProcessorBase.java:52) ~[tomcat-embed-core-10.1.43.jar:10.1.43]
	at org.apache.tomcat.util.threads.ThreadPoolExecutor.runWorker(ThreadPoolExecutor.java:1189) ~[tomcat-embed-core-10.1.43.jar:10.1.43]
	at org.apache.tomcat.util.threads.ThreadPoolExecutor$Worker.run(ThreadPoolExecutor.java:658) ~[tomcat-embed-core-10.1.43.jar:10.1.43]
	at org.apache.tomcat.util.threads.TaskThread$WrappingRunnable.run(TaskThread.java:63) ~[tomcat-embed-core-10.1.43.jar:10.1.43]
	at java.base/java.lang.Thread.run(Thread.java:833) ~[na:na]

2025-08-26T22:45:43.420+09:00  WARN 15028 --- [MySpringBootLab] [http-nio-8080-exec-2] .w.s.m.s.DefaultHandlerExceptionResolver : Resolved [org.springframework.web.HttpRequestMethodNotSupportedException: Request method 'PUT' is not supported]
2025-08-26T22:46:00.068+09:00  INFO 15028 --- [MySpringBootLab] [SpringApplicationShutdownHook] o.s.b.w.e.tomcat.GracefulShutdown        : Commencing graceful shutdown. Waiting for active requests to complete
2025-08-26T22:46:00.225+09:00  INFO 15028 --- [MySpringBootLab] [tomcat-shutdown] o.s.b.w.e.tomcat.GracefulShutdown        : Graceful shutdown complete
2025-08-26T22:46:00.229+09:00  INFO 15028 --- [MySpringBootLab] [SpringApplicationShutdownHook] j.LocalContainerEntityManagerFactoryBean : Closing JPA EntityManagerFactory for persistence unit 'default'
2025-08-26T22:46:00.231+09:00  INFO 15028 --- [MySpringBootLab] [SpringApplicationShutdownHook] com.zaxxer.hikari.HikariDataSource       : HikariPool-1 - Shutdown initiated...
2025-08-26T22:46:00.231+09:00  INFO 15028 --- [MySpringBootLab] [SpringApplicationShutdownHook] com.zaxxer.hikari.HikariDataSource       : HikariPool-1 - Shutdown completed.
